[debug] [2026-06-03T23:13:00.437Z] ----------------------------------------------------------------------
[debug] [2026-06-03T23:13:00.439Z] Command:       /usr/local/google/home/agektmr/.local/share/mise/installs/node/25.9.0/bin/node /usr/local/google/home/agektmr/Development/webauthndemo/node_modules/.bin/firebase emulators:start --only firestore,auth --project try-webauthn --import=./.data --export-on-exit
[debug] [2026-06-03T23:13:00.440Z] CLI Version:   15.19.0
[debug] [2026-06-03T23:13:00.440Z] Platform:      linux
[debug] [2026-06-03T23:13:00.440Z] Node Version:  v25.9.0
[debug] [2026-06-03T23:13:00.440Z] Time:          Wed Jun 03 2026 23:13:00 GMT+0000 (Coordinated Universal Time)
[debug] [2026-06-03T23:13:00.440Z] ----------------------------------------------------------------------
[debug] 
[debug] [2026-06-03T23:13:00.442Z] >>> [apiv2][query] GET https://firebase-public.firebaseio.com/cli.json [none]
[debug] [2026-06-03T23:13:02.919Z] > command requires scopes: ["email","openid","https://www.googleapis.com/auth/cloudplatformprojects.readonly","https://www.googleapis.com/auth/firebase","https://www.googleapis.com/auth/cloud-platform"]
[debug] [2026-06-03T23:13:02.920Z] > authorizing via signed-in user (agektmr@gmail.com)
[debug] [2026-06-03T23:13:03.210Z] openjdk version "21.0.11" 2026-04-21

[debug] [2026-06-03T23:13:03.210Z] OpenJDK Runtime Environment (build 21.0.11+10-1gl0-Debian)
OpenJDK 64-Bit Server VM (build 21.0.11+10-1gl0-Debian, mixed mode, sharing)

[debug] [2026-06-03T23:13:03.215Z] Parsed Java major version: 21
[info] i  emulators: Starting emulators: auth, firestore {"metadata":{"emulator":{"name":"hub"},"message":"Starting emulators: auth, firestore"}}
[debug] [2026-06-03T23:13:03.220Z] [logging] Logging Emulator only supports listening on one address (127.0.0.1). Not listening on ::1
[debug] [2026-06-03T23:13:03.220Z] [firestore] Firestore Emulator only supports listening on one address (127.0.0.1). Not listening on ::1
[debug] [2026-06-03T23:13:03.221Z] [firestore.websocket] websocket server for firestore only supports listening on one address (127.0.0.1). Not listening on ::1
[debug] [2026-06-03T23:13:03.221Z] assigned listening specs for emulators {"user":{"auth":[{"address":"127.0.0.1","family":"IPv4","port":9099}],"hub":[{"address":"127.0.0.1","family":"IPv4","port":4400},{"address":"::1","family":"IPv6","port":4400}],"ui":[{"address":"127.0.0.1","family":"IPv4","port":4000},{"address":"::1","family":"IPv6","port":4000}],"logging":[{"address":"127.0.0.1","family":"IPv4","port":4500}],"firestore":[{"address":"127.0.0.1","family":"IPv4","port":8081}],"firestore.websocket":[{"address":"127.0.0.1","family":"IPv4","port":9150}]},"metadata":{"message":"assigned listening specs for emulators"}}
[debug] [2026-06-03T23:13:03.225Z] Write emulator hub locator at /tmp/hub-try-webauthn.json
[info] i  firestore: Importing data from /usr/local/google/home/agektmr/Development/webauthndemo/.data/firestore_export/firestore_export.overall_export_metadata {"metadata":{"emulator":{"name":"firestore"},"message":"Importing data from /usr/local/google/home/agektmr/Development/webauthndemo/.data/firestore_export/firestore_export.overall_export_metadata"}}
[debug] [2026-06-03T23:13:03.236Z] Ignoring unsupported arg: auto_download {"metadata":{"emulator":{"name":"firestore"},"message":"Ignoring unsupported arg: auto_download"}}
[debug] [2026-06-03T23:13:03.237Z] Ignoring unsupported arg: single_project_mode_error {"metadata":{"emulator":{"name":"firestore"},"message":"Ignoring unsupported arg: single_project_mode_error"}}
[debug] [2026-06-03T23:13:03.237Z] Starting Firestore Emulator with command {"binary":"java","args":["-Dgoogle.cloud_firestore.debug_log_level=FINE","-Duser.language=en","-jar","/usr/local/google/home/agektmr/.cache/firebase/emulators/cloud-firestore-emulator-v1.21.0.jar","--host","127.0.0.1","--port",8081,"--websocket_port",9150,"--database-edition","standard","--project_id","try-webauthn","--seed_from_export","/usr/local/google/home/agektmr/Development/webauthndemo/.data/firestore_export/firestore_export.overall_export_metadata","--rules","/usr/local/google/home/agektmr/Development/webauthndemo/firestore.rules","--single_project_mode",true],"optionalArgs":["port","webchannel_port","host","rules","websocket_port","database-edition","functions_emulator","seed_from_export","project_id","single_project_mode"],"joinArgs":false,"shell":false,"port":8081} {"metadata":{"emulator":{"name":"firestore"},"message":"Starting Firestore Emulator with command {\"binary\":\"java\",\"args\":[\"-Dgoogle.cloud_firestore.debug_log_level=FINE\",\"-Duser.language=en\",\"-jar\",\"/usr/local/google/home/agektmr/.cache/firebase/emulators/cloud-firestore-emulator-v1.21.0.jar\",\"--host\",\"127.0.0.1\",\"--port\",8081,\"--websocket_port\",9150,\"--database-edition\",\"standard\",\"--project_id\",\"try-webauthn\",\"--seed_from_export\",\"/usr/local/google/home/agektmr/Development/webauthndemo/.data/firestore_export/firestore_export.overall_export_metadata\",\"--rules\",\"/usr/local/google/home/agektmr/Development/webauthndemo/firestore.rules\",\"--single_project_mode\",true],\"optionalArgs\":[\"port\",\"webchannel_port\",\"host\",\"rules\",\"websocket_port\",\"database-edition\",\"functions_emulator\",\"seed_from_export\",\"project_id\",\"single_project_mode\"],\"joinArgs\":false,\"shell\":false,\"port\":8081}"}}
[info] i  firestore: Firestore Emulator logging to firestore-debug.log {"metadata":{"emulator":{"name":"firestore"},"message":"Firestore Emulator logging to \u001b[1mfirestore-debug.log\u001b[22m"}}
[debug] [2026-06-03T23:13:03.248Z] <<< [apiv2][status] GET https://firebase-public.firebaseio.com/cli.json 200
[debug] [2026-06-03T23:13:03.248Z] <<< [apiv2][body] GET https://firebase-public.firebaseio.com/cli.json {"cloudBuildErrorAfter":1594252800000,"cloudBuildWarnAfter":1590019200000,"defaultNode10After":1594252800000,"minVersion":"3.0.5","node8DeploysDisabledAfter":1613390400000,"node8RuntimeDisabledAfter":1615809600000,"node8WarnAfter":1600128000000}
[debug] [2026-06-03T23:13:05.789Z] Jun 03, 2026 11:13:05 PM com.google.cloud.datastore.emulator.firestore.websocket.WebSocketServer start
INFO: Started WebSocket server on ws://127.0.0.1:9150
 {"metadata":{"emulator":{"name":"firestore"},"message":"Jun 03, 2026 11:13:05 PM com.google.cloud.datastore.emulator.firestore.websocket.WebSocketServer start\nINFO: Started WebSocket server on ws://127.0.0.1:9150\n"}}
[debug] [2026-06-03T23:13:05.835Z] 
API endpoint: http://127.0.0.1:8081 {"metadata":{"emulator":{"name":"firestore"},"message":"\nAPI endpoint: http://127.0.0.1:8081"}}
[debug] [2026-06-03T23:13:05.836Z] 
Database Edition: STANDARD
Database Mode: CLOUD_FIRESTORE

If you are using a library that supports the FIRESTORE_EMULATOR_HOST environment variable, run:

   export FIRESTORE_EMULATOR_HOST=127.0.0.1:8081

If you are running a Firestore in Datastore Mode project, run:

   export DATASTORE_EMULATOR_HOST=127.0.0.1:8081

Note: Support for Datastore Mode is in preview. If you encounter any bugs please file at https://github.com/firebase/firebase-tools/issues.
Dev App Server is now running.

 {"metadata":{"emulator":{"name":"firestore"},"message":"\nDatabase Edition: STANDARD\nDatabase Mode: CLOUD_FIRESTORE\n\nIf you are using a library that supports the FIRESTORE_EMULATOR_HOST environment variable, run:\n\n   export FIRESTORE_EMULATOR_HOST=127.0.0.1:8081\n\nIf you are running a Firestore in Datastore Mode project, run:\n\n   export DATASTORE_EMULATOR_HOST=127.0.0.1:8081\n\nNote: Support for Datastore Mode is in preview. If you encounter any bugs please file at https://github.com/firebase/firebase-tools/issues.\nDev App Server is now running.\n\n"}}
[info] ✔  firestore: Firestore Emulator was started in standard edition. {"metadata":{"emulator":{"name":"firestore"},"message":"Firestore Emulator was started in standard edition."}}
[info] ✔  firestore: Firestore Emulator UI websocket is running on 9150. {"metadata":{"emulator":{"name":"firestore"},"message":"Firestore Emulator UI websocket is running on 9150."}}
[info] i  auth: Importing config from /usr/local/google/home/agektmr/Development/webauthndemo/.data/auth_export/config.json {"metadata":{"emulator":{"name":"auth"},"message":"Importing config from /usr/local/google/home/agektmr/Development/webauthndemo/.data/auth_export/config.json"}}
[info] i  auth: Importing accounts from /usr/local/google/home/agektmr/Development/webauthndemo/.data/auth_export/accounts.json {"metadata":{"emulator":{"name":"auth"},"message":"Importing accounts from /usr/local/google/home/agektmr/Development/webauthndemo/.data/auth_export/accounts.json"}}
[debug] [2026-06-03T23:13:11.565Z] Could not find VSCode notification endpoint: FetchError: request to http://localhost:40001/vscode/notify failed, reason: . If you are not running the Firebase SQL Connect VSCode extension, this is expected and not an issue.
[info] 
┌─────────────────────────────────────────────────────────────┐
│ ✔  All emulators ready! It is now safe to connect your app. │
│ i  View Emulator UI at http://127.0.0.1:4000/               │
└─────────────────────────────────────────────────────────────┘

┌────────────────┬────────────────┬─────────────────────────────────┐
│ Emulator       │ Host:Port      │ View in Emulator UI             │
├────────────────┼────────────────┼─────────────────────────────────┤
│ Authentication │ 127.0.0.1:9099 │ http://127.0.0.1:4000/auth      │
├────────────────┼────────────────┼─────────────────────────────────┤
│ Firestore      │ 127.0.0.1:8081 │ http://127.0.0.1:4000/firestore │
└────────────────┴────────────────┴─────────────────────────────────┘
  Emulator Hub host: 127.0.0.1 port: 4400
  Other reserved ports: 4500, 9150

Issues? Report them at https://github.com/firebase/firebase-tools/issues and attach the *-debug.log files.
 
[debug] [2026-06-03T23:13:27.636Z] Jun 03, 2026 11:13:27 PM io.gapi.emulators.netty.HttpVersionRoutingHandler channelRead
INFO: Detected HTTP/2 connection.
 {"metadata":{"emulator":{"name":"firestore"},"message":"Jun 03, 2026 11:13:27 PM io.gapi.emulators.netty.HttpVersionRoutingHandler channelRead\nINFO: Detected HTTP/2 connection.\n"}}
[debug] [2026-06-03T23:13:27.712Z] Jun 03, 2026 11:13:27 PM io.grpc.netty.TcpMetrics loadEpollInfo
INFO: Epoll available during static init of TcpMetrics:false
 {"metadata":{"emulator":{"name":"firestore"},"message":"Jun 03, 2026 11:13:27 PM io.grpc.netty.TcpMetrics loadEpollInfo\nINFO: Epoll available during static init of TcpMetrics:false\n"}}
[debug] [2026-06-03T23:27:06.991Z] Jun 03, 2026 11:27:06 PM io.gapi.emulators.netty.HttpVersionRoutingHandler channelRead
INFO: Detected HTTP/2 connection.
 {"metadata":{"emulator":{"name":"firestore"},"message":"Jun 03, 2026 11:27:06 PM io.gapi.emulators.netty.HttpVersionRoutingHandler channelRead\nINFO: Detected HTTP/2 connection.\n"}}
[debug] [2026-06-04T03:43:53.476Z] Received signal SIGHUP 1
[info]  
[info] i  emulators: Received SIGHUP for the first time. Starting a clean shutdown. 
[info] i  emulators: Please wait for a clean shutdown or send the SIGHUP signal again to stop right now. 
[info] i  Automatically exporting data using --export-on-exit "./.data" please wait for the export to finish... 
[debug] [2026-06-04T03:43:53.499Z] Found emulator hub locator: {"version":"15.19.0","origins":["http://127.0.0.1:4400","http://[::1]:4400"],"pid":546118}
[debug] [2026-06-04T03:43:53.503Z] >>> [apiv2][query] GET http://127.0.0.1:4400/ [none]
[debug] [2026-06-04T03:43:53.516Z] Error: write EIO
    at afterWriteDispatched (node:internal/stream_base_commons:159:15)
    at writeGeneric (node:internal/stream_base_commons:150:3)
    at Socket._writeGeneric (node:net:1025:11)
    at Socket._write (node:net:1037:8)
    at writeOrBuffer (node:internal/streams/writable:570:12)
    at _write (node:internal/streams/writable:499:10)
    at Writable.write (node:internal/streams/writable:508:10)
    at Console.log (/usr/local/google/home/agektmr/Development/webauthndemo/node_modules/firebase-tools/node_modules/winston/lib/winston/transports/console.js:79:23)
    at Console._write (/usr/local/google/home/agektmr/Development/webauthndemo/node_modules/firebase-tools/node_modules/winston-transport/index.js:103:17)
    at doWrite (/usr/local/google/home/agektmr/Development/webauthndemo/node_modules/firebase-tools/node_modules/winston-transport/node_modules/readable-stream/lib/_stream_writable.js:428:64)
[error] 
[error] Error: An unexpected error has occurred.
[debug] [2026-06-04T03:43:53.519Z] Error: write EIO
    at afterWriteDispatched (node:internal/stream_base_commons:159:15)
    at writeGeneric (node:internal/stream_base_commons:150:3)
    at Socket._writeGeneric (node:net:1025:11)
    at Socket._write (node:net:1037:8)
    at writeOrBuffer (node:internal/streams/writable:570:12)
    at _write (node:internal/streams/writable:499:10)
    at Writable.write (node:internal/streams/writable:508:10)
    at Console.log (/usr/local/google/home/agektmr/Development/webauthndemo/node_modules/firebase-tools/node_modules/winston/lib/winston/transports/console.js:79:23)
    at Console._write (/usr/local/google/home/agektmr/Development/webauthndemo/node_modules/firebase-tools/node_modules/winston-transport/index.js:103:17)
    at doWrite (/usr/local/google/home/agektmr/Development/webauthndemo/node_modules/firebase-tools/node_modules/winston-transport/node_modules/readable-stream/lib/_stream_writable.js:428:64)
[error] 
[error] Error: An unexpected error has occurred.
[debug] [2026-06-04T03:43:53.526Z] Error: write EIO
    at afterWriteDispatched (node:internal/stream_base_commons:159:15)
    at writeGeneric (node:internal/stream_base_commons:150:3)
    at Socket._writeGeneric (node:net:1025:11)
    at Socket._write (node:net:1037:8)
    at writeOrBuffer (node:internal/streams/writable:570:12)
    at _write (node:internal/streams/writable:499:10)
    at Writable.write (node:internal/streams/writable:508:10)
    at Console.log (/usr/local/google/home/agektmr/Development/webauthndemo/node_modules/firebase-tools/node_modules/winston/lib/winston/transports/console.js:79:23)
    at Console._write (/usr/local/google/home/agektmr/Development/webauthndemo/node_modules/firebase-tools/node_modules/winston-transport/index.js:103:17)
    at doWrite (/usr/local/google/home/agektmr/Development/webauthndemo/node_modules/firebase-tools/node_modules/winston-transport/node_modules/readable-stream/lib/_stream_writable.js:428:64)
[error] 
[error] Error: An unexpected error has occurred.
[debug] [2026-06-04T03:43:53.527Z] Error: write EIO
    at afterWriteDispatched (node:internal/stream_base_commons:159:15)
    at writeGeneric (node:internal/stream_base_commons:150:3)
    at Socket._writeGeneric (node:net:1025:11)
    at Socket._write (node:net:1037:8)
    at writeOrBuffer (node:internal/streams/writable:570:12)
    at _write (node:internal/streams/writable:499:10)
    at Writable.write (node:internal/streams/writable:508:10)
    at Console.log (/usr/local/google/home/agektmr/Development/webauthndemo/node_modules/firebase-tools/node_modules/winston/lib/winston/transports/console.js:79:23)
    at Console._write (/usr/local/google/home/agektmr/Development/webauthndemo/node_modules/firebase-tools/node_modules/winston-transport/index.js:103:17)
    at doWrite (/usr/local/google/home/agektmr/Development/webauthndemo/node_modules/firebase-tools/node_modules/winston-transport/node_modules/readable-stream/lib/_stream_writable.js:428:64)
[error] 
[error] Error: An unexpected error has occurred.
[debug] [2026-06-04T03:43:53.528Z] Error: write EIO
    at afterWriteDispatched (node:internal/stream_base_commons:159:15)
    at writeGeneric (node:internal/stream_base_commons:150:3)
    at Socket._writeGeneric (node:net:1025:11)
    at Socket._write (node:net:1037:8)
    at writeOrBuffer (node:internal/streams/writable:570:12)
    at _write (node:internal/streams/writable:499:10)
    at Writable.write (node:internal/streams/writable:508:10)
    at Console.log (/usr/local/google/home/agektmr/Development/webauthndemo/node_modules/firebase-tools/node_modules/winston/lib/winston/transports/console.js:79:23)
    at Console._write (/usr/local/google/home/agektmr/Development/webauthndemo/node_modules/firebase-tools/node_modules/winston-transport/index.js:103:17)
    at doWrite (/usr/local/google/home/agektmr/Development/webauthndemo/node_modules/firebase-tools/node_modules/winston-transport/node_modules/readable-stream/lib/_stream_writable.js:428:64)
[error] 
[error] Error: An unexpected error has occurred.
[debug] [2026-06-04T03:43:53.529Z] Error: write EIO
    at afterWriteDispatched (node:internal/stream_base_commons:159:15)
    at writeGeneric (node:internal/stream_base_commons:150:3)
    at Socket._writeGeneric (node:net:1025:11)
    at Socket._write (node:net:1037:8)
    at writeOrBuffer (node:internal/streams/writable:570:12)
    at _write (node:internal/streams/writable:499:10)
    at Writable.write (node:internal/streams/writable:508:10)
    at Console.log (/usr/local/google/home/agektmr/Development/webauthndemo/node_modules/firebase-tools/node_modules/winston/lib/winston/transports/console.js:79:23)
    at Console._write (/usr/local/google/home/agektmr/Development/webauthndemo/node_modules/firebase-tools/node_modules/winston-transport/index.js:103:17)
    at doWrite (/usr/local/google/home/agektmr/Development/webauthndemo/node_modules/firebase-tools/node_modules/winston-transport/node_modules/readable-stream/lib/_stream_writable.js:428:64)
[error] 
[error] Error: An unexpected error has occurred.
[debug] [2026-06-04T03:43:53.529Z] Error: write EIO
    at afterWriteDispatched (node:internal/stream_base_commons:159:15)
    at writeGeneric (node:internal/stream_base_commons:150:3)
    at Socket._writeGeneric (node:net:1025:11)
    at Socket._write (node:net:1037:8)
    at writeOrBuffer (node:internal/streams/writable:570:12)
    at _write (node:internal/streams/writable:499:10)
    at Writable.write (node:internal/streams/writable:508:10)
    at Console.log (/usr/local/google/home/agektmr/Development/webauthndemo/node_modules/firebase-tools/node_modules/winston/lib/winston/transports/console.js:79:23)
    at Console._write (/usr/local/google/home/agektmr/Development/webauthndemo/node_modules/firebase-tools/node_modules/winston-transport/index.js:103:17)
    at doWrite (/usr/local/google/home/agektmr/Development/webauthndemo/node_modules/firebase-tools/node_modules/winston-transport/node_modules/readable-stream/lib/_stream_writable.js:428:64)
[error] 
[error] Error: An unexpected error has occurred.
[debug] [2026-06-04T03:43:53.530Z] Error: write EIO
    at afterWriteDispatched (node:internal/stream_base_commons:159:15)
    at writeGeneric (node:internal/stream_base_commons:150:3)
    at Socket._writeGeneric (node:net:1025:11)
    at Socket._write (node:net:1037:8)
    at writeOrBuffer (node:internal/streams/writable:570:12)
    at _write (node:internal/streams/writable:499:10)
    at Writable.write (node:internal/streams/writable:508:10)
    at Console.log (/usr/local/google/home/agektmr/Development/webauthndemo/node_modules/firebase-tools/node_modules/winston/lib/winston/transports/console.js:79:23)
    at Console._write (/usr/local/google/home/agektmr/Development/webauthndemo/node_modules/firebase-tools/node_modules/winston-transport/index.js:103:17)
    at doWrite (/usr/local/google/home/agektmr/Development/webauthndemo/node_modules/firebase-tools/node_modules/winston-transport/node_modules/readable-stream/lib/_stream_writable.js:428:64)
[error] 
[error] Error: An unexpected error has occurred.
[debug] [2026-06-04T03:43:53.530Z] Error: write EIO
    at afterWriteDispatched (node:internal/stream_base_commons:159:15)
    at writeGeneric (node:internal/stream_base_commons:150:3)
    at Socket._writeGeneric (node:net:1025:11)
    at Socket._write (node:net:1037:8)
    at writeOrBuffer (node:internal/streams/writable:570:12)
    at _write (node:internal/streams/writable:499:10)
    at Writable.write (node:internal/streams/writable:508:10)
    at Console.log (/usr/local/google/home/agektmr/Development/webauthndemo/node_modules/firebase-tools/node_modules/winston/lib/winston/transports/console.js:79:23)
    at Console._write (/usr/local/google/home/agektmr/Development/webauthndemo/node_modules/firebase-tools/node_modules/winston-transport/index.js:103:17)
    at doWrite (/usr/local/google/home/agektmr/Development/webauthndemo/node_modules/firebase-tools/node_modules/winston-transport/node_modules/readable-stream/lib/_stream_writable.js:428:64)
[error] 
[error] Error: An unexpected error has occurred.
[debug] [2026-06-04T03:43:53.531Z] Error: write EIO
    at afterWriteDispatched (node:internal/stream_base_commons:159:15)
    at writeGeneric (node:internal/stream_base_commons:150:3)
    at Socket._writeGeneric (node:net:1025:11)
    at Socket._write (node:net:1037:8)
    at writeOrBuffer (node:internal/streams/writable:570:12)
    at _write (node:internal/streams/writable:499:10)
    at Writable.write (node:internal/streams/writable:508:10)
    at Console.log (/usr/local/google/home/agektmr/Development/webauthndemo/node_modules/firebase-tools/node_modules/winston/lib/winston/transports/console.js:79:23)
    at Console._write (/usr/local/google/home/agektmr/Development/webauthndemo/node_modules/firebase-tools/node_modules/winston-transport/index.js:103:17)
    at doWrite (/usr/local/google/home/agektmr/Development/webauthndemo/node_modules/firebase-tools/node_modules/winston-transport/node_modules/readable-stream/lib/_stream_writable.js:428:64)
[error] 
[error] Error: An unexpected error has occurred.
[debug] [2026-06-04T03:43:53.532Z] Error: write EIO
    at afterWriteDispatched (node:internal/stream_base_commons:159:15)
    at writeGeneric (node:internal/stream_base_commons:150:3)
    at Socket._writeGeneric (node:net:1025:11)
    at Socket._write (node:net:1037:8)
    at writeOrBuffer (node:internal/streams/writable:570:12)
    at _write (node:internal/streams/writable:499:10)
    at Writable.write (node:internal/streams/writable:508:10)
    at Console.log (/usr/local/google/home/agektmr/Development/webauthndemo/node_modules/firebase-tools/node_modules/winston/lib/winston/transports/console.js:79:23)
    at Console._write (/usr/local/google/home/agektmr/Development/webauthndemo/node_modules/firebase-tools/node_modules/winston-transport/index.js:103:17)
    at doWrite (/usr/local/google/home/agektmr/Development/webauthndemo/node_modules/firebase-tools/node_modules/winston-transport/node_modules/readable-stream/lib/_stream_writable.js:428:64)
[error] 
[error] Error: An unexpected error has occurred.
[debug] [2026-06-04T03:43:53.533Z] Error: write EIO
    at afterWriteDispatched (node:internal/stream_base_commons:159:15)
    at writeGeneric (node:internal/stream_base_commons:150:3)
    at Socket._writeGeneric (node:net:1025:11)
    at Socket._write (node:net:1037:8)
    at writeOrBuffer (node:internal/streams/writable:570:12)
    at _write (node:internal/streams/writable:499:10)
    at Writable.write (node:internal/streams/writable:508:10)
    at Console.log (/usr/local/google/home/agektmr/Development/webauthndemo/node_modules/firebase-tools/node_modules/winston/lib/winston/transports/console.js:79:23)
    at Console._write (/usr/local/google/home/agektmr/Development/webauthndemo/node_modules/firebase-tools/node_modules/winston-transport/index.js:103:17)
    at doWrite (/usr/local/google/home/agektmr/Development/webauthndemo/node_modules/firebase-tools/node_modules/winston-transport/node_modules/readable-stream/lib/_stream_writable.js:428:64)
[error] 
[error] Error: An unexpected error has occurred.
[debug] [2026-06-04T03:43:53.533Z] Error: write EIO
    at afterWriteDispatched (node:internal/stream_base_commons:159:15)
    at writeGeneric (node:internal/stream_base_commons:150:3)
    at Socket._writeGeneric (node:net:1025:11)
    at Socket._write (node:net:1037:8)
    at writeOrBuffer (node:internal/streams/writable:570:12)
    at _write (node:internal/streams/writable:499:10)
    at Writable.write (node:internal/streams/writable:508:10)
    at Console.log (/usr/local/google/home/agektmr/Development/webauthndemo/node_modules/firebase-tools/node_modules/winston/lib/winston/transports/console.js:79:23)
    at Console._write (/usr/local/google/home/agektmr/Development/webauthndemo/node_modules/firebase-tools/node_modules/winston-transport/index.js:103:17)
    at doWrite (/usr/local/google/home/agektmr/Development/webauthndemo/node_modules/firebase-tools/node_modules/winston-transport/node_modules/readable-stream/lib/_stream_writable.js:428:64)
[error] 
[error] Error: An unexpected error has occurred.
[debug] [2026-06-04T03:43:53.534Z] Error: write EIO
    at afterWriteDispatched (node:internal/stream_base_commons:159:15)
    at writeGeneric (node:internal/stream_base_commons:150:3)
    at Socket._writeGeneric (node:net:1025:11)
    at Socket._write (node:net:1037:8)
    at writeOrBuffer (node:internal/streams/writable:570:12)
    at _write (node:internal/streams/writable:499:10)
    at Writable.write (node:internal/streams/writable:508:10)
    at Console.log (/usr/local/google/home/agektmr/Development/webauthndemo/node_modules/firebase-tools/node_modules/winston/lib/winston/transports/console.js:79:23)
    at Console._write (/usr/local/google/home/agektmr/Development/webauthndemo/node_modules/firebase-tools/node_modules/winston-transport/index.js:103:17)
    at doWrite (/usr/local/google/home/agektmr/Development/webauthndemo/node_modules/firebase-tools/node_modules/winston-transport/node_modules/readable-stream/lib/_stream_writable.js:428:64)
[error] 
[error] Error: An unexpected error has occurred.
[debug] [2026-06-04T03:43:53.534Z] Error: write EIO
    at afterWriteDispatched (node:internal/stream_base_commons:159:15)
    at writeGeneric (node:internal/stream_base_commons:150:3)
    at Socket._writeGeneric (node:net:1025:11)
    at Socket._write (node:net:1037:8)
    at writeOrBuffer (node:internal/streams/writable:570:12)
    at _write (node:internal/streams/writable:499:10)
    at Writable.write (node:internal/streams/writable:508:10)
    at Console.log (/usr/local/google/home/agektmr/Development/webauthndemo/node_modules/firebase-tools/node_modules/winston/lib/winston/transports/console.js:79:23)
    at Console._write (/usr/local/google/home/agektmr/Development/webauthndemo/node_modules/firebase-tools/node_modules/winston-transport/index.js:103:17)
    at doWrite (/usr/local/google/home/agektmr/Development/webauthndemo/node_modules/firebase-tools/node_modules/winston-transport/node_modules/readable-stream/lib/_stream_writable.js:428:64)
[error] 
[error] Error: An unexpected error has occurred.
[debug] [2026-06-04T03:43:53.535Z] Error: write EIO
    at afterWriteDispatched (node:internal/stream_base_commons:159:15)
    at writeGeneric (node:internal/stream_base_commons:150:3)
    at Socket._writeGeneric (node:net:1025:11)
    at Socket._write (node:net:1037:8)
    at writeOrBuffer (node:internal/streams/writable:570:12)
    at _write (node:internal/streams/writable:499:10)
    at Writable.write (node:internal/streams/writable:508:10)
    at Console.log (/usr/local/google/home/agektmr/Development/webauthndemo/node_modules/firebase-tools/node_modules/winston/lib/winston/transports/console.js:79:23)
    at Console._write (/usr/local/google/home/agektmr/Development/webauthndemo/node_modules/firebase-tools/node_modules/winston-transport/index.js:103:17)
    at doWrite (/usr/local/google/home/agektmr/Development/webauthndemo/node_modules/firebase-tools/node_modules/winston-transport/node_modules/readable-stream/lib/_stream_writable.js:428:64)
[error] 
[error] Error: An unexpected error has occurred.
[debug] [2026-06-04T03:43:53.535Z] Error: write EIO
    at afterWriteDispatched (node:internal/stream_base_commons:159:15)
    at writeGeneric (node:internal/stream_base_commons:150:3)
    at Socket._writeGeneric (node:net:1025:11)
    at Socket._write (node:net:1037:8)
    at writeOrBuffer (node:internal/streams/writable:570:12)
    at _write (node:internal/streams/writable:499:10)
    at Writable.write (node:internal/streams/writable:508:10)
    at Console.log (/usr/local/google/home/agektmr/Development/webauthndemo/node_modules/firebase-tools/node_modules/winston/lib/winston/transports/console.js:79:23)
    at Console._write (/usr/local/google/home/agektmr/Development/webauthndemo/node_modules/firebase-tools/node_modules/winston-transport/index.js:103:17)
    at doWrite (/usr/local/google/home/agektmr/Development/webauthndemo/node_modules/firebase-tools/node_modules/winston-transport/node_modules/readable-stream/lib/_stream_writable.js:428:64)
[error] 
[error] Error: An unexpected error has occurred.
[debug] [2026-06-04T03:43:53.536Z] Error: write EIO
    at afterWriteDispatched (node:internal/stream_base_commons:159:15)
    at writeGeneric (node:internal/stream_base_commons:150:3)
    at Socket._writeGeneric (node:net:1025:11)
    at Socket._write (node:net:1037:8)
    at writeOrBuffer (node:internal/streams/writable:570:12)
    at _write (node:internal/streams/writable:499:10)
    at Writable.write (node:internal/streams/writable:508:10)
    at Console.log (/usr/local/google/home/agektmr/Development/webauthndemo/node_modules/firebase-tools/node_modules/winston/lib/winston/transports/console.js:79:23)
    at Console._write (/usr/local/google/home/agektmr/Development/webauthndemo/node_modules/firebase-tools/node_modules/winston-transport/index.js:103:17)
    at doWrite (/usr/local/google/home/agektmr/Development/webauthndemo/node_modules/firebase-tools/node_modules/winston-transport/node_modules/readable-stream/lib/_stream_writable.js:428:64)
[error] 
[error] Error: An unexpected error has occurred.
[debug] [2026-06-04T03:43:53.537Z] Error: write EIO
    at afterWriteDispatched (node:internal/stream_base_commons:159:15)
    at writeGeneric (node:internal/stream_base_commons:150:3)
    at Socket._writeGeneric (node:net:1025:11)
    at Socket._write (node:net:1037:8)
    at writeOrBuffer (node:internal/streams/writable:570:12)
    at _write (node:internal/streams/writable:499:10)
    at Writable.write (node:internal/streams/writable:508:10)
    at Console.log (/usr/local/google/home/agektmr/Development/webauthndemo/node_modules/firebase-tools/node_modules/winston/lib/winston/transports/console.js:79:23)
    at Console._write (/usr/local/google/home/agektmr/Development/webauthndemo/node_modules/firebase-tools/node_modules/winston-transport/index.js:103:17)
    at doWrite (/usr/local/google/home/agektmr/Development/webauthndemo/node_modules/firebase-tools/node_modules/winston-transport/node_modules/readable-stream/lib/_stream_writable.js:428:64)
[error] 
[error] Error: An unexpected error has occurred.
[debug] [2026-06-04T03:43:53.537Z] Error: write EIO
    at afterWriteDispatched (node:internal/stream_base_commons:159:15)
    at writeGeneric (node:internal/stream_base_commons:150:3)
    at Socket._writeGeneric (node:net:1025:11)
    at Socket._write (node:net:1037:8)
    at writeOrBuffer (node:internal/streams/writable:570:12)
    at _write (node:internal/streams/writable:499:10)
    at Writable.write (node:internal/streams/writable:508:10)
    at Console.log (/usr/local/google/home/agektmr/Development/webauthndemo/node_modules/firebase-tools/node_modules/winston/lib/winston/transports/console.js:79:23)
    at Console._write (/usr/local/google/home/agektmr/Development/webauthndemo/node_modules/firebase-tools/node_modules/winston-transport/index.js:103:17)
    at doWrite (/usr/local/google/home/agektmr/Development/webauthndemo/node_modules/firebase-tools/node_modules/winston-transport/node_modules/readable-stream/lib/_stream_writable.js:428:64)
[error] 
[error] Error: An unexpected error has occurred.
[debug] [2026-06-04T03:43:53.538Z] Error: write EIO
    at afterWriteDispatched (node:internal/stream_base_commons:159:15)
    at writeGeneric (node:internal/stream_base_commons:150:3)
    at Socket._writeGeneric (node:net:1025:11)
    at Socket._write (node:net:1037:8)
    at writeOrBuffer (node:internal/streams/writable:570:12)
    at _write (node:internal/streams/writable:499:10)
    at Writable.write (node:internal/streams/writable:508:10)
    at Console.log (/usr/local/google/home/agektmr/Development/webauthndemo/node_modules/firebase-tools/node_modules/winston/lib/winston/transports/console.js:79:23)
    at Console._write (/usr/local/google/home/agektmr/Development/webauthndemo/node_modules/firebase-tools/node_modules/winston-transport/index.js:103:17)
    at doWrite (/usr/local/google/home/agektmr/Development/webauthndemo/node_modules/firebase-tools/node_modules/winston-transport/node_modules/readable-stream/lib/_stream_writable.js:428:64)
[error] 
[error] Error: An unexpected error has occurred.
[debug] [2026-06-04T03:43:53.539Z] Error: write EIO
    at afterWriteDispatched (node:internal/stream_base_commons:159:15)
    at writeGeneric (node:internal/stream_base_commons:150:3)
    at Socket._writeGeneric (node:net:1025:11)
    at Socket._write (node:net:1037:8)
    at writeOrBuffer (node:internal/streams/writable:570:12)
    at _write (node:internal/streams/writable:499:10)
    at Writable.write (node:internal/streams/writable:508:10)
    at Console.log (/usr/local/google/home/agektmr/Development/webauthndemo/node_modules/firebase-tools/node_modules/winston/lib/winston/transports/console.js:79:23)
    at Console._write (/usr/local/google/home/agektmr/Development/webauthndemo/node_modules/firebase-tools/node_modules/winston-transport/index.js:103:17)
    at doWrite (/usr/local/google/home/agektmr/Development/webauthndemo/node_modules/firebase-tools/node_modules/winston-transport/node_modules/readable-stream/lib/_stream_writable.js:428:64)
[error] 
[error] Error: An unexpected error has occurred.
[debug] [2026-06-04T03:43:53.540Z] Error: write EIO
    at afterWriteDispatched (node:internal/stream_base_commons:159:15)
    at writeGeneric (node:internal/stream_base_commons:150:3)
    at Socket._writeGeneric (node:net:1025:11)
    at Socket._write (node:net:1037:8)
    at writeOrBuffer (node:internal/streams/writable:570:12)
    at _write (node:internal/streams/writable:499:10)
    at Writable.write (node:internal/streams/writable:508:10)
    at Console.log (/usr/local/google/home/agektmr/Development/webauthndemo/node_modules/firebase-tools/node_modules/winston/lib/winston/transports/console.js:79:23)
    at Console._write (/usr/local/google/home/agektmr/Development/webauthndemo/node_modules/firebase-tools/node_modules/winston-transport/index.js:103:17)
    at doWrite (/usr/local/google/home/agektmr/Development/webauthndemo/node_modules/firebase-tools/node_modules/winston-transport/node_modules/readable-stream/lib/_stream_writable.js:428:64)
[error] 
[error] Error: An unexpected error has occurred.
[debug] [2026-06-04T03:43:53.541Z] Error: write EIO
    at afterWriteDispatched (node:internal/stream_base_commons:159:15)
    at writeGeneric (node:internal/stream_base_commons:150:3)
    at Socket._writeGeneric (node:net:1025:11)
    at Socket._write (node:net:1037:8)
    at writeOrBuffer (node:internal/streams/writable:570:12)
    at _write (node:internal/streams/writable:499:10)
    at Writable.write (node:internal/streams/writable:508:10)
    at Console.log (/usr/local/google/home/agektmr/Development/webauthndemo/node_modules/firebase-tools/node_modules/winston/lib/winston/transports/console.js:79:23)
    at Console._write (/usr/local/google/home/agektmr/Development/webauthndemo/node_modules/firebase-tools/node_modules/winston-transport/index.js:103:17)
    at doWrite (/usr/local/google/home/agektmr/Development/webauthndemo/node_modules/firebase-tools/node_modules/winston-transport/node_modules/readable-stream/lib/_stream_writable.js:428:64)
[error] 
[error] Error: An unexpected error has occurred.
[debug] [2026-06-04T03:43:53.542Z] Error: write EIO
    at afterWriteDispatched (node:internal/stream_base_commons:159:15)
    at writeGeneric (node:internal/stream_base_commons:150:3)
    at Socket._writeGeneric (node:net:1025:11)
    at Socket._write (node:net:1037:8)
    at writeOrBuffer (node:internal/streams/writable:570:12)
    at _write (node:internal/streams/writable:499:10)
    at Writable.write (node:internal/streams/writable:508:10)
    at Console.log (/usr/local/google/home/agektmr/Development/webauthndemo/node_modules/firebase-tools/node_modules/winston/lib/winston/transports/console.js:79:23)
    at Console._write (/usr/local/google/home/agektmr/Development/webauthndemo/node_modules/firebase-tools/node_modules/winston-transport/index.js:103:17)
    at doWrite (/usr/local/google/home/agektmr/Development/webauthndemo/node_modules/firebase-tools/node_modules/winston-transport/node_modules/readable-stream/lib/_stream_writable.js:428:64)
[error] 
[error] Error: An unexpected error has occurred.
[debug] [2026-06-04T03:43:53.542Z] Error: write EIO
    at afterWriteDispatched (node:internal/stream_base_commons:159:15)
    at writeGeneric (node:internal/stream_base_commons:150:3)
    at Socket._writeGeneric (node:net:1025:11)
    at Socket._write (node:net:1037:8)
    at writeOrBuffer (node:internal/streams/writable:570:12)
    at _write (node:internal/streams/writable:499:10)
    at Writable.write (node:internal/streams/writable:508:10)
    at Console.log (/usr/local/google/home/agektmr/Development/webauthndemo/node_modules/firebase-tools/node_modules/winston/lib/winston/transports/console.js:79:23)
    at Console._write (/usr/local/google/home/agektmr/Development/webauthndemo/node_modules/firebase-tools/node_modules/winston-transport/index.js:103:17)
    at doWrite (/usr/local/google/home/agektmr/Development/webauthndemo/node_modules/firebase-tools/node_modules/winston-transport/node_modules/readable-stream/lib/_stream_writable.js:428:64)
[error] 
[error] Error: An unexpected error has occurred.
[debug] [2026-06-04T03:43:53.543Z] Error: write EIO
    at afterWriteDispatched (node:internal/stream_base_commons:159:15)
    at writeGeneric (node:internal/stream_base_commons:150:3)
    at Socket._writeGeneric (node:net:1025:11)
    at Socket._write (node:net:1037:8)
    at writeOrBuffer (node:internal/streams/writable:570:12)
    at _write (node:internal/streams/writable:499:10)
    at Writable.write (node:internal/streams/writable:508:10)
    at Console.log (/usr/local/google/home/agektmr/Development/webauthndemo/node_modules/firebase-tools/node_modules/winston/lib/winston/transports/console.js:79:23)
    at Console._write (/usr/local/google/home/agektmr/Development/webauthndemo/node_modules/firebase-tools/node_modules/winston-transport/index.js:103:17)
    at doWrite (/usr/local/google/home/agektmr/Development/webauthndemo/node_modules/firebase-tools/node_modules/winston-transport/node_modules/readable-stream/lib/_stream_writable.js:428:64)
[error] 
[error] Error: An unexpected error has occurred.
[debug] [2026-06-04T03:43:53.543Z] Error: write EIO
    at afterWriteDispatched (node:internal/stream_base_commons:159:15)
    at writeGeneric (node:internal/stream_base_commons:150:3)
    at Socket._writeGeneric (node:net:1025:11)
    at Socket._write (node:net:1037:8)
    at writeOrBuffer (node:internal/streams/writable:570:12)
    at _write (node:internal/streams/writable:499:10)
    at Writable.write (node:internal/streams/writable:508:10)
    at Console.log (/usr/local/google/home/agektmr/Development/webauthndemo/node_modules/firebase-tools/node_modules/winston/lib/winston/transports/console.js:79:23)
    at Console._write (/usr/local/google/home/agektmr/Development/webauthndemo/node_modules/firebase-tools/node_modules/winston-transport/index.js:103:17)
    at doWrite (/usr/local/google/home/agektmr/Development/webauthndemo/node_modules/firebase-tools/node_modules/winston-transport/node_modules/readable-stream/lib/_stream_writable.js:428:64)
[error] 
[error] Error: An unexpected error has occurred.
[debug] [2026-06-04T03:43:53.547Z] Error: write EIO
    at afterWriteDispatched (node:internal/stream_base_commons:159:15)
    at writeGeneric (node:internal/stream_base_commons:150:3)
    at Socket._writeGeneric (node:net:1025:11)
    at Socket._write (node:net:1037:8)
    at writeOrBuffer (node:internal/streams/writable:570:12)
    at _write (node:internal/streams/writable:499:10)
    at Writable.write (node:internal/streams/writable:508:10)
    at Console.log (/usr/local/google/home/agektmr/Development/webauthndemo/node_modules/firebase-tools/node_modules/winston/lib/winston/transports/console.js:79:23)
    at Console._write (/usr/local/google/home/agektmr/Development/webauthndemo/node_modules/firebase-tools/node_modules/winston-transport/index.js:103:17)
    at doWrite (/usr/local/google/home/agektmr/Development/webauthndemo/node_modules/firebase-tools/node_modules/winston-transport/node_modules/readable-stream/lib/_stream_writable.js:428:64)
[error] 
[error] Error: An unexpected error has occurred.
[debug] [2026-06-04T03:43:53.548Z] Error: write EIO
    at afterWriteDispatched (node:internal/stream_base_commons:159:15)
    at writeGeneric (node:internal/stream_base_commons:150:3)
    at Socket._writeGeneric (node:net:1025:11)
    at Socket._write (node:net:1037:8)
    at writeOrBuffer (node:internal/streams/writable:570:12)
    at _write (node:internal/streams/writable:499:10)
    at Writable.write (node:internal/streams/writable:508:10)
    at Console.log (/usr/local/google/home/agektmr/Development/webauthndemo/node_modules/firebase-tools/node_modules/winston/lib/winston/transports/console.js:79:23)
    at Console._write (/usr/local/google/home/agektmr/Development/webauthndemo/node_modules/firebase-tools/node_modules/winston-transport/index.js:103:17)
    at doWrite (/usr/local/google/home/agektmr/Development/webauthndemo/node_modules/firebase-tools/node_modules/winston-transport/node_modules/readable-stream/lib/_stream_writable.js:428:64)
[error] 
[error] Error: An unexpected error has occurred.
[debug] [2026-06-04T03:43:53.548Z] Error: write EIO
    at afterWriteDispatched (node:internal/stream_base_commons:159:15)
    at writeGeneric (node:internal/stream_base_commons:150:3)
    at Socket._writeGeneric (node:net:1025:11)
    at Socket._write (node:net:1037:8)
    at writeOrBuffer (node:internal/streams/writable:570:12)
    at _write (node:internal/streams/writable:499:10)
    at Writable.write (node:internal/streams/writable:508:10)
    at Console.log (/usr/local/google/home/agektmr/Development/webauthndemo/node_modules/firebase-tools/node_modules/winston/lib/winston/transports/console.js:79:23)
    at Console._write (/usr/local/google/home/agektmr/Development/webauthndemo/node_modules/firebase-tools/node_modules/winston-transport/index.js:103:17)
    at doWrite (/usr/local/google/home/agektmr/Development/webauthndemo/node_modules/firebase-tools/node_modules/winston-transport/node_modules/readable-stream/lib/_stream_writable.js:428:64)
[error] 
[error] Error: An unexpected error has occurred.
[debug] [2026-06-04T03:43:53.549Z] Error: write EIO
    at afterWriteDispatched (node:internal/stream_base_commons:159:15)
    at writeGeneric (node:internal/stream_base_commons:150:3)
    at Socket._writeGeneric (node:net:1025:11)
    at Socket._write (node:net:1037:8)
    at writeOrBuffer (node:internal/streams/writable:570:12)
    at _write (node:internal/streams/writable:499:10)
    at Writable.write (node:internal/streams/writable:508:10)
    at Console.log (/usr/local/google/home/agektmr/Development/webauthndemo/node_modules/firebase-tools/node_modules/winston/lib/winston/transports/console.js:79:23)
    at Console._write (/usr/local/google/home/agektmr/Development/webauthndemo/node_modules/firebase-tools/node_modules/winston-transport/index.js:103:17)
    at doWrite (/usr/local/google/home/agektmr/Development/webauthndemo/node_modules/firebase-tools/node_modules/winston-transport/node_modules/readable-stream/lib/_stream_writable.js:428:64)
[error] 
[error] Error: An unexpected error has occurred.
[debug] [2026-06-04T03:43:53.549Z] Error: write EIO
    at afterWriteDispatched (node:internal/stream_base_commons:159:15)
    at writeGeneric (node:internal/stream_base_commons:150:3)
    at Socket._writeGeneric (node:net:1025:11)
    at Socket._write (node:net:1037:8)
    at writeOrBuffer (node:internal/streams/writable:570:12)
    at _write (node:internal/streams/writable:499:10)
    at Writable.write (node:internal/streams/writable:508:10)
    at Console.log (/usr/local/google/home/agektmr/Development/webauthndemo/node_modules/firebase-tools/node_modules/winston/lib/winston/transports/console.js:79:23)
    at Console._write (/usr/local/google/home/agektmr/Development/webauthndemo/node_modules/firebase-tools/node_modules/winston-transport/index.js:103:17)
    at doWrite (/usr/local/google/home/agektmr/Development/webauthndemo/node_modules/firebase-tools/node_modules/winston-transport/node_modules/readable-stream/lib/_stream_writable.js:428:64)
[error] 
[error] Error: An unexpected error has occurred.
[debug] [2026-06-04T03:43:53.550Z] Error: write EIO
    at afterWriteDispatched (node:internal/stream_base_commons:159:15)
    at writeGeneric (node:internal/stream_base_commons:150:3)
    at Socket._writeGeneric (node:net:1025:11)
    at Socket._write (node:net:1037:8)
    at writeOrBuffer (node:internal/streams/writable:570:12)
    at _write (node:internal/streams/writable:499:10)
    at Writable.write (node:internal/streams/writable:508:10)
    at Console.log (/usr/local/google/home/agektmr/Development/webauthndemo/node_modules/firebase-tools/node_modules/winston/lib/winston/transports/console.js:79:23)
    at Console._write (/usr/local/google/home/agektmr/Development/webauthndemo/node_modules/firebase-tools/node_modules/winston-transport/index.js:103:17)
    at doWrite (/usr/local/google/home/agektmr/Development/webauthndemo/node_modules/firebase-tools/node_modules/winston-transport/node_modules/readable-stream/lib/_stream_writable.js:428:64)
[error] 
[error] Error: An unexpected error has occurred.
[debug] [2026-06-04T03:43:53.550Z] Error: write EIO
    at afterWriteDispatched (node:internal/stream_base_commons:159:15)
    at writeGeneric (node:internal/stream_base_commons:150:3)
    at Socket._writeGeneric (node:net:1025:11)
    at Socket._write (node:net:1037:8)
    at writeOrBuffer (node:internal/streams/writable:570:12)
    at _write (node:internal/streams/writable:499:10)
    at Writable.write (node:internal/streams/writable:508:10)
    at Console.log (/usr/local/google/home/agektmr/Development/webauthndemo/node_modules/firebase-tools/node_modules/winston/lib/winston/transports/console.js:79:23)
    at Console._write (/usr/local/google/home/agektmr/Development/webauthndemo/node_modules/firebase-tools/node_modules/winston-transport/index.js:103:17)
    at doWrite (/usr/local/google/home/agektmr/Development/webauthndemo/node_modules/firebase-tools/node_modules/winston-transport/node_modules/readable-stream/lib/_stream_writable.js:428:64)
[error] 
[error] Error: An unexpected error has occurred.
[debug] [2026-06-04T03:43:53.551Z] Error: write EIO
    at afterWriteDispatched (node:internal/stream_base_commons:159:15)
    at writeGeneric (node:internal/stream_base_commons:150:3)
    at Socket._writeGeneric (node:net:1025:11)
    at Socket._write (node:net:1037:8)
    at writeOrBuffer (node:internal/streams/writable:570:12)
    at _write (node:internal/streams/writable:499:10)
    at Writable.write (node:internal/streams/writable:508:10)
    at Console.log (/usr/local/google/home/agektmr/Development/webauthndemo/node_modules/firebase-tools/node_modules/winston/lib/winston/transports/console.js:79:23)
    at Console._write (/usr/local/google/home/agektmr/Development/webauthndemo/node_modules/firebase-tools/node_modules/winston-transport/index.js:103:17)
    at doWrite (/usr/local/google/home/agektmr/Development/webauthndemo/node_modules/firebase-tools/node_modules/winston-transport/node_modules/readable-stream/lib/_stream_writable.js:428:64)
[error] 
[error] Error: An unexpected error has occurred.
[debug] [2026-06-04T03:43:53.551Z] Error: write EIO
    at afterWriteDispatched (node:internal/stream_base_commons:159:15)
    at writeGeneric (node:internal/stream_base_commons:150:3)
    at Socket._writeGeneric (node:net:1025:11)
    at Socket._write (node:net:1037:8)
    at writeOrBuffer (node:internal/streams/writable:570:12)
    at _write (node:internal/streams/writable:499:10)
    at Writable.write (node:internal/streams/writable:508:10)
    at Console.log (/usr/local/google/home/agektmr/Development/webauthndemo/node_modules/firebase-tools/node_modules/winston/lib/winston/transports/console.js:79:23)
    at Console._write (/usr/local/google/home/agektmr/Development/webauthndemo/node_modules/firebase-tools/node_modules/winston-transport/index.js:103:17)
    at doWrite (/usr/local/google/home/agektmr/Development/webauthndemo/node_modules/firebase-tools/node_modules/winston-transport/node_modules/readable-stream/lib/_stream_writable.js:428:64)
[error] 
[error] Error: An unexpected error has occurred.
[debug] [2026-06-04T03:43:53.551Z] Error: write EIO
    at afterWriteDispatched (node:internal/stream_base_commons:159:15)
    at writeGeneric (node:internal/stream_base_commons:150:3)
    at Socket._writeGeneric (node:net:1025:11)
    at Socket._write (node:net:1037:8)
    at writeOrBuffer (node:internal/streams/writable:570:12)
    at _write (node:internal/streams/writable:499:10)
    at Writable.write (node:internal/streams/writable:508:10)
    at Console.log (/usr/local/google/home/agektmr/Development/webauthndemo/node_modules/firebase-tools/node_modules/winston/lib/winston/transports/console.js:79:23)
    at Console._write (/usr/local/google/home/agektmr/Development/webauthndemo/node_modules/firebase-tools/node_modules/winston-transport/index.js:103:17)
    at doWrite (/usr/local/google/home/agektmr/Development/webauthndemo/node_modules/firebase-tools/node_modules/winston-transport/node_modules/readable-stream/lib/_stream_writable.js:428:64)
[error] 
[error] Error: An unexpected error has occurred.
[debug] [2026-06-04T03:43:53.552Z] Error: write EIO
    at afterWriteDispatched (node:internal/stream_base_commons:159:15)
    at writeGeneric (node:internal/stream_base_commons:150:3)
    at Socket._writeGeneric (node:net:1025:11)
    at Socket._write (node:net:1037:8)
    at writeOrBuffer (node:internal/streams/writable:570:12)
    at _write (node:internal/streams/writable:499:10)
    at Writable.write (node:internal/streams/writable:508:10)
    at Console.log (/usr/local/google/home/agektmr/Development/webauthndemo/node_modules/firebase-tools/node_modules/winston/lib/winston/transports/console.js:79:23)
    at Console._write (/usr/local/google/home/agektmr/Development/webauthndemo/node_modules/firebase-tools/node_modules/winston-transport/index.js:103:17)
    at doWrite (/usr/local/google/home/agektmr/Development/webauthndemo/node_modules/firebase-tools/node_modules/winston-transport/node_modules/readable-stream/lib/_stream_writable.js:428:64)
[error] 
[error] Error: An unexpected error has occurred.
[debug] [2026-06-04T03:43:53.552Z] Error: write EIO
    at afterWriteDispatched (node:internal/stream_base_commons:159:15)
    at writeGeneric (node:internal/stream_base_commons:150:3)
    at Socket._writeGeneric (node:net:1025:11)
    at Socket._write (node:net:1037:8)
    at writeOrBuffer (node:internal/streams/writable:570:12)
    at _write (node:internal/streams/writable:499:10)
    at Writable.write (node:internal/streams/writable:508:10)
    at Console.log (/usr/local/google/home/agektmr/Development/webauthndemo/node_modules/firebase-tools/node_modules/winston/lib/winston/transports/console.js:79:23)
    at Console._write (/usr/local/google/home/agektmr/Development/webauthndemo/node_modules/firebase-tools/node_modules/winston-transport/index.js:103:17)
    at doWrite (/usr/local/google/home/agektmr/Development/webauthndemo/node_modules/firebase-tools/node_modules/winston-transport/node_modules/readable-stream/lib/_stream_writable.js:428:64)
[error] 
[error] Error: An unexpected error has occurred.
[debug] [2026-06-04T03:43:53.553Z] Error: write EIO
    at afterWriteDispatched (node:internal/stream_base_commons:159:15)
    at writeGeneric (node:internal/stream_base_commons:150:3)
    at Socket._writeGeneric (node:net:1025:11)
    at Socket._write (node:net:1037:8)
    at writeOrBuffer (node:internal/streams/writable:570:12)
    at _write (node:internal/streams/writable:499:10)
    at Writable.write (node:internal/streams/writable:508:10)
    at Console.log (/usr/local/google/home/agektmr/Development/webauthndemo/node_modules/firebase-tools/node_modules/winston/lib/winston/transports/console.js:79:23)
    at Console._write (/usr/local/google/home/agektmr/Development/webauthndemo/node_modules/firebase-tools/node_modules/winston-transport/index.js:103:17)
    at doWrite (/usr/local/google/home/agektmr/Development/webauthndemo/node_modules/firebase-tools/node_modules/winston-transport/node_modules/readable-stream/lib/_stream_writable.js:428:64)
[error] 
[error] Error: An unexpected error has occurred.
[debug] [2026-06-04T03:43:53.553Z] Error: write EIO
    at afterWriteDispatched (node:internal/stream_base_commons:159:15)
    at writeGeneric (node:internal/stream_base_commons:150:3)
    at Socket._writeGeneric (node:net:1025:11)
    at Socket._write (node:net:1037:8)
    at writeOrBuffer (node:internal/streams/writable:570:12)
    at _write (node:internal/streams/writable:499:10)
    at Writable.write (node:internal/streams/writable:508:10)
    at Console.log (/usr/local/google/home/agektmr/Development/webauthndemo/node_modules/firebase-tools/node_modules/winston/lib/winston/transports/console.js:79:23)
    at Console._write (/usr/local/google/home/agektmr/Development/webauthndemo/node_modules/firebase-tools/node_modules/winston-transport/index.js:103:17)
    at doWrite (/usr/local/google/home/agektmr/Development/webauthndemo/node_modules/firebase-tools/node_modules/winston-transport/node_modules/readable-stream/lib/_stream_writable.js:428:64)
[error] 
[error] Error: An unexpected error has occurred.
[debug] [2026-06-04T03:43:53.554Z] Error: write EIO
    at afterWriteDispatched (node:internal/stream_base_commons:159:15)
    at writeGeneric (node:internal/stream_base_commons:150:3)
    at Socket._writeGeneric (node:net:1025:11)
    at Socket._write (node:net:1037:8)
    at writeOrBuffer (node:internal/streams/writable:570:12)
    at _write (node:internal/streams/writable:499:10)
    at Writable.write (node:internal/streams/writable:508:10)
    at Console.log (/usr/local/google/home/agektmr/Development/webauthndemo/node_modules/firebase-tools/node_modules/winston/lib/winston/transports/console.js:79:23)
    at Console._write (/usr/local/google/home/agektmr/Development/webauthndemo/node_modules/firebase-tools/node_modules/winston-transport/index.js:103:17)
    at doWrite (/usr/local/google/home/agektmr/Development/webauthndemo/node_modules/firebase-tools/node_modules/winston-transport/node_modules/readable-stream/lib/_stream_writable.js:428:64)
[error] 
[error] Error: An unexpected error has occurred.
[debug] [2026-06-04T03:43:53.554Z] Error: write EIO
    at afterWriteDispatched (node:internal/stream_base_commons:159:15)
    at writeGeneric (node:internal/stream_base_commons:150:3)
    at Socket._writeGeneric (node:net:1025:11)
    at Socket._write (node:net:1037:8)
    at writeOrBuffer (node:internal/streams/writable:570:12)
    at _write (node:internal/streams/writable:499:10)
    at Writable.write (node:internal/streams/writable:508:10)
    at Console.log (/usr/local/google/home/agektmr/Development/webauthndemo/node_modules/firebase-tools/node_modules/winston/lib/winston/transports/console.js:79:23)
    at Console._write (/usr/local/google/home/agektmr/Development/webauthndemo/node_modules/firebase-tools/node_modules/winston-transport/index.js:103:17)
    at doWrite (/usr/local/google/home/agektmr/Development/webauthndemo/node_modules/firebase-tools/node_modules/winston-transport/node_modules/readable-stream/lib/_stream_writable.js:428:64)
[error] 
[error] Error: An unexpected error has occurred.
[debug] [2026-06-04T03:43:53.554Z] Error: write EIO
    at afterWriteDispatched (node:internal/stream_base_commons:159:15)
    at writeGeneric (node:internal/stream_base_commons:150:3)
    at Socket._writeGeneric (node:net:1025:11)
    at Socket._write (node:net:1037:8)
    at writeOrBuffer (node:internal/streams/writable:570:12)
    at _write (node:internal/streams/writable:499:10)
    at Writable.write (node:internal/streams/writable:508:10)
    at Console.log (/usr/local/google/home/agektmr/Development/webauthndemo/node_modules/firebase-tools/node_modules/winston/lib/winston/transports/console.js:79:23)
    at Console._write (/usr/local/google/home/agektmr/Development/webauthndemo/node_modules/firebase-tools/node_modules/winston-transport/index.js:103:17)
    at doWrite (/usr/local/google/home/agektmr/Development/webauthndemo/node_modules/firebase-tools/node_modules/winston-transport/node_modules/readable-stream/lib/_stream_writable.js:428:64)
[error] 
[error] Error: An unexpected error has occurred.
[debug] [2026-06-04T03:43:53.555Z] Error: write EIO
    at afterWriteDispatched (node:internal/stream_base_commons:159:15)
    at writeGeneric (node:internal/stream_base_commons:150:3)
    at Socket._writeGeneric (node:net:1025:11)
    at Socket._write (node:net:1037:8)
    at writeOrBuffer (node:internal/streams/writable:570:12)
    at _write (node:internal/streams/writable:499:10)
    at Writable.write (node:internal/streams/writable:508:10)
    at Console.log (/usr/local/google/home/agektmr/Development/webauthndemo/node_modules/firebase-tools/node_modules/winston/lib/winston/transports/console.js:79:23)
    at Console._write (/usr/local/google/home/agektmr/Development/webauthndemo/node_modules/firebase-tools/node_modules/winston-transport/index.js:103:17)
    at doWrite (/usr/local/google/home/agektmr/Development/webauthndemo/node_modules/firebase-tools/node_modules/winston-transport/node_modules/readable-stream/lib/_stream_writable.js:428:64)
[error] 
[error] Error: An unexpected error has occurred.
[debug] [2026-06-04T03:43:53.555Z] Error: write EIO
    at afterWriteDispatched (node:internal/stream_base_commons:159:15)
    at writeGeneric (node:internal/stream_base_commons:150:3)
    at Socket._writeGeneric (node:net:1025:11)
    at Socket._write (node:net:1037:8)
    at writeOrBuffer (node:internal/streams/writable:570:12)
    at _write (node:internal/streams/writable:499:10)
    at Writable.write (node:internal/streams/writable:508:10)
    at Console.log (/usr/local/google/home/agektmr/Development/webauthndemo/node_modules/firebase-tools/node_modules/winston/lib/winston/transports/console.js:79:23)
    at Console._write (/usr/local/google/home/agektmr/Development/webauthndemo/node_modules/firebase-tools/node_modules/winston-transport/index.js:103:17)
    at doWrite (/usr/local/google/home/agektmr/Development/webauthndemo/node_modules/firebase-tools/node_modules/winston-transport/node_modules/readable-stream/lib/_stream_writable.js:428:64)
[error] 
[error] Error: An unexpected error has occurred.
[debug] [2026-06-04T03:43:53.555Z] Error: write EIO
    at afterWriteDispatched (node:internal/stream_base_commons:159:15)
    at writeGeneric (node:internal/stream_base_commons:150:3)
    at Socket._writeGeneric (node:net:1025:11)
    at Socket._write (node:net:1037:8)
    at writeOrBuffer (node:internal/streams/writable:570:12)
    at _write (node:internal/streams/writable:499:10)
    at Writable.write (node:internal/streams/writable:508:10)
    at Console.log (/usr/local/google/home/agektmr/Development/webauthndemo/node_modules/firebase-tools/node_modules/winston/lib/winston/transports/console.js:79:23)
    at Console._write (/usr/local/google/home/agektmr/Development/webauthndemo/node_modules/firebase-tools/node_modules/winston-transport/index.js:103:17)
    at doWrite (/usr/local/google/home/agektmr/Development/webauthndemo/node_modules/firebase-tools/node_modules/winston-transport/node_modules/readable-stream/lib/_stream_writable.js:428:64)
[error] 
[error] Error: An unexpected error has occurred.
[debug] [2026-06-04T03:43:53.555Z] Error: write EIO
    at afterWriteDispatched (node:internal/stream_base_commons:159:15)
    at writeGeneric (node:internal/stream_base_commons:150:3)
    at Socket._writeGeneric (node:net:1025:11)
    at Socket._write (node:net:1037:8)
    at writeOrBuffer (node:internal/streams/writable:570:12)
    at _write (node:internal/streams/writable:499:10)
    at Writable.write (node:internal/streams/writable:508:10)
    at Console.log (/usr/local/google/home/agektmr/Development/webauthndemo/node_modules/firebase-tools/node_modules/winston/lib/winston/transports/console.js:79:23)
    at Console._write (/usr/local/google/home/agektmr/Development/webauthndemo/node_modules/firebase-tools/node_modules/winston-transport/index.js:103:17)
    at doWrite (/usr/local/google/home/agektmr/Development/webauthndemo/node_modules/firebase-tools/node_modules/winston-transport/node_modules/readable-stream/lib/_stream_writable.js:428:64)
[error] 
[error] Error: An unexpected error has occurred.
[debug] [2026-06-04T03:43:53.556Z] Error: write EIO
    at afterWriteDispatched (node:internal/stream_base_commons:159:15)
    at writeGeneric (node:internal/stream_base_commons:150:3)
    at Socket._writeGeneric (node:net:1025:11)
    at Socket._write (node:net:1037:8)
    at writeOrBuffer (node:internal/streams/writable:570:12)
    at _write (node:internal/streams/writable:499:10)
    at Writable.write (node:internal/streams/writable:508:10)
    at Console.log (/usr/local/google/home/agektmr/Development/webauthndemo/node_modules/firebase-tools/node_modules/winston/lib/winston/transports/console.js:79:23)
    at Console._write (/usr/local/google/home/agektmr/Development/webauthndemo/node_modules/firebase-tools/node_modules/winston-transport/index.js:103:17)
    at doWrite (/usr/local/google/home/agektmr/Development/webauthndemo/node_modules/firebase-tools/node_modules/winston-transport/node_modules/readable-stream/lib/_stream_writable.js:428:64)
[error] 
[error] Error: An unexpected error has occurred.
[debug] [2026-06-04T03:43:53.556Z] Error: write EIO
    at afterWriteDispatched (node:internal/stream_base_commons:159:15)
    at writeGeneric (node:internal/stream_base_commons:150:3)
    at Socket._writeGeneric (node:net:1025:11)
    at Socket._write (node:net:1037:8)
    at writeOrBuffer (node:internal/streams/writable:570:12)
    at _write (node:internal/streams/writable:499:10)
    at Writable.write (node:internal/streams/writable:508:10)
    at Console.log (/usr/local/google/home/agektmr/Development/webauthndemo/node_modules/firebase-tools/node_modules/winston/lib/winston/transports/console.js:79:23)
    at Console._write (/usr/local/google/home/agektmr/Development/webauthndemo/node_modules/firebase-tools/node_modules/winston-transport/index.js:103:17)
    at doWrite (/usr/local/google/home/agektmr/Development/webauthndemo/node_modules/firebase-tools/node_modules/winston-transport/node_modules/readable-stream/lib/_stream_writable.js:428:64)
[error] 
[error] Error: An unexpected error has occurred.
[debug] [2026-06-04T03:43:53.557Z] Error: write EIO
    at afterWriteDispatched (node:internal/stream_base_commons:159:15)
    at writeGeneric (node:internal/stream_base_commons:150:3)
    at Socket._writeGeneric (node:net:1025:11)
    at Socket._write (node:net:1037:8)
    at writeOrBuffer (node:internal/streams/writable:570:12)
    at _write (node:internal/streams/writable:499:10)
    at Writable.write (node:internal/streams/writable:508:10)
    at Console.log (/usr/local/google/home/agektmr/Development/webauthndemo/node_modules/firebase-tools/node_modules/winston/lib/winston/transports/console.js:79:23)
    at Console._write (/usr/local/google/home/agektmr/Development/webauthndemo/node_modules/firebase-tools/node_modules/winston-transport/index.js:103:17)
    at doWrite (/usr/local/google/home/agektmr/Development/webauthndemo/node_modules/firebase-tools/node_modules/winston-transport/node_modules/readable-stream/lib/_stream_writable.js:428:64)
[error] 
[error] Error: An unexpected error has occurred.
[debug] [2026-06-04T03:43:53.557Z] Error: write EIO
    at afterWriteDispatched (node:internal/stream_base_commons:159:15)
    at writeGeneric (node:internal/stream_base_commons:150:3)
    at Socket._writeGeneric (node:net:1025:11)
    at Socket._write (node:net:1037:8)
    at writeOrBuffer (node:internal/streams/writable:570:12)
    at _write (node:internal/streams/writable:499:10)
    at Writable.write (node:internal/streams/writable:508:10)
    at Console.log (/usr/local/google/home/agektmr/Development/webauthndemo/node_modules/firebase-tools/node_modules/winston/lib/winston/transports/console.js:79:23)
    at Console._write (/usr/local/google/home/agektmr/Development/webauthndemo/node_modules/firebase-tools/node_modules/winston-transport/index.js:103:17)
    at doWrite (/usr/local/google/home/agektmr/Development/webauthndemo/node_modules/firebase-tools/node_modules/winston-transport/node_modules/readable-stream/lib/_stream_writable.js:428:64)
[error] 
[error] Error: An unexpected error has occurred.
[debug] [2026-06-04T03:43:53.557Z] Error: write EIO
    at afterWriteDispatched (node:internal/stream_base_commons:159:15)
    at writeGeneric (node:internal/stream_base_commons:150:3)
    at Socket._writeGeneric (node:net:1025:11)
    at Socket._write (node:net:1037:8)
    at writeOrBuffer (node:internal/streams/writable:570:12)
    at _write (node:internal/streams/writable:499:10)
    at Writable.write (node:internal/streams/writable:508:10)
    at Console.log (/usr/local/google/home/agektmr/Development/webauthndemo/node_modules/firebase-tools/node_modules/winston/lib/winston/transports/console.js:79:23)
    at Console._write (/usr/local/google/home/agektmr/Development/webauthndemo/node_modules/firebase-tools/node_modules/winston-transport/index.js:103:17)
    at doWrite (/usr/local/google/home/agektmr/Development/webauthndemo/node_modules/firebase-tools/node_modules/winston-transport/node_modules/readable-stream/lib/_stream_writable.js:428:64)
[error] 
[error] Error: An unexpected error has occurred.
[debug] [2026-06-04T03:43:53.560Z] Error: write EIO
    at afterWriteDispatched (node:internal/stream_base_commons:159:15)
    at writeGeneric (node:internal/stream_base_commons:150:3)
    at Socket._writeGeneric (node:net:1025:11)
    at Socket._write (node:net:1037:8)
    at writeOrBuffer (node:internal/streams/writable:570:12)
    at _write (node:internal/streams/writable:499:10)
    at Writable.write (node:internal/streams/writable:508:10)
    at Console.log (/usr/local/google/home/agektmr/Development/webauthndemo/node_modules/firebase-tools/node_modules/winston/lib/winston/transports/console.js:79:23)
    at Console._write (/usr/local/google/home/agektmr/Development/webauthndemo/node_modules/firebase-tools/node_modules/winston-transport/index.js:103:17)
    at doWrite (/usr/local/google/home/agektmr/Development/webauthndemo/node_modules/firebase-tools/node_modules/winston-transport/node_modules/readable-stream/lib/_stream_writable.js:428:64)
[error] 
[error] Error: An unexpected error has occurred.
[debug] [2026-06-04T03:43:53.561Z] Error: write EIO
    at afterWriteDispatched (node:internal/stream_base_commons:159:15)
    at writeGeneric (node:internal/stream_base_commons:150:3)
    at Socket._writeGeneric (node:net:1025:11)
    at Socket._write (node:net:1037:8)
    at writeOrBuffer (node:internal/streams/writable:570:12)
    at _write (node:internal/streams/writable:499:10)
    at Writable.write (node:internal/streams/writable:508:10)
    at Console.log (/usr/local/google/home/agektmr/Development/webauthndemo/node_modules/firebase-tools/node_modules/winston/lib/winston/transports/console.js:79:23)
    at Console._write (/usr/local/google/home/agektmr/Development/webauthndemo/node_modules/firebase-tools/node_modules/winston-transport/index.js:103:17)
    at doWrite (/usr/local/google/home/agektmr/Development/webauthndemo/node_modules/firebase-tools/node_modules/winston-transport/node_modules/readable-stream/lib/_stream_writable.js:428:64)
[error] 
[error] Error: An unexpected error has occurred.
[debug] [2026-06-04T03:43:53.561Z] Error: write EIO
    at afterWriteDispatched (node:internal/stream_base_commons:159:15)
    at writeGeneric (node:internal/stream_base_commons:150:3)
    at Socket._writeGeneric (node:net:1025:11)
    at Socket._write (node:net:1037:8)
    at writeOrBuffer (node:internal/streams/writable:570:12)
    at _write (node:internal/streams/writable:499:10)
    at Writable.write (node:internal/streams/writable:508:10)
    at Console.log (/usr/local/google/home/agektmr/Development/webauthndemo/node_modules/firebase-tools/node_modules/winston/lib/winston/transports/console.js:79:23)
    at Console._write (/usr/local/google/home/agektmr/Development/webauthndemo/node_modules/firebase-tools/node_modules/winston-transport/index.js:103:17)
    at doWrite (/usr/local/google/home/agektmr/Development/webauthndemo/node_modules/firebase-tools/node_modules/winston-transport/node_modules/readable-stream/lib/_stream_writable.js:428:64)
[error] 
[error] Error: An unexpected error has occurred.
[debug] [2026-06-04T03:43:53.561Z] Error: write EIO
    at afterWriteDispatched (node:internal/stream_base_commons:159:15)
    at writeGeneric (node:internal/stream_base_commons:150:3)
    at Socket._writeGeneric (node:net:1025:11)
    at Socket._write (node:net:1037:8)
    at writeOrBuffer (node:internal/streams/writable:570:12)
    at _write (node:internal/streams/writable:499:10)
    at Writable.write (node:internal/streams/writable:508:10)
    at Console.log (/usr/local/google/home/agektmr/Development/webauthndemo/node_modules/firebase-tools/node_modules/winston/lib/winston/transports/console.js:79:23)
    at Console._write (/usr/local/google/home/agektmr/Development/webauthndemo/node_modules/firebase-tools/node_modules/winston-transport/index.js:103:17)
    at doWrite (/usr/local/google/home/agektmr/Development/webauthndemo/node_modules/firebase-tools/node_modules/winston-transport/node_modules/readable-stream/lib/_stream_writable.js:428:64)
[error] 
[error] Error: An unexpected error has occurred.
[debug] [2026-06-04T03:43:53.562Z] Error: write EIO
    at afterWriteDispatched (node:internal/stream_base_commons:159:15)
    at writeGeneric (node:internal/stream_base_commons:150:3)
    at Socket._writeGeneric (node:net:1025:11)
    at Socket._write (node:net:1037:8)
    at writeOrBuffer (node:internal/streams/writable:570:12)
    at _write (node:internal/streams/writable:499:10)
    at Writable.write (node:internal/streams/writable:508:10)
    at Console.log (/usr/local/google/home/agektmr/Development/webauthndemo/node_modules/firebase-tools/node_modules/winston/lib/winston/transports/console.js:79:23)
    at Console._write (/usr/local/google/home/agektmr/Development/webauthndemo/node_modules/firebase-tools/node_modules/winston-transport/index.js:103:17)
    at doWrite (/usr/local/google/home/agektmr/Development/webauthndemo/node_modules/firebase-tools/node_modules/winston-transport/node_modules/readable-stream/lib/_stream_writable.js:428:64)
[error] 
[error] Error: An unexpected error has occurred.
[debug] [2026-06-04T03:43:53.562Z] Error: write EIO
    at afterWriteDispatched (node:internal/stream_base_commons:159:15)
    at writeGeneric (node:internal/stream_base_commons:150:3)
    at Socket._writeGeneric (node:net:1025:11)
    at Socket._write (node:net:1037:8)
    at writeOrBuffer (node:internal/streams/writable:570:12)
    at _write (node:internal/streams/writable:499:10)
    at Writable.write (node:internal/streams/writable:508:10)
    at Console.log (/usr/local/google/home/agektmr/Development/webauthndemo/node_modules/firebase-tools/node_modules/winston/lib/winston/transports/console.js:79:23)
    at Console._write (/usr/local/google/home/agektmr/Development/webauthndemo/node_modules/firebase-tools/node_modules/winston-transport/index.js:103:17)
    at doWrite (/usr/local/google/home/agektmr/Development/webauthndemo/node_modules/firebase-tools/node_modules/winston-transport/node_modules/readable-stream/lib/_stream_writable.js:428:64)
[error] 
[error] Error: An unexpected error has occurred.
[debug] [2026-06-04T03:43:53.562Z] Error: write EIO
    at afterWriteDispatched (node:internal/stream_base_commons:159:15)
    at writeGeneric (node:internal/stream_base_commons:150:3)
    at Socket._writeGeneric (node:net:1025:11)
    at Socket._write (node:net:1037:8)
    at writeOrBuffer (node:internal/streams/writable:570:12)
    at _write (node:internal/streams/writable:499:10)
    at Writable.write (node:internal/streams/writable:508:10)
    at Console.log (/usr/local/google/home/agektmr/Development/webauthndemo/node_modules/firebase-tools/node_modules/winston/lib/winston/transports/console.js:79:23)
    at Console._write (/usr/local/google/home/agektmr/Development/webauthndemo/node_modules/firebase-tools/node_modules/winston-transport/index.js:103:17)
    at doWrite (/usr/local/google/home/agektmr/Development/webauthndemo/node_modules/firebase-tools/node_modules/winston-transport/node_modules/readable-stream/lib/_stream_writable.js:428:64)
[error] 
[error] Error: An unexpected error has occurred.
[debug] [2026-06-04T03:43:53.562Z] Error: write EIO
    at afterWriteDispatched (node:internal/stream_base_commons:159:15)
    at writeGeneric (node:internal/stream_base_commons:150:3)
    at Socket._writeGeneric (node:net:1025:11)
    at Socket._write (node:net:1037:8)
    at writeOrBuffer (node:internal/streams/writable:570:12)
    at _write (node:internal/streams/writable:499:10)
    at Writable.write (node:internal/streams/writable:508:10)
    at Console.log (/usr/local/google/home/agektmr/Development/webauthndemo/node_modules/firebase-tools/node_modules/winston/lib/winston/transports/console.js:79:23)
    at Console._write (/usr/local/google/home/agektmr/Development/webauthndemo/node_modules/firebase-tools/node_modules/winston-transport/index.js:103:17)
    at doWrite (/usr/local/google/home/agektmr/Development/webauthndemo/node_modules/firebase-tools/node_modules/winston-transport/node_modules/readable-stream/lib/_stream_writable.js:428:64)
[error] 
[error] Error: An unexpected error has occurred.
[debug] [2026-06-04T03:43:53.563Z] Error: write EIO
    at afterWriteDispatched (node:internal/stream_base_commons:159:15)
    at writeGeneric (node:internal/stream_base_commons:150:3)
    at Socket._writeGeneric (node:net:1025:11)
    at Socket._write (node:net:1037:8)
    at writeOrBuffer (node:internal/streams/writable:570:12)
    at _write (node:internal/streams/writable:499:10)
    at Writable.write (node:internal/streams/writable:508:10)
    at Console.log (/usr/local/google/home/agektmr/Development/webauthndemo/node_modules/firebase-tools/node_modules/winston/lib/winston/transports/console.js:79:23)
    at Console._write (/usr/local/google/home/agektmr/Development/webauthndemo/node_modules/firebase-tools/node_modules/winston-transport/index.js:103:17)
    at doWrite (/usr/local/google/home/agektmr/Development/webauthndemo/node_modules/firebase-tools/node_modules/winston-transport/node_modules/readable-stream/lib/_stream_writable.js:428:64)
[error] 
[error] Error: An unexpected error has occurred.
[debug] [2026-06-04T03:43:53.563Z] Error: write EIO
    at afterWriteDispatched (node:internal/stream_base_commons:159:15)
    at writeGeneric (node:internal/stream_base_commons:150:3)
    at Socket._writeGeneric (node:net:1025:11)
    at Socket._write (node:net:1037:8)
    at writeOrBuffer (node:internal/streams/writable:570:12)
    at _write (node:internal/streams/writable:499:10)
    at Writable.write (node:internal/streams/writable:508:10)
    at Console.log (/usr/local/google/home/agektmr/Development/webauthndemo/node_modules/firebase-tools/node_modules/winston/lib/winston/transports/console.js:79:23)
    at Console._write (/usr/local/google/home/agektmr/Development/webauthndemo/node_modules/firebase-tools/node_modules/winston-transport/index.js:103:17)
    at doWrite (/usr/local/google/home/agektmr/Development/webauthndemo/node_modules/firebase-tools/node_modules/winston-transport/node_modules/readable-stream/lib/_stream_writable.js:428:64)
[error] 
[error] Error: An unexpected error has occurred.
[debug] [2026-06-04T03:43:53.564Z] Error: write EIO
    at afterWriteDispatched (node:internal/stream_base_commons:159:15)
    at writeGeneric (node:internal/stream_base_commons:150:3)
    at Socket._writeGeneric (node:net:1025:11)
    at Socket._write (node:net:1037:8)
    at writeOrBuffer (node:internal/streams/writable:570:12)
    at _write (node:internal/streams/writable:499:10)
    at Writable.write (node:internal/streams/writable:508:10)
    at Console.log (/usr/local/google/home/agektmr/Development/webauthndemo/node_modules/firebase-tools/node_modules/winston/lib/winston/transports/console.js:79:23)
    at Console._write (/usr/local/google/home/agektmr/Development/webauthndemo/node_modules/firebase-tools/node_modules/winston-transport/index.js:103:17)
    at doWrite (/usr/local/google/home/agektmr/Development/webauthndemo/node_modules/firebase-tools/node_modules/winston-transport/node_modules/readable-stream/lib/_stream_writable.js:428:64)
[error] 
[error] Error: An unexpected error has occurred.
[debug] [2026-06-04T03:43:53.564Z] Error: write EIO
    at afterWriteDispatched (node:internal/stream_base_commons:159:15)
    at writeGeneric (node:internal/stream_base_commons:150:3)
    at Socket._writeGeneric (node:net:1025:11)
    at Socket._write (node:net:1037:8)
    at writeOrBuffer (node:internal/streams/writable:570:12)
    at _write (node:internal/streams/writable:499:10)
    at Writable.write (node:internal/streams/writable:508:10)
    at Console.log (/usr/local/google/home/agektmr/Development/webauthndemo/node_modules/firebase-tools/node_modules/winston/lib/winston/transports/console.js:79:23)
    at Console._write (/usr/local/google/home/agektmr/Development/webauthndemo/node_modules/firebase-tools/node_modules/winston-transport/index.js:103:17)
    at doWrite (/usr/local/google/home/agektmr/Development/webauthndemo/node_modules/firebase-tools/node_modules/winston-transport/node_modules/readable-stream/lib/_stream_writable.js:428:64)
[error] 
[error] Error: An unexpected error has occurred.
[debug] [2026-06-04T03:43:53.565Z] Error: write EIO
    at afterWriteDispatched (node:internal/stream_base_commons:159:15)
    at writeGeneric (node:internal/stream_base_commons:150:3)
    at Socket._writeGeneric (node:net:1025:11)
    at Socket._write (node:net:1037:8)
    at writeOrBuffer (node:internal/streams/writable:570:12)
    at _write (node:internal/streams/writable:499:10)
    at Writable.write (node:internal/streams/writable:508:10)
    at Console.log (/usr/local/google/home/agektmr/Development/webauthndemo/node_modules/firebase-tools/node_modules/winston/lib/winston/transports/console.js:79:23)
    at Console._write (/usr/local/google/home/agektmr/Development/webauthndemo/node_modules/firebase-tools/node_modules/winston-transport/index.js:103:17)
    at doWrite (/usr/local/google/home/agektmr/Development/webauthndemo/node_modules/firebase-tools/node_modules/winston-transport/node_modules/readable-stream/lib/_stream_writable.js:428:64)
[error] 
[error] Error: An unexpected error has occurred.
[debug] [2026-06-04T03:43:53.565Z] Error: write EIO
    at afterWriteDispatched (node:internal/stream_base_commons:159:15)
    at writeGeneric (node:internal/stream_base_commons:150:3)
    at Socket._writeGeneric (node:net:1025:11)
    at Socket._write (node:net:1037:8)
    at writeOrBuffer (node:internal/streams/writable:570:12)
    at _write (node:internal/streams/writable:499:10)
    at Writable.write (node:internal/streams/writable:508:10)
    at Console.log (/usr/local/google/home/agektmr/Development/webauthndemo/node_modules/firebase-tools/node_modules/winston/lib/winston/transports/console.js:79:23)
    at Console._write (/usr/local/google/home/agektmr/Development/webauthndemo/node_modules/firebase-tools/node_modules/winston-transport/index.js:103:17)
    at doWrite (/usr/local/google/home/agektmr/Development/webauthndemo/node_modules/firebase-tools/node_modules/winston-transport/node_modules/readable-stream/lib/_stream_writable.js:428:64)
[error] 
[error] Error: An unexpected error has occurred.
[debug] [2026-06-04T03:43:53.565Z] Error: write EIO
    at afterWriteDispatched (node:internal/stream_base_commons:159:15)
    at writeGeneric (node:internal/stream_base_commons:150:3)
    at Socket._writeGeneric (node:net:1025:11)
    at Socket._write (node:net:1037:8)
    at writeOrBuffer (node:internal/streams/writable:570:12)
    at _write (node:internal/streams/writable:499:10)
    at Writable.write (node:internal/streams/writable:508:10)
    at Console.log (/usr/local/google/home/agektmr/Development/webauthndemo/node_modules/firebase-tools/node_modules/winston/lib/winston/transports/console.js:79:23)
    at Console._write (/usr/local/google/home/agektmr/Development/webauthndemo/node_modules/firebase-tools/node_modules/winston-transport/index.js:103:17)
    at doWrite (/usr/local/google/home/agektmr/Development/webauthndemo/node_modules/firebase-tools/node_modules/winston-transport/node_modules/readable-stream/lib/_stream_writable.js:428:64)
[error] 
[error] Error: An unexpected error has occurred.
[debug] [2026-06-04T03:43:53.565Z] Error: write EIO
    at afterWriteDispatched (node:internal/stream_base_commons:159:15)
    at writeGeneric (node:internal/stream_base_commons:150:3)
    at Socket._writeGeneric (node:net:1025:11)
    at Socket._write (node:net:1037:8)
    at writeOrBuffer (node:internal/streams/writable:570:12)
    at _write (node:internal/streams/writable:499:10)
    at Writable.write (node:internal/streams/writable:508:10)
    at Console.log (/usr/local/google/home/agektmr/Development/webauthndemo/node_modules/firebase-tools/node_modules/winston/lib/winston/transports/console.js:79:23)
    at Console._write (/usr/local/google/home/agektmr/Development/webauthndemo/node_modules/firebase-tools/node_modules/winston-transport/index.js:103:17)
    at doWrite (/usr/local/google/home/agektmr/Development/webauthndemo/node_modules/firebase-tools/node_modules/winston-transport/node_modules/readable-stream/lib/_stream_writable.js:428:64)
[error] 
[error] Error: An unexpected error has occurred.
[debug] [2026-06-04T03:43:53.566Z] Error: write EIO
    at afterWriteDispatched (node:internal/stream_base_commons:159:15)
    at writeGeneric (node:internal/stream_base_commons:150:3)
    at Socket._writeGeneric (node:net:1025:11)
    at Socket._write (node:net:1037:8)
    at writeOrBuffer (node:internal/streams/writable:570:12)
    at _write (node:internal/streams/writable:499:10)
    at Writable.write (node:internal/streams/writable:508:10)
    at Console.log (/usr/local/google/home/agektmr/Development/webauthndemo/node_modules/firebase-tools/node_modules/winston/lib/winston/transports/console.js:79:23)
    at Console._write (/usr/local/google/home/agektmr/Development/webauthndemo/node_modules/firebase-tools/node_modules/winston-transport/index.js:103:17)
    at doWrite (/usr/local/google/home/agektmr/Development/webauthndemo/node_modules/firebase-tools/node_modules/winston-transport/node_modules/readable-stream/lib/_stream_writable.js:428:64)
[error] 
[error] Error: An unexpected error has occurred.
[debug] [2026-06-04T03:43:53.566Z] Error: write EIO
    at afterWriteDispatched (node:internal/stream_base_commons:159:15)
    at writeGeneric (node:internal/stream_base_commons:150:3)
    at Socket._writeGeneric (node:net:1025:11)
    at Socket._write (node:net:1037:8)
    at writeOrBuffer (node:internal/streams/writable:570:12)
    at _write (node:internal/streams/writable:499:10)
    at Writable.write (node:internal/streams/writable:508:10)
    at Console.log (/usr/local/google/home/agektmr/Development/webauthndemo/node_modules/firebase-tools/node_modules/winston/lib/winston/transports/console.js:79:23)
    at Console._write (/usr/local/google/home/agektmr/Development/webauthndemo/node_modules/firebase-tools/node_modules/winston-transport/index.js:103:17)
    at doWrite (/usr/local/google/home/agektmr/Development/webauthndemo/node_modules/firebase-tools/node_modules/winston-transport/node_modules/readable-stream/lib/_stream_writable.js:428:64)
[error] 
[error] Error: An unexpected error has occurred.
[debug] [2026-06-04T03:43:53.567Z] Error: write EIO
    at afterWriteDispatched (node:internal/stream_base_commons:159:15)
    at writeGeneric (node:internal/stream_base_commons:150:3)
    at Socket._writeGeneric (node:net:1025:11)
    at Socket._write (node:net:1037:8)
    at writeOrBuffer (node:internal/streams/writable:570:12)
    at _write (node:internal/streams/writable:499:10)
    at Writable.write (node:internal/streams/writable:508:10)
    at Console.log (/usr/local/google/home/agektmr/Development/webauthndemo/node_modules/firebase-tools/node_modules/winston/lib/winston/transports/console.js:79:23)
    at Console._write (/usr/local/google/home/agektmr/Development/webauthndemo/node_modules/firebase-tools/node_modules/winston-transport/index.js:103:17)
    at doWrite (/usr/local/google/home/agektmr/Development/webauthndemo/node_modules/firebase-tools/node_modules/winston-transport/node_modules/readable-stream/lib/_stream_writable.js:428:64)
[error] 
[error] Error: An unexpected error has occurred.
[debug] [2026-06-04T03:43:53.567Z] Error: write EIO
    at afterWriteDispatched (node:internal/stream_base_commons:159:15)
    at writeGeneric (node:internal/stream_base_commons:150:3)
    at Socket._writeGeneric (node:net:1025:11)
    at Socket._write (node:net:1037:8)
    at writeOrBuffer (node:internal/streams/writable:570:12)
    at _write (node:internal/streams/writable:499:10)
    at Writable.write (node:internal/streams/writable:508:10)
    at Console.log (/usr/local/google/home/agektmr/Development/webauthndemo/node_modules/firebase-tools/node_modules/winston/lib/winston/transports/console.js:79:23)
    at Console._write (/usr/local/google/home/agektmr/Development/webauthndemo/node_modules/firebase-tools/node_modules/winston-transport/index.js:103:17)
    at doWrite (/usr/local/google/home/agektmr/Development/webauthndemo/node_modules/firebase-tools/node_modules/winston-transport/node_modules/readable-stream/lib/_stream_writable.js:428:64)
[error] 
[error] Error: An unexpected error has occurred.
[debug] [2026-06-04T03:43:53.567Z] Error: write EIO
    at afterWriteDispatched (node:internal/stream_base_commons:159:15)
    at writeGeneric (node:internal/stream_base_commons:150:3)
    at Socket._writeGeneric (node:net:1025:11)
    at Socket._write (node:net:1037:8)
    at writeOrBuffer (node:internal/streams/writable:570:12)
    at _write (node:internal/streams/writable:499:10)
    at Writable.write (node:internal/streams/writable:508:10)
    at Console.log (/usr/local/google/home/agektmr/Development/webauthndemo/node_modules/firebase-tools/node_modules/winston/lib/winston/transports/console.js:79:23)
    at Console._write (/usr/local/google/home/agektmr/Development/webauthndemo/node_modules/firebase-tools/node_modules/winston-transport/index.js:103:17)
    at doWrite (/usr/local/google/home/agektmr/Development/webauthndemo/node_modules/firebase-tools/node_modules/winston-transport/node_modules/readable-stream/lib/_stream_writable.js:428:64)
[error] 
[error] Error: An unexpected error has occurred.
[debug] [2026-06-04T03:43:53.568Z] Error: write EIO
    at afterWriteDispatched (node:internal/stream_base_commons:159:15)
    at writeGeneric (node:internal/stream_base_commons:150:3)
    at Socket._writeGeneric (node:net:1025:11)
    at Socket._write (node:net:1037:8)
    at writeOrBuffer (node:internal/streams/writable:570:12)
    at _write (node:internal/streams/writable:499:10)
    at Writable.write (node:internal/streams/writable:508:10)
    at Console.log (/usr/local/google/home/agektmr/Development/webauthndemo/node_modules/firebase-tools/node_modules/winston/lib/winston/transports/console.js:79:23)
    at Console._write (/usr/local/google/home/agektmr/Development/webauthndemo/node_modules/firebase-tools/node_modules/winston-transport/index.js:103:17)
    at doWrite (/usr/local/google/home/agektmr/Development/webauthndemo/node_modules/firebase-tools/node_modules/winston-transport/node_modules/readable-stream/lib/_stream_writable.js:428:64)
[error] 
[error] Error: An unexpected error has occurred.
[debug] [2026-06-04T03:43:53.569Z] Error: write EIO
    at afterWriteDispatched (node:internal/stream_base_commons:159:15)
    at writeGeneric (node:internal/stream_base_commons:150:3)
    at Socket._writeGeneric (node:net:1025:11)
    at Socket._write (node:net:1037:8)
    at writeOrBuffer (node:internal/streams/writable:570:12)
    at _write (node:internal/streams/writable:499:10)
    at Writable.write (node:internal/streams/writable:508:10)
    at Console.log (/usr/local/google/home/agektmr/Development/webauthndemo/node_modules/firebase-tools/node_modules/winston/lib/winston/transports/console.js:79:23)
    at Console._write (/usr/local/google/home/agektmr/Development/webauthndemo/node_modules/firebase-tools/node_modules/winston-transport/index.js:103:17)
    at doWrite (/usr/local/google/home/agektmr/Development/webauthndemo/node_modules/firebase-tools/node_modules/winston-transport/node_modules/readable-stream/lib/_stream_writable.js:428:64)
[error] 
[error] Error: An unexpected error has occurred.
[debug] [2026-06-04T03:43:53.570Z] Error: write EIO
    at afterWriteDispatched (node:internal/stream_base_commons:159:15)
    at writeGeneric (node:internal/stream_base_commons:150:3)
    at Socket._writeGeneric (node:net:1025:11)
    at Socket._write (node:net:1037:8)
    at writeOrBuffer (node:internal/streams/writable:570:12)
    at _write (node:internal/streams/writable:499:10)
    at Writable.write (node:internal/streams/writable:508:10)
    at Console.log (/usr/local/google/home/agektmr/Development/webauthndemo/node_modules/firebase-tools/node_modules/winston/lib/winston/transports/console.js:79:23)
    at Console._write (/usr/local/google/home/agektmr/Development/webauthndemo/node_modules/firebase-tools/node_modules/winston-transport/index.js:103:17)
    at doWrite (/usr/local/google/home/agektmr/Development/webauthndemo/node_modules/firebase-tools/node_modules/winston-transport/node_modules/readable-stream/lib/_stream_writable.js:428:64)
[error] 
[error] Error: An unexpected error has occurred.
[debug] [2026-06-04T03:43:53.571Z] Error: write EIO
    at afterWriteDispatched (node:internal/stream_base_commons:159:15)
    at writeGeneric (node:internal/stream_base_commons:150:3)
    at Socket._writeGeneric (node:net:1025:11)
    at Socket._write (node:net:1037:8)
    at writeOrBuffer (node:internal/streams/writable:570:12)
    at _write (node:internal/streams/writable:499:10)
    at Writable.write (node:internal/streams/writable:508:10)
    at Console.log (/usr/local/google/home/agektmr/Development/webauthndemo/node_modules/firebase-tools/node_modules/winston/lib/winston/transports/console.js:79:23)
    at Console._write (/usr/local/google/home/agektmr/Development/webauthndemo/node_modules/firebase-tools/node_modules/winston-transport/index.js:103:17)
    at doWrite (/usr/local/google/home/agektmr/Development/webauthndemo/node_modules/firebase-tools/node_modules/winston-transport/node_modules/readable-stream/lib/_stream_writable.js:428:64)
[error] 
[error] Error: An unexpected error has occurred.
[debug] [2026-06-04T03:43:53.571Z] Error: write EIO
    at afterWriteDispatched (node:internal/stream_base_commons:159:15)
    at writeGeneric (node:internal/stream_base_commons:150:3)
    at Socket._writeGeneric (node:net:1025:11)
    at Socket._write (node:net:1037:8)
    at writeOrBuffer (node:internal/streams/writable:570:12)
    at _write (node:internal/streams/writable:499:10)
    at Writable.write (node:internal/streams/writable:508:10)
    at Console.log (/usr/local/google/home/agektmr/Development/webauthndemo/node_modules/firebase-tools/node_modules/winston/lib/winston/transports/console.js:79:23)
    at Console._write (/usr/local/google/home/agektmr/Development/webauthndemo/node_modules/firebase-tools/node_modules/winston-transport/index.js:103:17)
    at doWrite (/usr/local/google/home/agektmr/Development/webauthndemo/node_modules/firebase-tools/node_modules/winston-transport/node_modules/readable-stream/lib/_stream_writable.js:428:64)
[error] 
[error] Error: An unexpected error has occurred.
[debug] [2026-06-04T03:43:53.574Z] Error: write EIO
    at afterWriteDispatched (node:internal/stream_base_commons:159:15)
    at writeGeneric (node:internal/stream_base_commons:150:3)
    at Socket._writeGeneric (node:net:1025:11)
    at Socket._write (node:net:1037:8)
    at writeOrBuffer (node:internal/streams/writable:570:12)
    at _write (node:internal/streams/writable:499:10)
    at Writable.write (node:internal/streams/writable:508:10)
    at Console.log (/usr/local/google/home/agektmr/Development/webauthndemo/node_modules/firebase-tools/node_modules/winston/lib/winston/transports/console.js:79:23)
    at Console._write (/usr/local/google/home/agektmr/Development/webauthndemo/node_modules/firebase-tools/node_modules/winston-transport/index.js:103:17)
    at doWrite (/usr/local/google/home/agektmr/Development/webauthndemo/node_modules/firebase-tools/node_modules/winston-transport/node_modules/readable-stream/lib/_stream_writable.js:428:64)
[error] 
[error] Error: An unexpected error has occurred.
[debug] [2026-06-04T03:43:53.574Z] Error: write EIO
    at afterWriteDispatched (node:internal/stream_base_commons:159:15)
    at writeGeneric (node:internal/stream_base_commons:150:3)
    at Socket._writeGeneric (node:net:1025:11)
    at Socket._write (node:net:1037:8)
    at writeOrBuffer (node:internal/streams/writable:570:12)
    at _write (node:internal/streams/writable:499:10)
    at Writable.write (node:internal/streams/writable:508:10)
    at Console.log (/usr/local/google/home/agektmr/Development/webauthndemo/node_modules/firebase-tools/node_modules/winston/lib/winston/transports/console.js:79:23)
    at Console._write (/usr/local/google/home/agektmr/Development/webauthndemo/node_modules/firebase-tools/node_modules/winston-transport/index.js:103:17)
    at doWrite (/usr/local/google/home/agektmr/Development/webauthndemo/node_modules/firebase-tools/node_modules/winston-transport/node_modules/readable-stream/lib/_stream_writable.js:428:64)
[error] 
[error] Error: An unexpected error has occurred.
[debug] [2026-06-04T03:43:53.575Z] Error: write EIO
    at afterWriteDispatched (node:internal/stream_base_commons:159:15)
    at writeGeneric (node:internal/stream_base_commons:150:3)
    at Socket._writeGeneric (node:net:1025:11)
    at Socket._write (node:net:1037:8)
    at writeOrBuffer (node:internal/streams/writable:570:12)
    at _write (node:internal/streams/writable:499:10)
    at Writable.write (node:internal/streams/writable:508:10)
    at Console.log (/usr/local/google/home/agektmr/Development/webauthndemo/node_modules/firebase-tools/node_modules/winston/lib/winston/transports/console.js:79:23)
    at Console._write (/usr/local/google/home/agektmr/Development/webauthndemo/node_modules/firebase-tools/node_modules/winston-transport/index.js:103:17)
    at doWrite (/usr/local/google/home/agektmr/Development/webauthndemo/node_modules/firebase-tools/node_modules/winston-transport/node_modules/readable-stream/lib/_stream_writable.js:428:64)
[error] 
[error] Error: An unexpected error has occurred.
[debug] [2026-06-04T03:43:53.575Z] Error: write EIO
    at afterWriteDispatched (node:internal/stream_base_commons:159:15)
    at writeGeneric (node:internal/stream_base_commons:150:3)
    at Socket._writeGeneric (node:net:1025:11)
    at Socket._write (node:net:1037:8)
    at writeOrBuffer (node:internal/streams/writable:570:12)
    at _write (node:internal/streams/writable:499:10)
    at Writable.write (node:internal/streams/writable:508:10)
    at Console.log (/usr/local/google/home/agektmr/Development/webauthndemo/node_modules/firebase-tools/node_modules/winston/lib/winston/transports/console.js:79:23)
    at Console._write (/usr/local/google/home/agektmr/Development/webauthndemo/node_modules/firebase-tools/node_modules/winston-transport/index.js:103:17)
    at doWrite (/usr/local/google/home/agektmr/Development/webauthndemo/node_modules/firebase-tools/node_modules/winston-transport/node_modules/readable-stream/lib/_stream_writable.js:428:64)
[error] 
[error] Error: An unexpected error has occurred.
[debug] [2026-06-04T03:43:53.576Z] Error: write EIO
    at afterWriteDispatched (node:internal/stream_base_commons:159:15)
    at writeGeneric (node:internal/stream_base_commons:150:3)
    at Socket._writeGeneric (node:net:1025:11)
    at Socket._write (node:net:1037:8)
    at writeOrBuffer (node:internal/streams/writable:570:12)
    at _write (node:internal/streams/writable:499:10)
    at Writable.write (node:internal/streams/writable:508:10)
    at Console.log (/usr/local/google/home/agektmr/Development/webauthndemo/node_modules/firebase-tools/node_modules/winston/lib/winston/transports/console.js:79:23)
    at Console._write (/usr/local/google/home/agektmr/Development/webauthndemo/node_modules/firebase-tools/node_modules/winston-transport/index.js:103:17)
    at doWrite (/usr/local/google/home/agektmr/Development/webauthndemo/node_modules/firebase-tools/node_modules/winston-transport/node_modules/readable-stream/lib/_stream_writable.js:428:64)
[error] 
[error] Error: An unexpected error has occurred.
[debug] [2026-06-04T03:43:53.576Z] Error: write EIO
    at afterWriteDispatched (node:internal/stream_base_commons:159:15)
    at writeGeneric (node:internal/stream_base_commons:150:3)
    at Socket._writeGeneric (node:net:1025:11)
    at Socket._write (node:net:1037:8)
    at writeOrBuffer (node:internal/streams/writable:570:12)
    at _write (node:internal/streams/writable:499:10)
    at Writable.write (node:internal/streams/writable:508:10)
    at Console.log (/usr/local/google/home/agektmr/Development/webauthndemo/node_modules/firebase-tools/node_modules/winston/lib/winston/transports/console.js:79:23)
    at Console._write (/usr/local/google/home/agektmr/Development/webauthndemo/node_modules/firebase-tools/node_modules/winston-transport/index.js:103:17)
    at doWrite (/usr/local/google/home/agektmr/Development/webauthndemo/node_modules/firebase-tools/node_modules/winston-transport/node_modules/readable-stream/lib/_stream_writable.js:428:64)
[error] 
[error] Error: An unexpected error has occurred.
[debug] [2026-06-04T03:43:53.576Z] Error: write EIO
    at afterWriteDispatched (node:internal/stream_base_commons:159:15)
    at writeGeneric (node:internal/stream_base_commons:150:3)
    at Socket._writeGeneric (node:net:1025:11)
    at Socket._write (node:net:1037:8)
    at writeOrBuffer (node:internal/streams/writable:570:12)
    at _write (node:internal/streams/writable:499:10)
    at Writable.write (node:internal/streams/writable:508:10)
    at Console.log (/usr/local/google/home/agektmr/Development/webauthndemo/node_modules/firebase-tools/node_modules/winston/lib/winston/transports/console.js:79:23)
    at Console._write (/usr/local/google/home/agektmr/Development/webauthndemo/node_modules/firebase-tools/node_modules/winston-transport/index.js:103:17)
    at doWrite (/usr/local/google/home/agektmr/Development/webauthndemo/node_modules/firebase-tools/node_modules/winston-transport/node_modules/readable-stream/lib/_stream_writable.js:428:64)
[error] 
[error] Error: An unexpected error has occurred.
[debug] [2026-06-04T03:43:53.577Z] Error: write EIO
    at afterWriteDispatched (node:internal/stream_base_commons:159:15)
    at writeGeneric (node:internal/stream_base_commons:150:3)
    at Socket._writeGeneric (node:net:1025:11)
    at Socket._write (node:net:1037:8)
    at writeOrBuffer (node:internal/streams/writable:570:12)
    at _write (node:internal/streams/writable:499:10)
    at Writable.write (node:internal/streams/writable:508:10)
    at Console.log (/usr/local/google/home/agektmr/Development/webauthndemo/node_modules/firebase-tools/node_modules/winston/lib/winston/transports/console.js:79:23)
    at Console._write (/usr/local/google/home/agektmr/Development/webauthndemo/node_modules/firebase-tools/node_modules/winston-transport/index.js:103:17)
    at doWrite (/usr/local/google/home/agektmr/Development/webauthndemo/node_modules/firebase-tools/node_modules/winston-transport/node_modules/readable-stream/lib/_stream_writable.js:428:64)
[error] 
[error] Error: An unexpected error has occurred.
[debug] [2026-06-04T03:43:53.577Z] Error: write EIO
    at afterWriteDispatched (node:internal/stream_base_commons:159:15)
    at writeGeneric (node:internal/stream_base_commons:150:3)
    at Socket._writeGeneric (node:net:1025:11)
    at Socket._write (node:net:1037:8)
    at writeOrBuffer (node:internal/streams/writable:570:12)
    at _write (node:internal/streams/writable:499:10)
    at Writable.write (node:internal/streams/writable:508:10)
    at Console.log (/usr/local/google/home/agektmr/Development/webauthndemo/node_modules/firebase-tools/node_modules/winston/lib/winston/transports/console.js:79:23)
    at Console._write (/usr/local/google/home/agektmr/Development/webauthndemo/node_modules/firebase-tools/node_modules/winston-transport/index.js:103:17)
    at doWrite (/usr/local/google/home/agektmr/Development/webauthndemo/node_modules/firebase-tools/node_modules/winston-transport/node_modules/readable-stream/lib/_stream_writable.js:428:64)
[error] 
[error] Error: An unexpected error has occurred.
[debug] [2026-06-04T03:43:53.577Z] Error: write EIO
    at afterWriteDispatched (node:internal/stream_base_commons:159:15)
    at writeGeneric (node:internal/stream_base_commons:150:3)
    at Socket._writeGeneric (node:net:1025:11)
    at Socket._write (node:net:1037:8)
    at writeOrBuffer (node:internal/streams/writable:570:12)
    at _write (node:internal/streams/writable:499:10)
    at Writable.write (node:internal/streams/writable:508:10)
    at Console.log (/usr/local/google/home/agektmr/Development/webauthndemo/node_modules/firebase-tools/node_modules/winston/lib/winston/transports/console.js:79:23)
    at Console._write (/usr/local/google/home/agektmr/Development/webauthndemo/node_modules/firebase-tools/node_modules/winston-transport/index.js:103:17)
    at doWrite (/usr/local/google/home/agektmr/Development/webauthndemo/node_modules/firebase-tools/node_modules/winston-transport/node_modules/readable-stream/lib/_stream_writable.js:428:64)
[error] 
[error] Error: An unexpected error has occurred.
[debug] [2026-06-04T03:43:53.577Z] Error: write EIO
    at afterWriteDispatched (node:internal/stream_base_commons:159:15)
    at writeGeneric (node:internal/stream_base_commons:150:3)
    at Socket._writeGeneric (node:net:1025:11)
    at Socket._write (node:net:1037:8)
    at writeOrBuffer (node:internal/streams/writable:570:12)
    at _write (node:internal/streams/writable:499:10)
    at Writable.write (node:internal/streams/writable:508:10)
    at Console.log (/usr/local/google/home/agektmr/Development/webauthndemo/node_modules/firebase-tools/node_modules/winston/lib/winston/transports/console.js:79:23)
    at Console._write (/usr/local/google/home/agektmr/Development/webauthndemo/node_modules/firebase-tools/node_modules/winston-transport/index.js:103:17)
    at doWrite (/usr/local/google/home/agektmr/Development/webauthndemo/node_modules/firebase-tools/node_modules/winston-transport/node_modules/readable-stream/lib/_stream_writable.js:428:64)
[error] 
[error] Error: An unexpected error has occurred.
[debug] [2026-06-04T03:43:53.578Z] Error: write EIO
    at afterWriteDispatched (node:internal/stream_base_commons:159:15)
    at writeGeneric (node:internal/stream_base_commons:150:3)
    at Socket._writeGeneric (node:net:1025:11)
    at Socket._write (node:net:1037:8)
    at writeOrBuffer (node:internal/streams/writable:570:12)
    at _write (node:internal/streams/writable:499:10)
    at Writable.write (node:internal/streams/writable:508:10)
    at Console.log (/usr/local/google/home/agektmr/Development/webauthndemo/node_modules/firebase-tools/node_modules/winston/lib/winston/transports/console.js:79:23)
    at Console._write (/usr/local/google/home/agektmr/Development/webauthndemo/node_modules/firebase-tools/node_modules/winston-transport/index.js:103:17)
    at doWrite (/usr/local/google/home/agektmr/Development/webauthndemo/node_modules/firebase-tools/node_modules/winston-transport/node_modules/readable-stream/lib/_stream_writable.js:428:64)
[error] 
[error] Error: An unexpected error has occurred.
[debug] [2026-06-04T03:43:53.578Z] Error: write EIO
    at afterWriteDispatched (node:internal/stream_base_commons:159:15)
    at writeGeneric (node:internal/stream_base_commons:150:3)
    at Socket._writeGeneric (node:net:1025:11)
    at Socket._write (node:net:1037:8)
    at writeOrBuffer (node:internal/streams/writable:570:12)
    at _write (node:internal/streams/writable:499:10)
    at Writable.write (node:internal/streams/writable:508:10)
    at Console.log (/usr/local/google/home/agektmr/Development/webauthndemo/node_modules/firebase-tools/node_modules/winston/lib/winston/transports/console.js:79:23)
    at Console._write (/usr/local/google/home/agektmr/Development/webauthndemo/node_modules/firebase-tools/node_modules/winston-transport/index.js:103:17)
    at doWrite (/usr/local/google/home/agektmr/Development/webauthndemo/node_modules/firebase-tools/node_modules/winston-transport/node_modules/readable-stream/lib/_stream_writable.js:428:64)
[error] 
[error] Error: An unexpected error has occurred.
[debug] [2026-06-04T03:43:53.578Z] Error: write EIO
    at afterWriteDispatched (node:internal/stream_base_commons:159:15)
    at writeGeneric (node:internal/stream_base_commons:150:3)
    at Socket._writeGeneric (node:net:1025:11)
    at Socket._write (node:net:1037:8)
    at writeOrBuffer (node:internal/streams/writable:570:12)
    at _write (node:internal/streams/writable:499:10)
    at Writable.write (node:internal/streams/writable:508:10)
    at Console.log (/usr/local/google/home/agektmr/Development/webauthndemo/node_modules/firebase-tools/node_modules/winston/lib/winston/transports/console.js:79:23)
    at Console._write (/usr/local/google/home/agektmr/Development/webauthndemo/node_modules/firebase-tools/node_modules/winston-transport/index.js:103:17)
    at doWrite (/usr/local/google/home/agektmr/Development/webauthndemo/node_modules/firebase-tools/node_modules/winston-transport/node_modules/readable-stream/lib/_stream_writable.js:428:64)
[error] 
[error] Error: An unexpected error has occurred.
[debug] [2026-06-04T03:43:53.579Z] Error: write EIO
    at afterWriteDispatched (node:internal/stream_base_commons:159:15)
    at writeGeneric (node:internal/stream_base_commons:150:3)
    at Socket._writeGeneric (node:net:1025:11)
    at Socket._write (node:net:1037:8)
    at writeOrBuffer (node:internal/streams/writable:570:12)
    at _write (node:internal/streams/writable:499:10)
    at Writable.write (node:internal/streams/writable:508:10)
    at Console.log (/usr/local/google/home/agektmr/Development/webauthndemo/node_modules/firebase-tools/node_modules/winston/lib/winston/transports/console.js:79:23)
    at Console._write (/usr/local/google/home/agektmr/Development/webauthndemo/node_modules/firebase-tools/node_modules/winston-transport/index.js:103:17)
    at doWrite (/usr/local/google/home/agektmr/Development/webauthndemo/node_modules/firebase-tools/node_modules/winston-transport/node_modules/readable-stream/lib/_stream_writable.js:428:64)
[error] 
[error] Error: An unexpected error has occurred.
[debug] [2026-06-04T03:43:53.579Z] Error: write EIO
    at afterWriteDispatched (node:internal/stream_base_commons:159:15)
    at writeGeneric (node:internal/stream_base_commons:150:3)
    at Socket._writeGeneric (node:net:1025:11)
    at Socket._write (node:net:1037:8)
    at writeOrBuffer (node:internal/streams/writable:570:12)
    at _write (node:internal/streams/writable:499:10)
    at Writable.write (node:internal/streams/writable:508:10)
    at Console.log (/usr/local/google/home/agektmr/Development/webauthndemo/node_modules/firebase-tools/node_modules/winston/lib/winston/transports/console.js:79:23)
    at Console._write (/usr/local/google/home/agektmr/Development/webauthndemo/node_modules/firebase-tools/node_modules/winston-transport/index.js:103:17)
    at doWrite (/usr/local/google/home/agektmr/Development/webauthndemo/node_modules/firebase-tools/node_modules/winston-transport/node_modules/readable-stream/lib/_stream_writable.js:428:64)
[error] 
[error] Error: An unexpected error has occurred.
[debug] [2026-06-04T03:43:53.579Z] Error: write EIO
    at afterWriteDispatched (node:internal/stream_base_commons:159:15)
    at writeGeneric (node:internal/stream_base_commons:150:3)
    at Socket._writeGeneric (node:net:1025:11)
    at Socket._write (node:net:1037:8)
    at writeOrBuffer (node:internal/streams/writable:570:12)
    at _write (node:internal/streams/writable:499:10)
    at Writable.write (node:internal/streams/writable:508:10)
    at Console.log (/usr/local/google/home/agektmr/Development/webauthndemo/node_modules/firebase-tools/node_modules/winston/lib/winston/transports/console.js:79:23)
    at Console._write (/usr/local/google/home/agektmr/Development/webauthndemo/node_modules/firebase-tools/node_modules/winston-transport/index.js:103:17)
    at doWrite (/usr/local/google/home/agektmr/Development/webauthndemo/node_modules/firebase-tools/node_modules/winston-transport/node_modules/readable-stream/lib/_stream_writable.js:428:64)
[error] 
[error] Error: An unexpected error has occurred.
[debug] [2026-06-04T03:43:53.580Z] Error: write EIO
    at afterWriteDispatched (node:internal/stream_base_commons:159:15)
    at writeGeneric (node:internal/stream_base_commons:150:3)
    at Socket._writeGeneric (node:net:1025:11)
    at Socket._write (node:net:1037:8)
    at writeOrBuffer (node:internal/streams/writable:570:12)
    at _write (node:internal/streams/writable:499:10)
    at Writable.write (node:internal/streams/writable:508:10)
    at Console.log (/usr/local/google/home/agektmr/Development/webauthndemo/node_modules/firebase-tools/node_modules/winston/lib/winston/transports/console.js:79:23)
    at Console._write (/usr/local/google/home/agektmr/Development/webauthndemo/node_modules/firebase-tools/node_modules/winston-transport/index.js:103:17)
    at doWrite (/usr/local/google/home/agektmr/Development/webauthndemo/node_modules/firebase-tools/node_modules/winston-transport/node_modules/readable-stream/lib/_stream_writable.js:428:64)
[error] 
[error] Error: An unexpected error has occurred.
[debug] [2026-06-04T03:43:53.580Z] Error: write EIO
    at afterWriteDispatched (node:internal/stream_base_commons:159:15)
    at writeGeneric (node:internal/stream_base_commons:150:3)
    at Socket._writeGeneric (node:net:1025:11)
    at Socket._write (node:net:1037:8)
    at writeOrBuffer (node:internal/streams/writable:570:12)
    at _write (node:internal/streams/writable:499:10)
    at Writable.write (node:internal/streams/writable:508:10)
    at Console.log (/usr/local/google/home/agektmr/Development/webauthndemo/node_modules/firebase-tools/node_modules/winston/lib/winston/transports/console.js:79:23)
    at Console._write (/usr/local/google/home/agektmr/Development/webauthndemo/node_modules/firebase-tools/node_modules/winston-transport/index.js:103:17)
    at doWrite (/usr/local/google/home/agektmr/Development/webauthndemo/node_modules/firebase-tools/node_modules/winston-transport/node_modules/readable-stream/lib/_stream_writable.js:428:64)
[error] 
[error] Error: An unexpected error has occurred.
[debug] [2026-06-04T03:43:53.581Z] Error: write EIO
    at afterWriteDispatched (node:internal/stream_base_commons:159:15)
    at writeGeneric (node:internal/stream_base_commons:150:3)
    at Socket._writeGeneric (node:net:1025:11)
    at Socket._write (node:net:1037:8)
    at writeOrBuffer (node:internal/streams/writable:570:12)
    at _write (node:internal/streams/writable:499:10)
    at Writable.write (node:internal/streams/writable:508:10)
    at Console.log (/usr/local/google/home/agektmr/Development/webauthndemo/node_modules/firebase-tools/node_modules/winston/lib/winston/transports/console.js:79:23)
    at Console._write (/usr/local/google/home/agektmr/Development/webauthndemo/node_modules/firebase-tools/node_modules/winston-transport/index.js:103:17)
    at doWrite (/usr/local/google/home/agektmr/Development/webauthndemo/node_modules/firebase-tools/node_modules/winston-transport/node_modules/readable-stream/lib/_stream_writable.js:428:64)
[error] 
[error] Error: An unexpected error has occurred.
[debug] [2026-06-04T03:43:53.581Z] Error: write EIO
    at afterWriteDispatched (node:internal/stream_base_commons:159:15)
    at writeGeneric (node:internal/stream_base_commons:150:3)
    at Socket._writeGeneric (node:net:1025:11)
    at Socket._write (node:net:1037:8)
    at writeOrBuffer (node:internal/streams/writable:570:12)
    at _write (node:internal/streams/writable:499:10)
    at Writable.write (node:internal/streams/writable:508:10)
    at Console.log (/usr/local/google/home/agektmr/Development/webauthndemo/node_modules/firebase-tools/node_modules/winston/lib/winston/transports/console.js:79:23)
    at Console._write (/usr/local/google/home/agektmr/Development/webauthndemo/node_modules/firebase-tools/node_modules/winston-transport/index.js:103:17)
    at doWrite (/usr/local/google/home/agektmr/Development/webauthndemo/node_modules/firebase-tools/node_modules/winston-transport/node_modules/readable-stream/lib/_stream_writable.js:428:64)
[error] 
[error] Error: An unexpected error has occurred.
[debug] [2026-06-04T03:43:53.582Z] Error: write EIO
    at afterWriteDispatched (node:internal/stream_base_commons:159:15)
    at writeGeneric (node:internal/stream_base_commons:150:3)
    at Socket._writeGeneric (node:net:1025:11)
    at Socket._write (node:net:1037:8)
    at writeOrBuffer (node:internal/streams/writable:570:12)
    at _write (node:internal/streams/writable:499:10)
    at Writable.write (node:internal/streams/writable:508:10)
    at Console.log (/usr/local/google/home/agektmr/Development/webauthndemo/node_modules/firebase-tools/node_modules/winston/lib/winston/transports/console.js:79:23)
    at Console._write (/usr/local/google/home/agektmr/Development/webauthndemo/node_modules/firebase-tools/node_modules/winston-transport/index.js:103:17)
    at doWrite (/usr/local/google/home/agektmr/Development/webauthndemo/node_modules/firebase-tools/node_modules/winston-transport/node_modules/readable-stream/lib/_stream_writable.js:428:64)
[error] 
[error] Error: An unexpected error has occurred.
[debug] [2026-06-04T03:43:53.582Z] Error: write EIO
    at afterWriteDispatched (node:internal/stream_base_commons:159:15)
    at writeGeneric (node:internal/stream_base_commons:150:3)
    at Socket._writeGeneric (node:net:1025:11)
    at Socket._write (node:net:1037:8)
    at writeOrBuffer (node:internal/streams/writable:570:12)
    at _write (node:internal/streams/writable:499:10)
    at Writable.write (node:internal/streams/writable:508:10)
    at Console.log (/usr/local/google/home/agektmr/Development/webauthndemo/node_modules/firebase-tools/node_modules/winston/lib/winston/transports/console.js:79:23)
    at Console._write (/usr/local/google/home/agektmr/Development/webauthndemo/node_modules/firebase-tools/node_modules/winston-transport/index.js:103:17)
    at doWrite (/usr/local/google/home/agektmr/Development/webauthndemo/node_modules/firebase-tools/node_modules/winston-transport/node_modules/readable-stream/lib/_stream_writable.js:428:64)
[error] 
[error] Error: An unexpected error has occurred.
[debug] [2026-06-04T03:43:53.597Z] Error: write EIO
    at afterWriteDispatched (node:internal/stream_base_commons:159:15)
    at writeGeneric (node:internal/stream_base_commons:150:3)
    at Socket._writeGeneric (node:net:1025:11)
    at Socket._write (node:net:1037:8)
    at writeOrBuffer (node:internal/streams/writable:570:12)
    at _write (node:internal/streams/writable:499:10)
    at Writable.write (node:internal/streams/writable:508:10)
    at Console.log (/usr/local/google/home/agektmr/Development/webauthndemo/node_modules/firebase-tools/node_modules/winston/lib/winston/transports/console.js:79:23)
    at Console._write (/usr/local/google/home/agektmr/Development/webauthndemo/node_modules/firebase-tools/node_modules/winston-transport/index.js:103:17)
    at doWrite (/usr/local/google/home/agektmr/Development/webauthndemo/node_modules/firebase-tools/node_modules/winston-transport/node_modules/readable-stream/lib/_stream_writable.js:428:64)
[error] 
[error] Error: An unexpected error has occurred.
[debug] [2026-06-04T03:43:53.600Z] Error: write EIO
    at afterWriteDispatched (node:internal/stream_base_commons:159:15)
    at writeGeneric (node:internal/stream_base_commons:150:3)
    at Socket._writeGeneric (node:net:1025:11)
    at Socket._write (node:net:1037:8)
    at writeOrBuffer (node:internal/streams/writable:570:12)
    at _write (node:internal/streams/writable:499:10)
    at Writable.write (node:internal/streams/writable:508:10)
    at Console.log (/usr/local/google/home/agektmr/Development/webauthndemo/node_modules/firebase-tools/node_modules/winston/lib/winston/transports/console.js:79:23)
    at Console._write (/usr/local/google/home/agektmr/Development/webauthndemo/node_modules/firebase-tools/node_modules/winston-transport/index.js:103:17)
    at doWrite (/usr/local/google/home/agektmr/Development/webauthndemo/node_modules/firebase-tools/node_modules/winston-transport/node_modules/readable-stream/lib/_stream_writable.js:428:64)
[error] 
[error] Error: An unexpected error has occurred.
[debug] [2026-06-04T03:43:53.601Z] Error: write EIO
    at afterWriteDispatched (node:internal/stream_base_commons:159:15)
    at writeGeneric (node:internal/stream_base_commons:150:3)
    at Socket._writeGeneric (node:net:1025:11)
    at Socket._write (node:net:1037:8)
    at writeOrBuffer (node:internal/streams/writable:570:12)
    at _write (node:internal/streams/writable:499:10)
    at Writable.write (node:internal/streams/writable:508:10)
    at Console.log (/usr/local/google/home/agektmr/Development/webauthndemo/node_modules/firebase-tools/node_modules/winston/lib/winston/transports/console.js:79:23)
    at Console._write (/usr/local/google/home/agektmr/Development/webauthndemo/node_modules/firebase-tools/node_modules/winston-transport/index.js:103:17)
    at doWrite (/usr/local/google/home/agektmr/Development/webauthndemo/node_modules/firebase-tools/node_modules/winston-transport/node_modules/readable-stream/lib/_stream_writable.js:428:64)
[error] 
[error] Error: An unexpected error has occurred.
[debug] [2026-06-04T03:43:53.601Z] Error: write EIO
    at afterWriteDispatched (node:internal/stream_base_commons:159:15)
    at writeGeneric (node:internal/stream_base_commons:150:3)
    at Socket._writeGeneric (node:net:1025:11)
    at Socket._write (node:net:1037:8)
    at writeOrBuffer (node:internal/streams/writable:570:12)
    at _write (node:internal/streams/writable:499:10)
    at Writable.write (node:internal/streams/writable:508:10)
    at Console.log (/usr/local/google/home/agektmr/Development/webauthndemo/node_modules/firebase-tools/node_modules/winston/lib/winston/transports/console.js:79:23)
    at Console._write (/usr/local/google/home/agektmr/Development/webauthndemo/node_modules/firebase-tools/node_modules/winston-transport/index.js:103:17)
    at doWrite (/usr/local/google/home/agektmr/Development/webauthndemo/node_modules/firebase-tools/node_modules/winston-transport/node_modules/readable-stream/lib/_stream_writable.js:428:64)
[error] 
[error] Error: An unexpected error has occurred.
[debug] [2026-06-04T03:43:53.601Z] Error: write EIO
    at afterWriteDispatched (node:internal/stream_base_commons:159:15)
    at writeGeneric (node:internal/stream_base_commons:150:3)
    at Socket._writeGeneric (node:net:1025:11)
    at Socket._write (node:net:1037:8)
    at writeOrBuffer (node:internal/streams/writable:570:12)
    at _write (node:internal/streams/writable:499:10)
    at Writable.write (node:internal/streams/writable:508:10)
    at Console.log (/usr/local/google/home/agektmr/Development/webauthndemo/node_modules/firebase-tools/node_modules/winston/lib/winston/transports/console.js:79:23)
    at Console._write (/usr/local/google/home/agektmr/Development/webauthndemo/node_modules/firebase-tools/node_modules/winston-transport/index.js:103:17)
    at doWrite (/usr/local/google/home/agektmr/Development/webauthndemo/node_modules/firebase-tools/node_modules/winston-transport/node_modules/readable-stream/lib/_stream_writable.js:428:64)
[error] 
[error] Error: An unexpected error has occurred.
[debug] [2026-06-04T03:43:53.602Z] Error: write EIO
    at afterWriteDispatched (node:internal/stream_base_commons:159:15)
    at writeGeneric (node:internal/stream_base_commons:150:3)
    at Socket._writeGeneric (node:net:1025:11)
    at Socket._write (node:net:1037:8)
    at writeOrBuffer (node:internal/streams/writable:570:12)
    at _write (node:internal/streams/writable:499:10)
    at Writable.write (node:internal/streams/writable:508:10)
    at Console.log (/usr/local/google/home/agektmr/Development/webauthndemo/node_modules/firebase-tools/node_modules/winston/lib/winston/transports/console.js:79:23)
    at Console._write (/usr/local/google/home/agektmr/Development/webauthndemo/node_modules/firebase-tools/node_modules/winston-transport/index.js:103:17)
    at doWrite (/usr/local/google/home/agektmr/Development/webauthndemo/node_modules/firebase-tools/node_modules/winston-transport/node_modules/readable-stream/lib/_stream_writable.js:428:64)
[error] 
[error] Error: An unexpected error has occurred.
[debug] [2026-06-04T03:43:53.602Z] Error: write EIO
    at afterWriteDispatched (node:internal/stream_base_commons:159:15)
    at writeGeneric (node:internal/stream_base_commons:150:3)
    at Socket._writeGeneric (node:net:1025:11)
    at Socket._write (node:net:1037:8)
    at writeOrBuffer (node:internal/streams/writable:570:12)
    at _write (node:internal/streams/writable:499:10)
    at Writable.write (node:internal/streams/writable:508:10)
    at Console.log (/usr/local/google/home/agektmr/Development/webauthndemo/node_modules/firebase-tools/node_modules/winston/lib/winston/transports/console.js:79:23)
    at Console._write (/usr/local/google/home/agektmr/Development/webauthndemo/node_modules/firebase-tools/node_modules/winston-transport/index.js:103:17)
    at doWrite (/usr/local/google/home/agektmr/Development/webauthndemo/node_modules/firebase-tools/node_modules/winston-transport/node_modules/readable-stream/lib/_stream_writable.js:428:64)
[error] 
[error] Error: An unexpected error has occurred.
[debug] [2026-06-04T03:43:53.602Z] Error: write EIO
    at afterWriteDispatched (node:internal/stream_base_commons:159:15)
    at writeGeneric (node:internal/stream_base_commons:150:3)
    at Socket._writeGeneric (node:net:1025:11)
    at Socket._write (node:net:1037:8)
    at writeOrBuffer (node:internal/streams/writable:570:12)
    at _write (node:internal/streams/writable:499:10)
    at Writable.write (node:internal/streams/writable:508:10)
    at Console.log (/usr/local/google/home/agektmr/Development/webauthndemo/node_modules/firebase-tools/node_modules/winston/lib/winston/transports/console.js:79:23)
    at Console._write (/usr/local/google/home/agektmr/Development/webauthndemo/node_modules/firebase-tools/node_modules/winston-transport/index.js:103:17)
    at doWrite (/usr/local/google/home/agektmr/Development/webauthndemo/node_modules/firebase-tools/node_modules/winston-transport/node_modules/readable-stream/lib/_stream_writable.js:428:64)
[error] 
[error] Error: An unexpected error has occurred.
[debug] [2026-06-04T03:43:53.603Z] Error: write EIO
    at afterWriteDispatched (node:internal/stream_base_commons:159:15)
    at writeGeneric (node:internal/stream_base_commons:150:3)
    at Socket._writeGeneric (node:net:1025:11)
    at Socket._write (node:net:1037:8)
    at writeOrBuffer (node:internal/streams/writable:570:12)
    at _write (node:internal/streams/writable:499:10)
    at Writable.write (node:internal/streams/writable:508:10)
    at Console.log (/usr/local/google/home/agektmr/Development/webauthndemo/node_modules/firebase-tools/node_modules/winston/lib/winston/transports/console.js:79:23)
    at Console._write (/usr/local/google/home/agektmr/Development/webauthndemo/node_modules/firebase-tools/node_modules/winston-transport/index.js:103:17)
    at doWrite (/usr/local/google/home/agektmr/Development/webauthndemo/node_modules/firebase-tools/node_modules/winston-transport/node_modules/readable-stream/lib/_stream_writable.js:428:64)
[error] 
[error] Error: An unexpected error has occurred.
[debug] [2026-06-04T03:43:53.603Z] Error: write EIO
    at afterWriteDispatched (node:internal/stream_base_commons:159:15)
    at writeGeneric (node:internal/stream_base_commons:150:3)
    at Socket._writeGeneric (node:net:1025:11)
    at Socket._write (node:net:1037:8)
    at writeOrBuffer (node:internal/streams/writable:570:12)
    at _write (node:internal/streams/writable:499:10)
    at Writable.write (node:internal/streams/writable:508:10)
    at Console.log (/usr/local/google/home/agektmr/Development/webauthndemo/node_modules/firebase-tools/node_modules/winston/lib/winston/transports/console.js:79:23)
    at Console._write (/usr/local/google/home/agektmr/Development/webauthndemo/node_modules/firebase-tools/node_modules/winston-transport/index.js:103:17)
    at doWrite (/usr/local/google/home/agektmr/Development/webauthndemo/node_modules/firebase-tools/node_modules/winston-transport/node_modules/readable-stream/lib/_stream_writable.js:428:64)
[error] 
[error] Error: An unexpected error has occurred.
[debug] [2026-06-04T03:43:53.603Z] Error: write EIO
    at afterWriteDispatched (node:internal/stream_base_commons:159:15)
    at writeGeneric (node:internal/stream_base_commons:150:3)
    at Socket._writeGeneric (node:net:1025:11)
    at Socket._write (node:net:1037:8)
    at writeOrBuffer (node:internal/streams/writable:570:12)
    at _write (node:internal/streams/writable:499:10)
    at Writable.write (node:internal/streams/writable:508:10)
    at Console.log (/usr/local/google/home/agektmr/Development/webauthndemo/node_modules/firebase-tools/node_modules/winston/lib/winston/transports/console.js:79:23)
    at Console._write (/usr/local/google/home/agektmr/Development/webauthndemo/node_modules/firebase-tools/node_modules/winston-transport/index.js:103:17)
    at doWrite (/usr/local/google/home/agektmr/Development/webauthndemo/node_modules/firebase-tools/node_modules/winston-transport/node_modules/readable-stream/lib/_stream_writable.js:428:64)
[error] 
[error] Error: An unexpected error has occurred.
[debug] [2026-06-04T03:43:53.604Z] Error: write EIO
    at afterWriteDispatched (node:internal/stream_base_commons:159:15)
    at writeGeneric (node:internal/stream_base_commons:150:3)
    at Socket._writeGeneric (node:net:1025:11)
    at Socket._write (node:net:1037:8)
    at writeOrBuffer (node:internal/streams/writable:570:12)
    at _write (node:internal/streams/writable:499:10)
    at Writable.write (node:internal/streams/writable:508:10)
    at Console.log (/usr/local/google/home/agektmr/Development/webauthndemo/node_modules/firebase-tools/node_modules/winston/lib/winston/transports/console.js:79:23)
    at Console._write (/usr/local/google/home/agektmr/Development/webauthndemo/node_modules/firebase-tools/node_modules/winston-transport/index.js:103:17)
    at doWrite (/usr/local/google/home/agektmr/Development/webauthndemo/node_modules/firebase-tools/node_modules/winston-transport/node_modules/readable-stream/lib/_stream_writable.js:428:64)
[error] 
[error] Error: An unexpected error has occurred.
[debug] [2026-06-04T03:43:53.604Z] Error: write EIO
    at afterWriteDispatched (node:internal/stream_base_commons:159:15)
    at writeGeneric (node:internal/stream_base_commons:150:3)
    at Socket._writeGeneric (node:net:1025:11)
    at Socket._write (node:net:1037:8)
    at writeOrBuffer (node:internal/streams/writable:570:12)
    at _write (node:internal/streams/writable:499:10)
    at Writable.write (node:internal/streams/writable:508:10)
    at Console.log (/usr/local/google/home/agektmr/Development/webauthndemo/node_modules/firebase-tools/node_modules/winston/lib/winston/transports/console.js:79:23)
    at Console._write (/usr/local/google/home/agektmr/Development/webauthndemo/node_modules/firebase-tools/node_modules/winston-transport/index.js:103:17)
    at doWrite (/usr/local/google/home/agektmr/Development/webauthndemo/node_modules/firebase-tools/node_modules/winston-transport/node_modules/readable-stream/lib/_stream_writable.js:428:64)
[error] 
[error] Error: An unexpected error has occurred.
[debug] [2026-06-04T03:43:53.604Z] Error: write EIO
    at afterWriteDispatched (node:internal/stream_base_commons:159:15)
    at writeGeneric (node:internal/stream_base_commons:150:3)
    at Socket._writeGeneric (node:net:1025:11)
    at Socket._write (node:net:1037:8)
    at writeOrBuffer (node:internal/streams/writable:570:12)
    at _write (node:internal/streams/writable:499:10)
    at Writable.write (node:internal/streams/writable:508:10)
    at Console.log (/usr/local/google/home/agektmr/Development/webauthndemo/node_modules/firebase-tools/node_modules/winston/lib/winston/transports/console.js:79:23)
    at Console._write (/usr/local/google/home/agektmr/Development/webauthndemo/node_modules/firebase-tools/node_modules/winston-transport/index.js:103:17)
    at doWrite (/usr/local/google/home/agektmr/Development/webauthndemo/node_modules/firebase-tools/node_modules/winston-transport/node_modules/readable-stream/lib/_stream_writable.js:428:64)
[error] 
[error] Error: An unexpected error has occurred.
[debug] [2026-06-04T03:43:53.604Z] Error: write EIO
    at afterWriteDispatched (node:internal/stream_base_commons:159:15)
    at writeGeneric (node:internal/stream_base_commons:150:3)
    at Socket._writeGeneric (node:net:1025:11)
    at Socket._write (node:net:1037:8)
    at writeOrBuffer (node:internal/streams/writable:570:12)
    at _write (node:internal/streams/writable:499:10)
    at Writable.write (node:internal/streams/writable:508:10)
    at Console.log (/usr/local/google/home/agektmr/Development/webauthndemo/node_modules/firebase-tools/node_modules/winston/lib/winston/transports/console.js:79:23)
    at Console._write (/usr/local/google/home/agektmr/Development/webauthndemo/node_modules/firebase-tools/node_modules/winston-transport/index.js:103:17)
    at doWrite (/usr/local/google/home/agektmr/Development/webauthndemo/node_modules/firebase-tools/node_modules/winston-transport/node_modules/readable-stream/lib/_stream_writable.js:428:64)
[error] 
[error] Error: An unexpected error has occurred.
[debug] [2026-06-04T03:43:53.605Z] Error: write EIO
    at afterWriteDispatched (node:internal/stream_base_commons:159:15)
    at writeGeneric (node:internal/stream_base_commons:150:3)
    at Socket._writeGeneric (node:net:1025:11)
    at Socket._write (node:net:1037:8)
    at writeOrBuffer (node:internal/streams/writable:570:12)
    at _write (node:internal/streams/writable:499:10)
    at Writable.write (node:internal/streams/writable:508:10)
    at Console.log (/usr/local/google/home/agektmr/Development/webauthndemo/node_modules/firebase-tools/node_modules/winston/lib/winston/transports/console.js:79:23)
    at Console._write (/usr/local/google/home/agektmr/Development/webauthndemo/node_modules/firebase-tools/node_modules/winston-transport/index.js:103:17)
    at doWrite (/usr/local/google/home/agektmr/Development/webauthndemo/node_modules/firebase-tools/node_modules/winston-transport/node_modules/readable-stream/lib/_stream_writable.js:428:64)
[error] 
[error] Error: An unexpected error has occurred.
[debug] [2026-06-04T03:43:53.605Z] Error: write EIO
    at afterWriteDispatched (node:internal/stream_base_commons:159:15)
    at writeGeneric (node:internal/stream_base_commons:150:3)
    at Socket._writeGeneric (node:net:1025:11)
    at Socket._write (node:net:1037:8)
    at writeOrBuffer (node:internal/streams/writable:570:12)
    at _write (node:internal/streams/writable:499:10)
    at Writable.write (node:internal/streams/writable:508:10)
    at Console.log (/usr/local/google/home/agektmr/Development/webauthndemo/node_modules/firebase-tools/node_modules/winston/lib/winston/transports/console.js:79:23)
    at Console._write (/usr/local/google/home/agektmr/Development/webauthndemo/node_modules/firebase-tools/node_modules/winston-transport/index.js:103:17)
    at doWrite (/usr/local/google/home/agektmr/Development/webauthndemo/node_modules/firebase-tools/node_modules/winston-transport/node_modules/readable-stream/lib/_stream_writable.js:428:64)
[error] 
[error] Error: An unexpected error has occurred.
[debug] [2026-06-04T03:43:53.605Z] Error: write EIO
    at afterWriteDispatched (node:internal/stream_base_commons:159:15)
    at writeGeneric (node:internal/stream_base_commons:150:3)
    at Socket._writeGeneric (node:net:1025:11)
    at Socket._write (node:net:1037:8)
    at writeOrBuffer (node:internal/streams/writable:570:12)
    at _write (node:internal/streams/writable:499:10)
    at Writable.write (node:internal/streams/writable:508:10)
    at Console.log (/usr/local/google/home/agektmr/Development/webauthndemo/node_modules/firebase-tools/node_modules/winston/lib/winston/transports/console.js:79:23)
    at Console._write (/usr/local/google/home/agektmr/Development/webauthndemo/node_modules/firebase-tools/node_modules/winston-transport/index.js:103:17)
    at doWrite (/usr/local/google/home/agektmr/Development/webauthndemo/node_modules/firebase-tools/node_modules/winston-transport/node_modules/readable-stream/lib/_stream_writable.js:428:64)
[error] 
[error] Error: An unexpected error has occurred.
[debug] [2026-06-04T03:43:53.605Z] Error: write EIO
    at afterWriteDispatched (node:internal/stream_base_commons:159:15)
    at writeGeneric (node:internal/stream_base_commons:150:3)
    at Socket._writeGeneric (node:net:1025:11)
    at Socket._write (node:net:1037:8)
    at writeOrBuffer (node:internal/streams/writable:570:12)
    at _write (node:internal/streams/writable:499:10)
    at Writable.write (node:internal/streams/writable:508:10)
    at Console.log (/usr/local/google/home/agektmr/Development/webauthndemo/node_modules/firebase-tools/node_modules/winston/lib/winston/transports/console.js:79:23)
    at Console._write (/usr/local/google/home/agektmr/Development/webauthndemo/node_modules/firebase-tools/node_modules/winston-transport/index.js:103:17)
    at doWrite (/usr/local/google/home/agektmr/Development/webauthndemo/node_modules/firebase-tools/node_modules/winston-transport/node_modules/readable-stream/lib/_stream_writable.js:428:64)
[error] 
[error] Error: An unexpected error has occurred.
[debug] [2026-06-04T03:43:53.607Z] Error: write EIO
    at afterWriteDispatched (node:internal/stream_base_commons:159:15)
    at writeGeneric (node:internal/stream_base_commons:150:3)
    at Socket._writeGeneric (node:net:1025:11)
    at Socket._write (node:net:1037:8)
    at writeOrBuffer (node:internal/streams/writable:570:12)
    at _write (node:internal/streams/writable:499:10)
    at Writable.write (node:internal/streams/writable:508:10)
    at Console.log (/usr/local/google/home/agektmr/Development/webauthndemo/node_modules/firebase-tools/node_modules/winston/lib/winston/transports/console.js:79:23)
    at Console._write (/usr/local/google/home/agektmr/Development/webauthndemo/node_modules/firebase-tools/node_modules/winston-transport/index.js:103:17)
    at doWrite (/usr/local/google/home/agektmr/Development/webauthndemo/node_modules/firebase-tools/node_modules/winston-transport/node_modules/readable-stream/lib/_stream_writable.js:428:64)
[error] 
[error] Error: An unexpected error has occurred.
[debug] [2026-06-04T03:43:53.607Z] Error: write EIO
    at afterWriteDispatched (node:internal/stream_base_commons:159:15)
    at writeGeneric (node:internal/stream_base_commons:150:3)
    at Socket._writeGeneric (node:net:1025:11)
    at Socket._write (node:net:1037:8)
    at writeOrBuffer (node:internal/streams/writable:570:12)
    at _write (node:internal/streams/writable:499:10)
    at Writable.write (node:internal/streams/writable:508:10)
    at Console.log (/usr/local/google/home/agektmr/Development/webauthndemo/node_modules/firebase-tools/node_modules/winston/lib/winston/transports/console.js:79:23)
    at Console._write (/usr/local/google/home/agektmr/Development/webauthndemo/node_modules/firebase-tools/node_modules/winston-transport/index.js:103:17)
    at doWrite (/usr/local/google/home/agektmr/Development/webauthndemo/node_modules/firebase-tools/node_modules/winston-transport/node_modules/readable-stream/lib/_stream_writable.js:428:64)
[error] 
[error] Error: An unexpected error has occurred.
[debug] [2026-06-04T03:43:53.608Z] Error: write EIO
    at afterWriteDispatched (node:internal/stream_base_commons:159:15)
    at writeGeneric (node:internal/stream_base_commons:150:3)
    at Socket._writeGeneric (node:net:1025:11)
    at Socket._write (node:net:1037:8)
    at writeOrBuffer (node:internal/streams/writable:570:12)
    at _write (node:internal/streams/writable:499:10)
    at Writable.write (node:internal/streams/writable:508:10)
    at Console.log (/usr/local/google/home/agektmr/Development/webauthndemo/node_modules/firebase-tools/node_modules/winston/lib/winston/transports/console.js:79:23)
    at Console._write (/usr/local/google/home/agektmr/Development/webauthndemo/node_modules/firebase-tools/node_modules/winston-transport/index.js:103:17)
    at doWrite (/usr/local/google/home/agektmr/Development/webauthndemo/node_modules/firebase-tools/node_modules/winston-transport/node_modules/readable-stream/lib/_stream_writable.js:428:64)
[error] 
[error] Error: An unexpected error has occurred.
[debug] [2026-06-04T03:43:53.608Z] Error: write EIO
    at afterWriteDispatched (node:internal/stream_base_commons:159:15)
    at writeGeneric (node:internal/stream_base_commons:150:3)
    at Socket._writeGeneric (node:net:1025:11)
    at Socket._write (node:net:1037:8)
    at writeOrBuffer (node:internal/streams/writable:570:12)
    at _write (node:internal/streams/writable:499:10)
    at Writable.write (node:internal/streams/writable:508:10)
    at Console.log (/usr/local/google/home/agektmr/Development/webauthndemo/node_modules/firebase-tools/node_modules/winston/lib/winston/transports/console.js:79:23)
    at Console._write (/usr/local/google/home/agektmr/Development/webauthndemo/node_modules/firebase-tools/node_modules/winston-transport/index.js:103:17)
    at doWrite (/usr/local/google/home/agektmr/Development/webauthndemo/node_modules/firebase-tools/node_modules/winston-transport/node_modules/readable-stream/lib/_stream_writable.js:428:64)
[error] 
[error] Error: An unexpected error has occurred.
[debug] [2026-06-04T03:43:53.609Z] Error: write EIO
    at afterWriteDispatched (node:internal/stream_base_commons:159:15)
    at writeGeneric (node:internal/stream_base_commons:150:3)
    at Socket._writeGeneric (node:net:1025:11)
    at Socket._write (node:net:1037:8)
    at writeOrBuffer (node:internal/streams/writable:570:12)
    at _write (node:internal/streams/writable:499:10)
    at Writable.write (node:internal/streams/writable:508:10)
    at Console.log (/usr/local/google/home/agektmr/Development/webauthndemo/node_modules/firebase-tools/node_modules/winston/lib/winston/transports/console.js:79:23)
    at Console._write (/usr/local/google/home/agektmr/Development/webauthndemo/node_modules/firebase-tools/node_modules/winston-transport/index.js:103:17)
    at doWrite (/usr/local/google/home/agektmr/Development/webauthndemo/node_modules/firebase-tools/node_modules/winston-transport/node_modules/readable-stream/lib/_stream_writable.js:428:64)
[error] 
[error] Error: An unexpected error has occurred.
[debug] [2026-06-04T03:43:53.609Z] Error: write EIO
    at afterWriteDispatched (node:internal/stream_base_commons:159:15)
    at writeGeneric (node:internal/stream_base_commons:150:3)
    at Socket._writeGeneric (node:net:1025:11)
    at Socket._write (node:net:1037:8)
    at writeOrBuffer (node:internal/streams/writable:570:12)
    at _write (node:internal/streams/writable:499:10)
    at Writable.write (node:internal/streams/writable:508:10)
    at Console.log (/usr/local/google/home/agektmr/Development/webauthndemo/node_modules/firebase-tools/node_modules/winston/lib/winston/transports/console.js:79:23)
    at Console._write (/usr/local/google/home/agektmr/Development/webauthndemo/node_modules/firebase-tools/node_modules/winston-transport/index.js:103:17)
    at doWrite (/usr/local/google/home/agektmr/Development/webauthndemo/node_modules/firebase-tools/node_modules/winston-transport/node_modules/readable-stream/lib/_stream_writable.js:428:64)
[error] 
[error] Error: An unexpected error has occurred.
[debug] [2026-06-04T03:43:53.609Z] Error: write EIO
    at afterWriteDispatched (node:internal/stream_base_commons:159:15)
    at writeGeneric (node:internal/stream_base_commons:150:3)
    at Socket._writeGeneric (node:net:1025:11)
    at Socket._write (node:net:1037:8)
    at writeOrBuffer (node:internal/streams/writable:570:12)
    at _write (node:internal/streams/writable:499:10)
    at Writable.write (node:internal/streams/writable:508:10)
    at Console.log (/usr/local/google/home/agektmr/Development/webauthndemo/node_modules/firebase-tools/node_modules/winston/lib/winston/transports/console.js:79:23)
    at Console._write (/usr/local/google/home/agektmr/Development/webauthndemo/node_modules/firebase-tools/node_modules/winston-transport/index.js:103:17)
    at doWrite (/usr/local/google/home/agektmr/Development/webauthndemo/node_modules/firebase-tools/node_modules/winston-transport/node_modules/readable-stream/lib/_stream_writable.js:428:64)
[error] 
[error] Error: An unexpected error has occurred.
[debug] [2026-06-04T03:43:53.610Z] Error: write EIO
    at afterWriteDispatched (node:internal/stream_base_commons:159:15)
    at writeGeneric (node:internal/stream_base_commons:150:3)
    at Socket._writeGeneric (node:net:1025:11)
    at Socket._write (node:net:1037:8)
    at writeOrBuffer (node:internal/streams/writable:570:12)
    at _write (node:internal/streams/writable:499:10)
    at Writable.write (node:internal/streams/writable:508:10)
    at Console.log (/usr/local/google/home/agektmr/Development/webauthndemo/node_modules/firebase-tools/node_modules/winston/lib/winston/transports/console.js:79:23)
    at Console._write (/usr/local/google/home/agektmr/Development/webauthndemo/node_modules/firebase-tools/node_modules/winston-transport/index.js:103:17)
    at doWrite (/usr/local/google/home/agektmr/Development/webauthndemo/node_modules/firebase-tools/node_modules/winston-transport/node_modules/readable-stream/lib/_stream_writable.js:428:64)
[error] 
[error] Error: An unexpected error has occurred.
[debug] [2026-06-04T03:43:53.610Z] Error: write EIO
    at afterWriteDispatched (node:internal/stream_base_commons:159:15)
    at writeGeneric (node:internal/stream_base_commons:150:3)
    at Socket._writeGeneric (node:net:1025:11)
    at Socket._write (node:net:1037:8)
    at writeOrBuffer (node:internal/streams/writable:570:12)
    at _write (node:internal/streams/writable:499:10)
    at Writable.write (node:internal/streams/writable:508:10)
    at Console.log (/usr/local/google/home/agektmr/Development/webauthndemo/node_modules/firebase-tools/node_modules/winston/lib/winston/transports/console.js:79:23)
    at Console._write (/usr/local/google/home/agektmr/Development/webauthndemo/node_modules/firebase-tools/node_modules/winston-transport/index.js:103:17)
    at doWrite (/usr/local/google/home/agektmr/Development/webauthndemo/node_modules/firebase-tools/node_modules/winston-transport/node_modules/readable-stream/lib/_stream_writable.js:428:64)
[error] 
[error] Error: An unexpected error has occurred.
[debug] [2026-06-04T03:43:53.610Z] Error: write EIO
    at afterWriteDispatched (node:internal/stream_base_commons:159:15)
    at writeGeneric (node:internal/stream_base_commons:150:3)
    at Socket._writeGeneric (node:net:1025:11)
    at Socket._write (node:net:1037:8)
    at writeOrBuffer (node:internal/streams/writable:570:12)
    at _write (node:internal/streams/writable:499:10)
    at Writable.write (node:internal/streams/writable:508:10)
    at Console.log (/usr/local/google/home/agektmr/Development/webauthndemo/node_modules/firebase-tools/node_modules/winston/lib/winston/transports/console.js:79:23)
    at Console._write (/usr/local/google/home/agektmr/Development/webauthndemo/node_modules/firebase-tools/node_modules/winston-transport/index.js:103:17)
    at doWrite (/usr/local/google/home/agektmr/Development/webauthndemo/node_modules/firebase-tools/node_modules/winston-transport/node_modules/readable-stream/lib/_stream_writable.js:428:64)
[error] 
[error] Error: An unexpected error has occurred.
[debug] [2026-06-04T03:43:53.610Z] Error: write EIO
    at afterWriteDispatched (node:internal/stream_base_commons:159:15)
    at writeGeneric (node:internal/stream_base_commons:150:3)
    at Socket._writeGeneric (node:net:1025:11)
    at Socket._write (node:net:1037:8)
    at writeOrBuffer (node:internal/streams/writable:570:12)
    at _write (node:internal/streams/writable:499:10)
    at Writable.write (node:internal/streams/writable:508:10)
    at Console.log (/usr/local/google/home/agektmr/Development/webauthndemo/node_modules/firebase-tools/node_modules/winston/lib/winston/transports/console.js:79:23)
    at Console._write (/usr/local/google/home/agektmr/Development/webauthndemo/node_modules/firebase-tools/node_modules/winston-transport/index.js:103:17)
    at doWrite (/usr/local/google/home/agektmr/Development/webauthndemo/node_modules/firebase-tools/node_modules/winston-transport/node_modules/readable-stream/lib/_stream_writable.js:428:64)
[error] 
[error] Error: An unexpected error has occurred.
[debug] [2026-06-04T03:43:53.611Z] Error: write EIO
    at afterWriteDispatched (node:internal/stream_base_commons:159:15)
    at writeGeneric (node:internal/stream_base_commons:150:3)
    at Socket._writeGeneric (node:net:1025:11)
    at Socket._write (node:net:1037:8)
    at writeOrBuffer (node:internal/streams/writable:570:12)
    at _write (node:internal/streams/writable:499:10)
    at Writable.write (node:internal/streams/writable:508:10)
    at Console.log (/usr/local/google/home/agektmr/Development/webauthndemo/node_modules/firebase-tools/node_modules/winston/lib/winston/transports/console.js:79:23)
    at Console._write (/usr/local/google/home/agektmr/Development/webauthndemo/node_modules/firebase-tools/node_modules/winston-transport/index.js:103:17)
    at doWrite (/usr/local/google/home/agektmr/Development/webauthndemo/node_modules/firebase-tools/node_modules/winston-transport/node_modules/readable-stream/lib/_stream_writable.js:428:64)
[error] 
[error] Error: An unexpected error has occurred.
[debug] [2026-06-04T03:43:53.611Z] Error: write EIO
    at afterWriteDispatched (node:internal/stream_base_commons:159:15)
    at writeGeneric (node:internal/stream_base_commons:150:3)
    at Socket._writeGeneric (node:net:1025:11)
    at Socket._write (node:net:1037:8)
    at writeOrBuffer (node:internal/streams/writable:570:12)
    at _write (node:internal/streams/writable:499:10)
    at Writable.write (node:internal/streams/writable:508:10)
    at Console.log (/usr/local/google/home/agektmr/Development/webauthndemo/node_modules/firebase-tools/node_modules/winston/lib/winston/transports/console.js:79:23)
    at Console._write (/usr/local/google/home/agektmr/Development/webauthndemo/node_modules/firebase-tools/node_modules/winston-transport/index.js:103:17)
    at doWrite (/usr/local/google/home/agektmr/Development/webauthndemo/node_modules/firebase-tools/node_modules/winston-transport/node_modules/readable-stream/lib/_stream_writable.js:428:64)
[error] 
[error] Error: An unexpected error has occurred.
[debug] [2026-06-04T03:43:53.611Z] Error: write EIO
    at afterWriteDispatched (node:internal/stream_base_commons:159:15)
    at writeGeneric (node:internal/stream_base_commons:150:3)
    at Socket._writeGeneric (node:net:1025:11)
    at Socket._write (node:net:1037:8)
    at writeOrBuffer (node:internal/streams/writable:570:12)
    at _write (node:internal/streams/writable:499:10)
    at Writable.write (node:internal/streams/writable:508:10)
    at Console.log (/usr/local/google/home/agektmr/Development/webauthndemo/node_modules/firebase-tools/node_modules/winston/lib/winston/transports/console.js:79:23)
    at Console._write (/usr/local/google/home/agektmr/Development/webauthndemo/node_modules/firebase-tools/node_modules/winston-transport/index.js:103:17)
    at doWrite (/usr/local/google/home/agektmr/Development/webauthndemo/node_modules/firebase-tools/node_modules/winston-transport/node_modules/readable-stream/lib/_stream_writable.js:428:64)
[error] 
[error] Error: An unexpected error has occurred.
[debug] [2026-06-04T03:43:53.612Z] Error: write EIO
    at afterWriteDispatched (node:internal/stream_base_commons:159:15)
    at writeGeneric (node:internal/stream_base_commons:150:3)
    at Socket._writeGeneric (node:net:1025:11)
    at Socket._write (node:net:1037:8)
    at writeOrBuffer (node:internal/streams/writable:570:12)
    at _write (node:internal/streams/writable:499:10)
    at Writable.write (node:internal/streams/writable:508:10)
    at Console.log (/usr/local/google/home/agektmr/Development/webauthndemo/node_modules/firebase-tools/node_modules/winston/lib/winston/transports/console.js:79:23)
    at Console._write (/usr/local/google/home/agektmr/Development/webauthndemo/node_modules/firebase-tools/node_modules/winston-transport/index.js:103:17)
    at doWrite (/usr/local/google/home/agektmr/Development/webauthndemo/node_modules/firebase-tools/node_modules/winston-transport/node_modules/readable-stream/lib/_stream_writable.js:428:64)
[error] 
[error] Error: An unexpected error has occurred.
[debug] [2026-06-04T03:43:53.612Z] Error: write EIO
    at afterWriteDispatched (node:internal/stream_base_commons:159:15)
    at writeGeneric (node:internal/stream_base_commons:150:3)
    at Socket._writeGeneric (node:net:1025:11)
    at Socket._write (node:net:1037:8)
    at writeOrBuffer (node:internal/streams/writable:570:12)
    at _write (node:internal/streams/writable:499:10)
    at Writable.write (node:internal/streams/writable:508:10)
    at Console.log (/usr/local/google/home/agektmr/Development/webauthndemo/node_modules/firebase-tools/node_modules/winston/lib/winston/transports/console.js:79:23)
    at Console._write (/usr/local/google/home/agektmr/Development/webauthndemo/node_modules/firebase-tools/node_modules/winston-transport/index.js:103:17)
    at doWrite (/usr/local/google/home/agektmr/Development/webauthndemo/node_modules/firebase-tools/node_modules/winston-transport/node_modules/readable-stream/lib/_stream_writable.js:428:64)
[error] 
[error] Error: An unexpected error has occurred.
[debug] [2026-06-04T03:43:53.612Z] Error: write EIO
    at afterWriteDispatched (node:internal/stream_base_commons:159:15)
    at writeGeneric (node:internal/stream_base_commons:150:3)
    at Socket._writeGeneric (node:net:1025:11)
    at Socket._write (node:net:1037:8)
    at writeOrBuffer (node:internal/streams/writable:570:12)
    at _write (node:internal/streams/writable:499:10)
    at Writable.write (node:internal/streams/writable:508:10)
    at Console.log (/usr/local/google/home/agektmr/Development/webauthndemo/node_modules/firebase-tools/node_modules/winston/lib/winston/transports/console.js:79:23)
    at Console._write (/usr/local/google/home/agektmr/Development/webauthndemo/node_modules/firebase-tools/node_modules/winston-transport/index.js:103:17)
    at doWrite (/usr/local/google/home/agektmr/Development/webauthndemo/node_modules/firebase-tools/node_modules/winston-transport/node_modules/readable-stream/lib/_stream_writable.js:428:64)
[error] 
[error] Error: An unexpected error has occurred.
[debug] [2026-06-04T03:43:53.613Z] Error: write EIO
    at afterWriteDispatched (node:internal/stream_base_commons:159:15)
    at writeGeneric (node:internal/stream_base_commons:150:3)
    at Socket._writeGeneric (node:net:1025:11)
    at Socket._write (node:net:1037:8)
    at writeOrBuffer (node:internal/streams/writable:570:12)
    at _write (node:internal/streams/writable:499:10)
    at Writable.write (node:internal/streams/writable:508:10)
    at Console.log (/usr/local/google/home/agektmr/Development/webauthndemo/node_modules/firebase-tools/node_modules/winston/lib/winston/transports/console.js:79:23)
    at Console._write (/usr/local/google/home/agektmr/Development/webauthndemo/node_modules/firebase-tools/node_modules/winston-transport/index.js:103:17)
    at doWrite (/usr/local/google/home/agektmr/Development/webauthndemo/node_modules/firebase-tools/node_modules/winston-transport/node_modules/readable-stream/lib/_stream_writable.js:428:64)
[error] 
[error] Error: An unexpected error has occurred.
[debug] [2026-06-04T03:43:53.613Z] Error: write EIO
    at afterWriteDispatched (node:internal/stream_base_commons:159:15)
    at writeGeneric (node:internal/stream_base_commons:150:3)
    at Socket._writeGeneric (node:net:1025:11)
    at Socket._write (node:net:1037:8)
    at writeOrBuffer (node:internal/streams/writable:570:12)
    at _write (node:internal/streams/writable:499:10)
    at Writable.write (node:internal/streams/writable:508:10)
    at Console.log (/usr/local/google/home/agektmr/Development/webauthndemo/node_modules/firebase-tools/node_modules/winston/lib/winston/transports/console.js:79:23)
    at Console._write (/usr/local/google/home/agektmr/Development/webauthndemo/node_modules/firebase-tools/node_modules/winston-transport/index.js:103:17)
    at doWrite (/usr/local/google/home/agektmr/Development/webauthndemo/node_modules/firebase-tools/node_modules/winston-transport/node_modules/readable-stream/lib/_stream_writable.js:428:64)
[error] 
[error] Error: An unexpected error has occurred.
[debug] [2026-06-04T03:43:53.614Z] Error: write EIO
    at afterWriteDispatched (node:internal/stream_base_commons:159:15)
    at writeGeneric (node:internal/stream_base_commons:150:3)
    at Socket._writeGeneric (node:net:1025:11)
    at Socket._write (node:net:1037:8)
    at writeOrBuffer (node:internal/streams/writable:570:12)
    at _write (node:internal/streams/writable:499:10)
    at Writable.write (node:internal/streams/writable:508:10)
    at Console.log (/usr/local/google/home/agektmr/Development/webauthndemo/node_modules/firebase-tools/node_modules/winston/lib/winston/transports/console.js:79:23)
    at Console._write (/usr/local/google/home/agektmr/Development/webauthndemo/node_modules/firebase-tools/node_modules/winston-transport/index.js:103:17)
    at doWrite (/usr/local/google/home/agektmr/Development/webauthndemo/node_modules/firebase-tools/node_modules/winston-transport/node_modules/readable-stream/lib/_stream_writable.js:428:64)
[error] 
[error] Error: An unexpected error has occurred.
[debug] [2026-06-04T03:43:53.614Z] Error: write EIO
    at afterWriteDispatched (node:internal/stream_base_commons:159:15)
    at writeGeneric (node:internal/stream_base_commons:150:3)
    at Socket._writeGeneric (node:net:1025:11)
    at Socket._write (node:net:1037:8)
    at writeOrBuffer (node:internal/streams/writable:570:12)
    at _write (node:internal/streams/writable:499:10)
    at Writable.write (node:internal/streams/writable:508:10)
    at Console.log (/usr/local/google/home/agektmr/Development/webauthndemo/node_modules/firebase-tools/node_modules/winston/lib/winston/transports/console.js:79:23)
    at Console._write (/usr/local/google/home/agektmr/Development/webauthndemo/node_modules/firebase-tools/node_modules/winston-transport/index.js:103:17)
    at doWrite (/usr/local/google/home/agektmr/Development/webauthndemo/node_modules/firebase-tools/node_modules/winston-transport/node_modules/readable-stream/lib/_stream_writable.js:428:64)
[error] 
[error] Error: An unexpected error has occurred.
[debug] [2026-06-04T03:43:53.614Z] Error: write EIO
    at afterWriteDispatched (node:internal/stream_base_commons:159:15)
    at writeGeneric (node:internal/stream_base_commons:150:3)
    at Socket._writeGeneric (node:net:1025:11)
    at Socket._write (node:net:1037:8)
    at writeOrBuffer (node:internal/streams/writable:570:12)
    at _write (node:internal/streams/writable:499:10)
    at Writable.write (node:internal/streams/writable:508:10)
    at Console.log (/usr/local/google/home/agektmr/Development/webauthndemo/node_modules/firebase-tools/node_modules/winston/lib/winston/transports/console.js:79:23)
    at Console._write (/usr/local/google/home/agektmr/Development/webauthndemo/node_modules/firebase-tools/node_modules/winston-transport/index.js:103:17)
    at doWrite (/usr/local/google/home/agektmr/Development/webauthndemo/node_modules/firebase-tools/node_modules/winston-transport/node_modules/readable-stream/lib/_stream_writable.js:428:64)
[error] 
[error] Error: An unexpected error has occurred.
[debug] [2026-06-04T03:43:53.614Z] Error: write EIO
    at afterWriteDispatched (node:internal/stream_base_commons:159:15)
    at writeGeneric (node:internal/stream_base_commons:150:3)
    at Socket._writeGeneric (node:net:1025:11)
    at Socket._write (node:net:1037:8)
    at writeOrBuffer (node:internal/streams/writable:570:12)
    at _write (node:internal/streams/writable:499:10)
    at Writable.write (node:internal/streams/writable:508:10)
    at Console.log (/usr/local/google/home/agektmr/Development/webauthndemo/node_modules/firebase-tools/node_modules/winston/lib/winston/transports/console.js:79:23)
    at Console._write (/usr/local/google/home/agektmr/Development/webauthndemo/node_modules/firebase-tools/node_modules/winston-transport/index.js:103:17)
    at doWrite (/usr/local/google/home/agektmr/Development/webauthndemo/node_modules/firebase-tools/node_modules/winston-transport/node_modules/readable-stream/lib/_stream_writable.js:428:64)
[error] 
[error] Error: An unexpected error has occurred.
[debug] [2026-06-04T03:43:53.615Z] Error: write EIO
    at afterWriteDispatched (node:internal/stream_base_commons:159:15)
    at writeGeneric (node:internal/stream_base_commons:150:3)
    at Socket._writeGeneric (node:net:1025:11)
    at Socket._write (node:net:1037:8)
    at writeOrBuffer (node:internal/streams/writable:570:12)
    at _write (node:internal/streams/writable:499:10)
    at Writable.write (node:internal/streams/writable:508:10)
    at Console.log (/usr/local/google/home/agektmr/Development/webauthndemo/node_modules/firebase-tools/node_modules/winston/lib/winston/transports/console.js:79:23)
    at Console._write (/usr/local/google/home/agektmr/Development/webauthndemo/node_modules/firebase-tools/node_modules/winston-transport/index.js:103:17)
    at doWrite (/usr/local/google/home/agektmr/Development/webauthndemo/node_modules/firebase-tools/node_modules/winston-transport/node_modules/readable-stream/lib/_stream_writable.js:428:64)
[error] 
[error] Error: An unexpected error has occurred.
[debug] [2026-06-04T03:43:53.615Z] Error: write EIO
    at afterWriteDispatched (node:internal/stream_base_commons:159:15)
    at writeGeneric (node:internal/stream_base_commons:150:3)
    at Socket._writeGeneric (node:net:1025:11)
    at Socket._write (node:net:1037:8)
    at writeOrBuffer (node:internal/streams/writable:570:12)
    at _write (node:internal/streams/writable:499:10)
    at Writable.write (node:internal/streams/writable:508:10)
    at Console.log (/usr/local/google/home/agektmr/Development/webauthndemo/node_modules/firebase-tools/node_modules/winston/lib/winston/transports/console.js:79:23)
    at Console._write (/usr/local/google/home/agektmr/Development/webauthndemo/node_modules/firebase-tools/node_modules/winston-transport/index.js:103:17)
    at doWrite (/usr/local/google/home/agektmr/Development/webauthndemo/node_modules/firebase-tools/node_modules/winston-transport/node_modules/readable-stream/lib/_stream_writable.js:428:64)
[error] 
[error] Error: An unexpected error has occurred.
[debug] [2026-06-04T03:43:53.616Z] Error: write EIO
    at afterWriteDispatched (node:internal/stream_base_commons:159:15)
    at writeGeneric (node:internal/stream_base_commons:150:3)
    at Socket._writeGeneric (node:net:1025:11)
    at Socket._write (node:net:1037:8)
    at writeOrBuffer (node:internal/streams/writable:570:12)
    at _write (node:internal/streams/writable:499:10)
    at Writable.write (node:internal/streams/writable:508:10)
    at Console.log (/usr/local/google/home/agektmr/Development/webauthndemo/node_modules/firebase-tools/node_modules/winston/lib/winston/transports/console.js:79:23)
    at Console._write (/usr/local/google/home/agektmr/Development/webauthndemo/node_modules/firebase-tools/node_modules/winston-transport/index.js:103:17)
    at doWrite (/usr/local/google/home/agektmr/Development/webauthndemo/node_modules/firebase-tools/node_modules/winston-transport/node_modules/readable-stream/lib/_stream_writable.js:428:64)
[error] 
[error] Error: An unexpected error has occurred.
[debug] [2026-06-04T03:43:53.616Z] Error: write EIO
    at afterWriteDispatched (node:internal/stream_base_commons:159:15)
    at writeGeneric (node:internal/stream_base_commons:150:3)
    at Socket._writeGeneric (node:net:1025:11)
    at Socket._write (node:net:1037:8)
    at writeOrBuffer (node:internal/streams/writable:570:12)
    at _write (node:internal/streams/writable:499:10)
    at Writable.write (node:internal/streams/writable:508:10)
    at Console.log (/usr/local/google/home/agektmr/Development/webauthndemo/node_modules/firebase-tools/node_modules/winston/lib/winston/transports/console.js:79:23)
    at Console._write (/usr/local/google/home/agektmr/Development/webauthndemo/node_modules/firebase-tools/node_modules/winston-transport/index.js:103:17)
    at doWrite (/usr/local/google/home/agektmr/Development/webauthndemo/node_modules/firebase-tools/node_modules/winston-transport/node_modules/readable-stream/lib/_stream_writable.js:428:64)
[error] 
[error] Error: An unexpected error has occurred.
[debug] [2026-06-04T03:43:53.617Z] Error: write EIO
    at afterWriteDispatched (node:internal/stream_base_commons:159:15)
    at writeGeneric (node:internal/stream_base_commons:150:3)
    at Socket._writeGeneric (node:net:1025:11)
    at Socket._write (node:net:1037:8)
    at writeOrBuffer (node:internal/streams/writable:570:12)
    at _write (node:internal/streams/writable:499:10)
    at Writable.write (node:internal/streams/writable:508:10)
    at Console.log (/usr/local/google/home/agektmr/Development/webauthndemo/node_modules/firebase-tools/node_modules/winston/lib/winston/transports/console.js:79:23)
    at Console._write (/usr/local/google/home/agektmr/Development/webauthndemo/node_modules/firebase-tools/node_modules/winston-transport/index.js:103:17)
    at doWrite (/usr/local/google/home/agektmr/Development/webauthndemo/node_modules/firebase-tools/node_modules/winston-transport/node_modules/readable-stream/lib/_stream_writable.js:428:64)
[error] 
[error] Error: An unexpected error has occurred.
[debug] [2026-06-04T03:43:53.617Z] Error: write EIO
    at afterWriteDispatched (node:internal/stream_base_commons:159:15)
    at writeGeneric (node:internal/stream_base_commons:150:3)
    at Socket._writeGeneric (node:net:1025:11)
    at Socket._write (node:net:1037:8)
    at writeOrBuffer (node:internal/streams/writable:570:12)
    at _write (node:internal/streams/writable:499:10)
    at Writable.write (node:internal/streams/writable:508:10)
    at Console.log (/usr/local/google/home/agektmr/Development/webauthndemo/node_modules/firebase-tools/node_modules/winston/lib/winston/transports/console.js:79:23)
    at Console._write (/usr/local/google/home/agektmr/Development/webauthndemo/node_modules/firebase-tools/node_modules/winston-transport/index.js:103:17)
    at doWrite (/usr/local/google/home/agektmr/Development/webauthndemo/node_modules/firebase-tools/node_modules/winston-transport/node_modules/readable-stream/lib/_stream_writable.js:428:64)
[error] 
[error] Error: An unexpected error has occurred.
[debug] [2026-06-04T03:43:53.618Z] Error: write EIO
    at afterWriteDispatched (node:internal/stream_base_commons:159:15)
    at writeGeneric (node:internal/stream_base_commons:150:3)
    at Socket._writeGeneric (node:net:1025:11)
    at Socket._write (node:net:1037:8)
    at writeOrBuffer (node:internal/streams/writable:570:12)
    at _write (node:internal/streams/writable:499:10)
    at Writable.write (node:internal/streams/writable:508:10)
    at Console.log (/usr/local/google/home/agektmr/Development/webauthndemo/node_modules/firebase-tools/node_modules/winston/lib/winston/transports/console.js:79:23)
    at Console._write (/usr/local/google/home/agektmr/Development/webauthndemo/node_modules/firebase-tools/node_modules/winston-transport/index.js:103:17)
    at doWrite (/usr/local/google/home/agektmr/Development/webauthndemo/node_modules/firebase-tools/node_modules/winston-transport/node_modules/readable-stream/lib/_stream_writable.js:428:64)
[error] 
[error] Error: An unexpected error has occurred.
[debug] [2026-06-04T03:43:53.618Z] Error: write EIO
    at afterWriteDispatched (node:internal/stream_base_commons:159:15)
    at writeGeneric (node:internal/stream_base_commons:150:3)
    at Socket._writeGeneric (node:net:1025:11)
    at Socket._write (node:net:1037:8)
    at writeOrBuffer (node:internal/streams/writable:570:12)
    at _write (node:internal/streams/writable:499:10)
    at Writable.write (node:internal/streams/writable:508:10)
    at Console.log (/usr/local/google/home/agektmr/Development/webauthndemo/node_modules/firebase-tools/node_modules/winston/lib/winston/transports/console.js:79:23)
    at Console._write (/usr/local/google/home/agektmr/Development/webauthndemo/node_modules/firebase-tools/node_modules/winston-transport/index.js:103:17)
    at doWrite (/usr/local/google/home/agektmr/Development/webauthndemo/node_modules/firebase-tools/node_modules/winston-transport/node_modules/readable-stream/lib/_stream_writable.js:428:64)
[error] 
[error] Error: An unexpected error has occurred.
[debug] [2026-06-04T03:43:53.619Z] Error: write EIO
    at afterWriteDispatched (node:internal/stream_base_commons:159:15)
    at writeGeneric (node:internal/stream_base_commons:150:3)
    at Socket._writeGeneric (node:net:1025:11)
    at Socket._write (node:net:1037:8)
    at writeOrBuffer (node:internal/streams/writable:570:12)
    at _write (node:internal/streams/writable:499:10)
    at Writable.write (node:internal/streams/writable:508:10)
    at Console.log (/usr/local/google/home/agektmr/Development/webauthndemo/node_modules/firebase-tools/node_modules/winston/lib/winston/transports/console.js:79:23)
    at Console._write (/usr/local/google/home/agektmr/Development/webauthndemo/node_modules/firebase-tools/node_modules/winston-transport/index.js:103:17)
    at doWrite (/usr/local/google/home/agektmr/Development/webauthndemo/node_modules/firebase-tools/node_modules/winston-transport/node_modules/readable-stream/lib/_stream_writable.js:428:64)
[error] 
[error] Error: An unexpected error has occurred.
[debug] [2026-06-04T03:43:53.619Z] Error: write EIO
    at afterWriteDispatched (node:internal/stream_base_commons:159:15)
    at writeGeneric (node:internal/stream_base_commons:150:3)
    at Socket._writeGeneric (node:net:1025:11)
    at Socket._write (node:net:1037:8)
    at writeOrBuffer (node:internal/streams/writable:570:12)
    at _write (node:internal/streams/writable:499:10)
    at Writable.write (node:internal/streams/writable:508:10)
    at Console.log (/usr/local/google/home/agektmr/Development/webauthndemo/node_modules/firebase-tools/node_modules/winston/lib/winston/transports/console.js:79:23)
    at Console._write (/usr/local/google/home/agektmr/Development/webauthndemo/node_modules/firebase-tools/node_modules/winston-transport/index.js:103:17)
    at doWrite (/usr/local/google/home/agektmr/Development/webauthndemo/node_modules/firebase-tools/node_modules/winston-transport/node_modules/readable-stream/lib/_stream_writable.js:428:64)
[error] 
[error] Error: An unexpected error has occurred.
[debug] [2026-06-04T03:43:53.620Z] Error: write EIO
    at afterWriteDispatched (node:internal/stream_base_commons:159:15)
    at writeGeneric (node:internal/stream_base_commons:150:3)
    at Socket._writeGeneric (node:net:1025:11)
    at Socket._write (node:net:1037:8)
    at writeOrBuffer (node:internal/streams/writable:570:12)
    at _write (node:internal/streams/writable:499:10)
    at Writable.write (node:internal/streams/writable:508:10)
    at Console.log (/usr/local/google/home/agektmr/Development/webauthndemo/node_modules/firebase-tools/node_modules/winston/lib/winston/transports/console.js:79:23)
    at Console._write (/usr/local/google/home/agektmr/Development/webauthndemo/node_modules/firebase-tools/node_modules/winston-transport/index.js:103:17)
    at doWrite (/usr/local/google/home/agektmr/Development/webauthndemo/node_modules/firebase-tools/node_modules/winston-transport/node_modules/readable-stream/lib/_stream_writable.js:428:64)
[error] 
[error] Error: An unexpected error has occurred.
[debug] [2026-06-04T03:43:53.621Z] Error: write EIO
    at afterWriteDispatched (node:internal/stream_base_commons:159:15)
    at writeGeneric (node:internal/stream_base_commons:150:3)
    at Socket._writeGeneric (node:net:1025:11)
    at Socket._write (node:net:1037:8)
    at writeOrBuffer (node:internal/streams/writable:570:12)
    at _write (node:internal/streams/writable:499:10)
    at Writable.write (node:internal/streams/writable:508:10)
    at Console.log (/usr/local/google/home/agektmr/Development/webauthndemo/node_modules/firebase-tools/node_modules/winston/lib/winston/transports/console.js:79:23)
    at Console._write (/usr/local/google/home/agektmr/Development/webauthndemo/node_modules/firebase-tools/node_modules/winston-transport/index.js:103:17)
    at doWrite (/usr/local/google/home/agektmr/Development/webauthndemo/node_modules/firebase-tools/node_modules/winston-transport/node_modules/readable-stream/lib/_stream_writable.js:428:64)
[error] 
[error] Error: An unexpected error has occurred.
[debug] [2026-06-04T03:43:53.622Z] Error: write EIO
    at afterWriteDispatched (node:internal/stream_base_commons:159:15)
    at writeGeneric (node:internal/stream_base_commons:150:3)
    at Socket._writeGeneric (node:net:1025:11)
    at Socket._write (node:net:1037:8)
    at writeOrBuffer (node:internal/streams/writable:570:12)
    at _write (node:internal/streams/writable:499:10)
    at Writable.write (node:internal/streams/writable:508:10)
    at Console.log (/usr/local/google/home/agektmr/Development/webauthndemo/node_modules/firebase-tools/node_modules/winston/lib/winston/transports/console.js:79:23)
    at Console._write (/usr/local/google/home/agektmr/Development/webauthndemo/node_modules/firebase-tools/node_modules/winston-transport/index.js:103:17)
    at doWrite (/usr/local/google/home/agektmr/Development/webauthndemo/node_modules/firebase-tools/node_modules/winston-transport/node_modules/readable-stream/lib/_stream_writable.js:428:64)
[error] 
[error] Error: An unexpected error has occurred.
[debug] [2026-06-04T03:43:53.623Z] Error: write EIO
    at afterWriteDispatched (node:internal/stream_base_commons:159:15)
    at writeGeneric (node:internal/stream_base_commons:150:3)
    at Socket._writeGeneric (node:net:1025:11)
    at Socket._write (node:net:1037:8)
    at writeOrBuffer (node:internal/streams/writable:570:12)
    at _write (node:internal/streams/writable:499:10)
    at Writable.write (node:internal/streams/writable:508:10)
    at Console.log (/usr/local/google/home/agektmr/Development/webauthndemo/node_modules/firebase-tools/node_modules/winston/lib/winston/transports/console.js:79:23)
    at Console._write (/usr/local/google/home/agektmr/Development/webauthndemo/node_modules/firebase-tools/node_modules/winston-transport/index.js:103:17)
    at doWrite (/usr/local/google/home/agektmr/Development/webauthndemo/node_modules/firebase-tools/node_modules/winston-transport/node_modules/readable-stream/lib/_stream_writable.js:428:64)
[error] 
[error] Error: An unexpected error has occurred.
[debug] [2026-06-04T03:43:53.623Z] Error: write EIO
    at afterWriteDispatched (node:internal/stream_base_commons:159:15)
    at writeGeneric (node:internal/stream_base_commons:150:3)
    at Socket._writeGeneric (node:net:1025:11)
    at Socket._write (node:net:1037:8)
    at writeOrBuffer (node:internal/streams/writable:570:12)
    at _write (node:internal/streams/writable:499:10)
    at Writable.write (node:internal/streams/writable:508:10)
    at Console.log (/usr/local/google/home/agektmr/Development/webauthndemo/node_modules/firebase-tools/node_modules/winston/lib/winston/transports/console.js:79:23)
    at Console._write (/usr/local/google/home/agektmr/Development/webauthndemo/node_modules/firebase-tools/node_modules/winston-transport/index.js:103:17)
    at doWrite (/usr/local/google/home/agektmr/Development/webauthndemo/node_modules/firebase-tools/node_modules/winston-transport/node_modules/readable-stream/lib/_stream_writable.js:428:64)
[error] 
[error] Error: An unexpected error has occurred.
[debug] [2026-06-04T03:43:53.624Z] Error: write EIO
    at afterWriteDispatched (node:internal/stream_base_commons:159:15)
    at writeGeneric (node:internal/stream_base_commons:150:3)
    at Socket._writeGeneric (node:net:1025:11)
    at Socket._write (node:net:1037:8)
    at writeOrBuffer (node:internal/streams/writable:570:12)
    at _write (node:internal/streams/writable:499:10)
    at Writable.write (node:internal/streams/writable:508:10)
    at Console.log (/usr/local/google/home/agektmr/Development/webauthndemo/node_modules/firebase-tools/node_modules/winston/lib/winston/transports/console.js:79:23)
    at Console._write (/usr/local/google/home/agektmr/Development/webauthndemo/node_modules/firebase-tools/node_modules/winston-transport/index.js:103:17)
    at doWrite (/usr/local/google/home/agektmr/Development/webauthndemo/node_modules/firebase-tools/node_modules/winston-transport/node_modules/readable-stream/lib/_stream_writable.js:428:64)
[error] 
[error] Error: An unexpected error has occurred.
[debug] [2026-06-04T03:43:53.624Z] Error: write EIO
    at afterWriteDispatched (node:internal/stream_base_commons:159:15)
    at writeGeneric (node:internal/stream_base_commons:150:3)
    at Socket._writeGeneric (node:net:1025:11)
    at Socket._write (node:net:1037:8)
    at writeOrBuffer (node:internal/streams/writable:570:12)
    at _write (node:internal/streams/writable:499:10)
    at Writable.write (node:internal/streams/writable:508:10)
    at Console.log (/usr/local/google/home/agektmr/Development/webauthndemo/node_modules/firebase-tools/node_modules/winston/lib/winston/transports/console.js:79:23)
    at Console._write (/usr/local/google/home/agektmr/Development/webauthndemo/node_modules/firebase-tools/node_modules/winston-transport/index.js:103:17)
    at doWrite (/usr/local/google/home/agektmr/Development/webauthndemo/node_modules/firebase-tools/node_modules/winston-transport/node_modules/readable-stream/lib/_stream_writable.js:428:64)
[error] 
[error] Error: An unexpected error has occurred.
[debug] [2026-06-04T03:43:53.625Z] Error: write EIO
    at afterWriteDispatched (node:internal/stream_base_commons:159:15)
    at writeGeneric (node:internal/stream_base_commons:150:3)
    at Socket._writeGeneric (node:net:1025:11)
    at Socket._write (node:net:1037:8)
    at writeOrBuffer (node:internal/streams/writable:570:12)
    at _write (node:internal/streams/writable:499:10)
    at Writable.write (node:internal/streams/writable:508:10)
    at Console.log (/usr/local/google/home/agektmr/Development/webauthndemo/node_modules/firebase-tools/node_modules/winston/lib/winston/transports/console.js:79:23)
    at Console._write (/usr/local/google/home/agektmr/Development/webauthndemo/node_modules/firebase-tools/node_modules/winston-transport/index.js:103:17)
    at doWrite (/usr/local/google/home/agektmr/Development/webauthndemo/node_modules/firebase-tools/node_modules/winston-transport/node_modules/readable-stream/lib/_stream_writable.js:428:64)
[error] 
[error] Error: An unexpected error has occurred.
[debug] [2026-06-04T03:43:53.625Z] Error: write EIO
    at afterWriteDispatched (node:internal/stream_base_commons:159:15)
    at writeGeneric (node:internal/stream_base_commons:150:3)
    at Socket._writeGeneric (node:net:1025:11)
    at Socket._write (node:net:1037:8)
    at writeOrBuffer (node:internal/streams/writable:570:12)
    at _write (node:internal/streams/writable:499:10)
    at Writable.write (node:internal/streams/writable:508:10)
    at Console.log (/usr/local/google/home/agektmr/Development/webauthndemo/node_modules/firebase-tools/node_modules/winston/lib/winston/transports/console.js:79:23)
    at Console._write (/usr/local/google/home/agektmr/Development/webauthndemo/node_modules/firebase-tools/node_modules/winston-transport/index.js:103:17)
    at doWrite (/usr/local/google/home/agektmr/Development/webauthndemo/node_modules/firebase-tools/node_modules/winston-transport/node_modules/readable-stream/lib/_stream_writable.js:428:64)
[error] 
[error] Error: An unexpected error has occurred.
[debug] [2026-06-04T03:43:53.626Z] Error: write EIO
    at afterWriteDispatched (node:internal/stream_base_commons:159:15)
    at writeGeneric (node:internal/stream_base_commons:150:3)
    at Socket._writeGeneric (node:net:1025:11)
    at Socket._write (node:net:1037:8)
    at writeOrBuffer (node:internal/streams/writable:570:12)
    at _write (node:internal/streams/writable:499:10)
    at Writable.write (node:internal/streams/writable:508:10)
    at Console.log (/usr/local/google/home/agektmr/Development/webauthndemo/node_modules/firebase-tools/node_modules/winston/lib/winston/transports/console.js:79:23)
    at Console._write (/usr/local/google/home/agektmr/Development/webauthndemo/node_modules/firebase-tools/node_modules/winston-transport/index.js:103:17)
    at doWrite (/usr/local/google/home/agektmr/Development/webauthndemo/node_modules/firebase-tools/node_modules/winston-transport/node_modules/readable-stream/lib/_stream_writable.js:428:64)
[error] 
[error] Error: An unexpected error has occurred.
[debug] [2026-06-04T03:43:53.626Z] Error: write EIO
    at afterWriteDispatched (node:internal/stream_base_commons:159:15)
    at writeGeneric (node:internal/stream_base_commons:150:3)
    at Socket._writeGeneric (node:net:1025:11)
    at Socket._write (node:net:1037:8)
    at writeOrBuffer (node:internal/streams/writable:570:12)
    at _write (node:internal/streams/writable:499:10)
    at Writable.write (node:internal/streams/writable:508:10)
    at Console.log (/usr/local/google/home/agektmr/Development/webauthndemo/node_modules/firebase-tools/node_modules/winston/lib/winston/transports/console.js:79:23)
    at Console._write (/usr/local/google/home/agektmr/Development/webauthndemo/node_modules/firebase-tools/node_modules/winston-transport/index.js:103:17)
    at doWrite (/usr/local/google/home/agektmr/Development/webauthndemo/node_modules/firebase-tools/node_modules/winston-transport/node_modules/readable-stream/lib/_stream_writable.js:428:64)
[error] 
[error] Error: An unexpected error has occurred.
[debug] [2026-06-04T03:43:53.626Z] Error: write EIO
    at afterWriteDispatched (node:internal/stream_base_commons:159:15)
    at writeGeneric (node:internal/stream_base_commons:150:3)
    at Socket._writeGeneric (node:net:1025:11)
    at Socket._write (node:net:1037:8)
    at writeOrBuffer (node:internal/streams/writable:570:12)
    at _write (node:internal/streams/writable:499:10)
    at Writable.write (node:internal/streams/writable:508:10)
    at Console.log (/usr/local/google/home/agektmr/Development/webauthndemo/node_modules/firebase-tools/node_modules/winston/lib/winston/transports/console.js:79:23)
    at Console._write (/usr/local/google/home/agektmr/Development/webauthndemo/node_modules/firebase-tools/node_modules/winston-transport/index.js:103:17)
    at doWrite (/usr/local/google/home/agektmr/Development/webauthndemo/node_modules/firebase-tools/node_modules/winston-transport/node_modules/readable-stream/lib/_stream_writable.js:428:64)
[error] 
[error] Error: An unexpected error has occurred.
[debug] [2026-06-04T03:43:53.627Z] Error: write EIO
    at afterWriteDispatched (node:internal/stream_base_commons:159:15)
    at writeGeneric (node:internal/stream_base_commons:150:3)
    at Socket._writeGeneric (node:net:1025:11)
    at Socket._write (node:net:1037:8)
    at writeOrBuffer (node:internal/streams/writable:570:12)
    at _write (node:internal/streams/writable:499:10)
    at Writable.write (node:internal/streams/writable:508:10)
    at Console.log (/usr/local/google/home/agektmr/Development/webauthndemo/node_modules/firebase-tools/node_modules/winston/lib/winston/transports/console.js:79:23)
    at Console._write (/usr/local/google/home/agektmr/Development/webauthndemo/node_modules/firebase-tools/node_modules/winston-transport/index.js:103:17)
    at doWrite (/usr/local/google/home/agektmr/Development/webauthndemo/node_modules/firebase-tools/node_modules/winston-transport/node_modules/readable-stream/lib/_stream_writable.js:428:64)
[error] 
[error] Error: An unexpected error has occurred.
[debug] [2026-06-04T03:43:53.628Z] <<< [apiv2][status] GET http://127.0.0.1:4400/ 200
[debug] [2026-06-04T03:43:53.628Z] <<< [apiv2][body] GET http://127.0.0.1:4400/ {"version":"15.19.0","origins":["http://127.0.0.1:4400","http://[::1]:4400"],"pid":546118,"host":"127.0.0.1","port":4400}
[info] i  Found running emulator hub for project try-webauthn at http://127.0.0.1:4400 
[info] i  Exporting data to: /usr/local/google/home/agektmr/Development/webauthndemo/.data 
[debug] [2026-06-04T03:43:53.630Z] >>> [apiv2][query] GET http://127.0.0.1:4400/ [none]
[debug] [2026-06-04T03:43:53.635Z] Error: write EIO
    at afterWriteDispatched (node:internal/stream_base_commons:159:15)
    at writeGeneric (node:internal/stream_base_commons:150:3)
    at Socket._writeGeneric (node:net:1025:11)
    at Socket._write (node:net:1037:8)
    at writeOrBuffer (node:internal/streams/writable:570:12)
    at _write (node:internal/streams/writable:499:10)
    at Writable.write (node:internal/streams/writable:508:10)
    at Console.log (/usr/local/google/home/agektmr/Development/webauthndemo/node_modules/firebase-tools/node_modules/winston/lib/winston/transports/console.js:79:23)
    at Console._write (/usr/local/google/home/agektmr/Development/webauthndemo/node_modules/firebase-tools/node_modules/winston-transport/index.js:103:17)
    at doWrite (/usr/local/google/home/agektmr/Development/webauthndemo/node_modules/firebase-tools/node_modules/winston-transport/node_modules/readable-stream/lib/_stream_writable.js:428:64)
[error] 
[error] Error: An unexpected error has occurred.
[debug] [2026-06-04T03:43:53.636Z] Error: write EIO
    at afterWriteDispatched (node:internal/stream_base_commons:159:15)
    at writeGeneric (node:internal/stream_base_commons:150:3)
    at Socket._writeGeneric (node:net:1025:11)
    at Socket._write (node:net:1037:8)
    at writeOrBuffer (node:internal/streams/writable:570:12)
    at _write (node:internal/streams/writable:499:10)
    at Writable.write (node:internal/streams/writable:508:10)
    at Console.log (/usr/local/google/home/agektmr/Development/webauthndemo/node_modules/firebase-tools/node_modules/winston/lib/winston/transports/console.js:79:23)
    at Console._write (/usr/local/google/home/agektmr/Development/webauthndemo/node_modules/firebase-tools/node_modules/winston-transport/index.js:103:17)
    at doWrite (/usr/local/google/home/agektmr/Development/webauthndemo/node_modules/firebase-tools/node_modules/winston-transport/node_modules/readable-stream/lib/_stream_writable.js:428:64)
[error] 
[error] Error: An unexpected error has occurred.
[debug] [2026-06-04T03:43:53.637Z] Error: write EIO
    at afterWriteDispatched (node:internal/stream_base_commons:159:15)
    at writeGeneric (node:internal/stream_base_commons:150:3)
    at Socket._writeGeneric (node:net:1025:11)
    at Socket._write (node:net:1037:8)
    at writeOrBuffer (node:internal/streams/writable:570:12)
    at _write (node:internal/streams/writable:499:10)
    at Writable.write (node:internal/streams/writable:508:10)
    at Console.log (/usr/local/google/home/agektmr/Development/webauthndemo/node_modules/firebase-tools/node_modules/winston/lib/winston/transports/console.js:79:23)
    at Console._write (/usr/local/google/home/agektmr/Development/webauthndemo/node_modules/firebase-tools/node_modules/winston-transport/index.js:103:17)
    at doWrite (/usr/local/google/home/agektmr/Development/webauthndemo/node_modules/firebase-tools/node_modules/winston-transport/node_modules/readable-stream/lib/_stream_writable.js:428:64)
[error] 
[error] Error: An unexpected error has occurred.
[debug] [2026-06-04T03:43:53.638Z] Error: write EIO
    at afterWriteDispatched (node:internal/stream_base_commons:159:15)
    at writeGeneric (node:internal/stream_base_commons:150:3)
    at Socket._writeGeneric (node:net:1025:11)
    at Socket._write (node:net:1037:8)
    at writeOrBuffer (node:internal/streams/writable:570:12)
    at _write (node:internal/streams/writable:499:10)
    at Writable.write (node:internal/streams/writable:508:10)
    at Console.log (/usr/local/google/home/agektmr/Development/webauthndemo/node_modules/firebase-tools/node_modules/winston/lib/winston/transports/console.js:79:23)
    at Console._write (/usr/local/google/home/agektmr/Development/webauthndemo/node_modules/firebase-tools/node_modules/winston-transport/index.js:103:17)
    at doWrite (/usr/local/google/home/agektmr/Development/webauthndemo/node_modules/firebase-tools/node_modules/winston-transport/node_modules/readable-stream/lib/_stream_writable.js:428:64)
[error] 
[error] Error: An unexpected error has occurred.
[debug] [2026-06-04T03:43:53.638Z] Error: write EIO
    at afterWriteDispatched (node:internal/stream_base_commons:159:15)
    at writeGeneric (node:internal/stream_base_commons:150:3)
    at Socket._writeGeneric (node:net:1025:11)
    at Socket._write (node:net:1037:8)
    at writeOrBuffer (node:internal/streams/writable:570:12)
    at _write (node:internal/streams/writable:499:10)
    at Writable.write (node:internal/streams/writable:508:10)
    at Console.log (/usr/local/google/home/agektmr/Development/webauthndemo/node_modules/firebase-tools/node_modules/winston/lib/winston/transports/console.js:79:23)
    at Console._write (/usr/local/google/home/agektmr/Development/webauthndemo/node_modules/firebase-tools/node_modules/winston-transport/index.js:103:17)
    at doWrite (/usr/local/google/home/agektmr/Development/webauthndemo/node_modules/firebase-tools/node_modules/winston-transport/node_modules/readable-stream/lib/_stream_writable.js:428:64)
[error] 
[error] Error: An unexpected error has occurred.
[debug] [2026-06-04T03:43:53.639Z] Error: write EIO
    at afterWriteDispatched (node:internal/stream_base_commons:159:15)
    at writeGeneric (node:internal/stream_base_commons:150:3)
    at Socket._writeGeneric (node:net:1025:11)
    at Socket._write (node:net:1037:8)
    at writeOrBuffer (node:internal/streams/writable:570:12)
    at _write (node:internal/streams/writable:499:10)
    at Writable.write (node:internal/streams/writable:508:10)
    at Console.log (/usr/local/google/home/agektmr/Development/webauthndemo/node_modules/firebase-tools/node_modules/winston/lib/winston/transports/console.js:79:23)
    at Console._write (/usr/local/google/home/agektmr/Development/webauthndemo/node_modules/firebase-tools/node_modules/winston-transport/index.js:103:17)
    at doWrite (/usr/local/google/home/agektmr/Development/webauthndemo/node_modules/firebase-tools/node_modules/winston-transport/node_modules/readable-stream/lib/_stream_writable.js:428:64)
[error] 
[error] Error: An unexpected error has occurred.
[debug] [2026-06-04T03:43:53.639Z] Error: write EIO
    at afterWriteDispatched (node:internal/stream_base_commons:159:15)
    at writeGeneric (node:internal/stream_base_commons:150:3)
    at Socket._writeGeneric (node:net:1025:11)
    at Socket._write (node:net:1037:8)
    at writeOrBuffer (node:internal/streams/writable:570:12)
    at _write (node:internal/streams/writable:499:10)
    at Writable.write (node:internal/streams/writable:508:10)
    at Console.log (/usr/local/google/home/agektmr/Development/webauthndemo/node_modules/firebase-tools/node_modules/winston/lib/winston/transports/console.js:79:23)
    at Console._write (/usr/local/google/home/agektmr/Development/webauthndemo/node_modules/firebase-tools/node_modules/winston-transport/index.js:103:17)
    at doWrite (/usr/local/google/home/agektmr/Development/webauthndemo/node_modules/firebase-tools/node_modules/winston-transport/node_modules/readable-stream/lib/_stream_writable.js:428:64)
[error] 
[error] Error: An unexpected error has occurred.
[debug] [2026-06-04T03:43:53.639Z] Error: write EIO
    at afterWriteDispatched (node:internal/stream_base_commons:159:15)
    at writeGeneric (node:internal/stream_base_commons:150:3)
    at Socket._writeGeneric (node:net:1025:11)
    at Socket._write (node:net:1037:8)
    at writeOrBuffer (node:internal/streams/writable:570:12)
    at _write (node:internal/streams/writable:499:10)
    at Writable.write (node:internal/streams/writable:508:10)
    at Console.log (/usr/local/google/home/agektmr/Development/webauthndemo/node_modules/firebase-tools/node_modules/winston/lib/winston/transports/console.js:79:23)
    at Console._write (/usr/local/google/home/agektmr/Development/webauthndemo/node_modules/firebase-tools/node_modules/winston-transport/index.js:103:17)
    at doWrite (/usr/local/google/home/agektmr/Development/webauthndemo/node_modules/firebase-tools/node_modules/winston-transport/node_modules/readable-stream/lib/_stream_writable.js:428:64)
[error] 
[error] Error: An unexpected error has occurred.
[debug] [2026-06-04T03:43:53.639Z] Error: write EIO
    at afterWriteDispatched (node:internal/stream_base_commons:159:15)
    at writeGeneric (node:internal/stream_base_commons:150:3)
    at Socket._writeGeneric (node:net:1025:11)
    at Socket._write (node:net:1037:8)
    at writeOrBuffer (node:internal/streams/writable:570:12)
    at _write (node:internal/streams/writable:499:10)
    at Writable.write (node:internal/streams/writable:508:10)
    at Console.log (/usr/local/google/home/agektmr/Development/webauthndemo/node_modules/firebase-tools/node_modules/winston/lib/winston/transports/console.js:79:23)
    at Console._write (/usr/local/google/home/agektmr/Development/webauthndemo/node_modules/firebase-tools/node_modules/winston-transport/index.js:103:17)
    at doWrite (/usr/local/google/home/agektmr/Development/webauthndemo/node_modules/firebase-tools/node_modules/winston-transport/node_modules/readable-stream/lib/_stream_writable.js:428:64)
[error] 
[error] Error: An unexpected error has occurred.
[debug] [2026-06-04T03:43:53.640Z] Error: write EIO
    at afterWriteDispatched (node:internal/stream_base_commons:159:15)
    at writeGeneric (node:internal/stream_base_commons:150:3)
    at Socket._writeGeneric (node:net:1025:11)
    at Socket._write (node:net:1037:8)
    at writeOrBuffer (node:internal/streams/writable:570:12)
    at _write (node:internal/streams/writable:499:10)
    at Writable.write (node:internal/streams/writable:508:10)
    at Console.log (/usr/local/google/home/agektmr/Development/webauthndemo/node_modules/firebase-tools/node_modules/winston/lib/winston/transports/console.js:79:23)
    at Console._write (/usr/local/google/home/agektmr/Development/webauthndemo/node_modules/firebase-tools/node_modules/winston-transport/index.js:103:17)
    at doWrite (/usr/local/google/home/agektmr/Development/webauthndemo/node_modules/firebase-tools/node_modules/winston-transport/node_modules/readable-stream/lib/_stream_writable.js:428:64)
[error] 
[error] Error: An unexpected error has occurred.
[debug] [2026-06-04T03:43:53.640Z] Error: write EIO
    at afterWriteDispatched (node:internal/stream_base_commons:159:15)
    at writeGeneric (node:internal/stream_base_commons:150:3)
    at Socket._writeGeneric (node:net:1025:11)
    at Socket._write (node:net:1037:8)
    at writeOrBuffer (node:internal/streams/writable:570:12)
    at _write (node:internal/streams/writable:499:10)
    at Writable.write (node:internal/streams/writable:508:10)
    at Console.log (/usr/local/google/home/agektmr/Development/webauthndemo/node_modules/firebase-tools/node_modules/winston/lib/winston/transports/console.js:79:23)
    at Console._write (/usr/local/google/home/agektmr/Development/webauthndemo/node_modules/firebase-tools/node_modules/winston-transport/index.js:103:17)
    at doWrite (/usr/local/google/home/agektmr/Development/webauthndemo/node_modules/firebase-tools/node_modules/winston-transport/node_modules/readable-stream/lib/_stream_writable.js:428:64)
[error] 
[error] Error: An unexpected error has occurred.
[debug] [2026-06-04T03:43:53.641Z] Error: write EIO
    at afterWriteDispatched (node:internal/stream_base_commons:159:15)
    at writeGeneric (node:internal/stream_base_commons:150:3)
    at Socket._writeGeneric (node:net:1025:11)
    at Socket._write (node:net:1037:8)
    at writeOrBuffer (node:internal/streams/writable:570:12)
    at _write (node:internal/streams/writable:499:10)
    at Writable.write (node:internal/streams/writable:508:10)
    at Console.log (/usr/local/google/home/agektmr/Development/webauthndemo/node_modules/firebase-tools/node_modules/winston/lib/winston/transports/console.js:79:23)
    at Console._write (/usr/local/google/home/agektmr/Development/webauthndemo/node_modules/firebase-tools/node_modules/winston-transport/index.js:103:17)
    at doWrite (/usr/local/google/home/agektmr/Development/webauthndemo/node_modules/firebase-tools/node_modules/winston-transport/node_modules/readable-stream/lib/_stream_writable.js:428:64)
[error] 
[error] Error: An unexpected error has occurred.
[debug] [2026-06-04T03:43:53.641Z] Error: write EIO
    at afterWriteDispatched (node:internal/stream_base_commons:159:15)
    at writeGeneric (node:internal/stream_base_commons:150:3)
    at Socket._writeGeneric (node:net:1025:11)
    at Socket._write (node:net:1037:8)
    at writeOrBuffer (node:internal/streams/writable:570:12)
    at _write (node:internal/streams/writable:499:10)
    at Writable.write (node:internal/streams/writable:508:10)
    at Console.log (/usr/local/google/home/agektmr/Development/webauthndemo/node_modules/firebase-tools/node_modules/winston/lib/winston/transports/console.js:79:23)
    at Console._write (/usr/local/google/home/agektmr/Development/webauthndemo/node_modules/firebase-tools/node_modules/winston-transport/index.js:103:17)
    at doWrite (/usr/local/google/home/agektmr/Development/webauthndemo/node_modules/firebase-tools/node_modules/winston-transport/node_modules/readable-stream/lib/_stream_writable.js:428:64)
[error] 
[error] Error: An unexpected error has occurred.
[debug] [2026-06-04T03:43:53.641Z] Error: write EIO
    at afterWriteDispatched (node:internal/stream_base_commons:159:15)
    at writeGeneric (node:internal/stream_base_commons:150:3)
    at Socket._writeGeneric (node:net:1025:11)
    at Socket._write (node:net:1037:8)
    at writeOrBuffer (node:internal/streams/writable:570:12)
    at _write (node:internal/streams/writable:499:10)
    at Writable.write (node:internal/streams/writable:508:10)
    at Console.log (/usr/local/google/home/agektmr/Development/webauthndemo/node_modules/firebase-tools/node_modules/winston/lib/winston/transports/console.js:79:23)
    at Console._write (/usr/local/google/home/agektmr/Development/webauthndemo/node_modules/firebase-tools/node_modules/winston-transport/index.js:103:17)
    at doWrite (/usr/local/google/home/agektmr/Development/webauthndemo/node_modules/firebase-tools/node_modules/winston-transport/node_modules/readable-stream/lib/_stream_writable.js:428:64)
[error] 
[error] Error: An unexpected error has occurred.
[debug] [2026-06-04T03:43:53.642Z] Error: write EIO
    at afterWriteDispatched (node:internal/stream_base_commons:159:15)
    at writeGeneric (node:internal/stream_base_commons:150:3)
    at Socket._writeGeneric (node:net:1025:11)
    at Socket._write (node:net:1037:8)
    at writeOrBuffer (node:internal/streams/writable:570:12)
    at _write (node:internal/streams/writable:499:10)
    at Writable.write (node:internal/streams/writable:508:10)
    at Console.log (/usr/local/google/home/agektmr/Development/webauthndemo/node_modules/firebase-tools/node_modules/winston/lib/winston/transports/console.js:79:23)
    at Console._write (/usr/local/google/home/agektmr/Development/webauthndemo/node_modules/firebase-tools/node_modules/winston-transport/index.js:103:17)
    at doWrite (/usr/local/google/home/agektmr/Development/webauthndemo/node_modules/firebase-tools/node_modules/winston-transport/node_modules/readable-stream/lib/_stream_writable.js:428:64)
[error] 
[error] Error: An unexpected error has occurred.
[debug] [2026-06-04T03:43:53.642Z] Error: write EIO
    at afterWriteDispatched (node:internal/stream_base_commons:159:15)
    at writeGeneric (node:internal/stream_base_commons:150:3)
    at Socket._writeGeneric (node:net:1025:11)
    at Socket._write (node:net:1037:8)
    at writeOrBuffer (node:internal/streams/writable:570:12)
    at _write (node:internal/streams/writable:499:10)
    at Writable.write (node:internal/streams/writable:508:10)
    at Console.log (/usr/local/google/home/agektmr/Development/webauthndemo/node_modules/firebase-tools/node_modules/winston/lib/winston/transports/console.js:79:23)
    at Console._write (/usr/local/google/home/agektmr/Development/webauthndemo/node_modules/firebase-tools/node_modules/winston-transport/index.js:103:17)
    at doWrite (/usr/local/google/home/agektmr/Development/webauthndemo/node_modules/firebase-tools/node_modules/winston-transport/node_modules/readable-stream/lib/_stream_writable.js:428:64)
[error] 
[error] Error: An unexpected error has occurred.
[debug] [2026-06-04T03:43:53.642Z] Error: write EIO
    at afterWriteDispatched (node:internal/stream_base_commons:159:15)
    at writeGeneric (node:internal/stream_base_commons:150:3)
    at Socket._writeGeneric (node:net:1025:11)
    at Socket._write (node:net:1037:8)
    at writeOrBuffer (node:internal/streams/writable:570:12)
    at _write (node:internal/streams/writable:499:10)
    at Writable.write (node:internal/streams/writable:508:10)
    at Console.log (/usr/local/google/home/agektmr/Development/webauthndemo/node_modules/firebase-tools/node_modules/winston/lib/winston/transports/console.js:79:23)
    at Console._write (/usr/local/google/home/agektmr/Development/webauthndemo/node_modules/firebase-tools/node_modules/winston-transport/index.js:103:17)
    at doWrite (/usr/local/google/home/agektmr/Development/webauthndemo/node_modules/firebase-tools/node_modules/winston-transport/node_modules/readable-stream/lib/_stream_writable.js:428:64)
[error] 
[error] Error: An unexpected error has occurred.
[debug] [2026-06-04T03:43:53.643Z] Error: write EIO
    at afterWriteDispatched (node:internal/stream_base_commons:159:15)
    at writeGeneric (node:internal/stream_base_commons:150:3)
    at Socket._writeGeneric (node:net:1025:11)
    at Socket._write (node:net:1037:8)
    at writeOrBuffer (node:internal/streams/writable:570:12)
    at _write (node:internal/streams/writable:499:10)
    at Writable.write (node:internal/streams/writable:508:10)
    at Console.log (/usr/local/google/home/agektmr/Development/webauthndemo/node_modules/firebase-tools/node_modules/winston/lib/winston/transports/console.js:79:23)
    at Console._write (/usr/local/google/home/agektmr/Development/webauthndemo/node_modules/firebase-tools/node_modules/winston-transport/index.js:103:17)
    at doWrite (/usr/local/google/home/agektmr/Development/webauthndemo/node_modules/firebase-tools/node_modules/winston-transport/node_modules/readable-stream/lib/_stream_writable.js:428:64)
[error] 
[error] Error: An unexpected error has occurred.
[debug] [2026-06-04T03:43:53.643Z] Error: write EIO
    at afterWriteDispatched (node:internal/stream_base_commons:159:15)
    at writeGeneric (node:internal/stream_base_commons:150:3)
    at Socket._writeGeneric (node:net:1025:11)
    at Socket._write (node:net:1037:8)
    at writeOrBuffer (node:internal/streams/writable:570:12)
    at _write (node:internal/streams/writable:499:10)
    at Writable.write (node:internal/streams/writable:508:10)
    at Console.log (/usr/local/google/home/agektmr/Development/webauthndemo/node_modules/firebase-tools/node_modules/winston/lib/winston/transports/console.js:79:23)
    at Console._write (/usr/local/google/home/agektmr/Development/webauthndemo/node_modules/firebase-tools/node_modules/winston-transport/index.js:103:17)
    at doWrite (/usr/local/google/home/agektmr/Development/webauthndemo/node_modules/firebase-tools/node_modules/winston-transport/node_modules/readable-stream/lib/_stream_writable.js:428:64)
[error] 
[error] Error: An unexpected error has occurred.
[debug] [2026-06-04T03:43:53.644Z] Error: write EIO
    at afterWriteDispatched (node:internal/stream_base_commons:159:15)
    at writeGeneric (node:internal/stream_base_commons:150:3)
    at Socket._writeGeneric (node:net:1025:11)
    at Socket._write (node:net:1037:8)
    at writeOrBuffer (node:internal/streams/writable:570:12)
    at _write (node:internal/streams/writable:499:10)
    at Writable.write (node:internal/streams/writable:508:10)
    at Console.log (/usr/local/google/home/agektmr/Development/webauthndemo/node_modules/firebase-tools/node_modules/winston/lib/winston/transports/console.js:79:23)
    at Console._write (/usr/local/google/home/agektmr/Development/webauthndemo/node_modules/firebase-tools/node_modules/winston-transport/index.js:103:17)
    at doWrite (/usr/local/google/home/agektmr/Development/webauthndemo/node_modules/firebase-tools/node_modules/winston-transport/node_modules/readable-stream/lib/_stream_writable.js:428:64)
[error] 
[error] Error: An unexpected error has occurred.
[debug] [2026-06-04T03:43:53.645Z] Error: write EIO
    at afterWriteDispatched (node:internal/stream_base_commons:159:15)
    at writeGeneric (node:internal/stream_base_commons:150:3)
    at Socket._writeGeneric (node:net:1025:11)
    at Socket._write (node:net:1037:8)
    at writeOrBuffer (node:internal/streams/writable:570:12)
    at _write (node:internal/streams/writable:499:10)
    at Writable.write (node:internal/streams/writable:508:10)
    at Console.log (/usr/local/google/home/agektmr/Development/webauthndemo/node_modules/firebase-tools/node_modules/winston/lib/winston/transports/console.js:79:23)
    at Console._write (/usr/local/google/home/agektmr/Development/webauthndemo/node_modules/firebase-tools/node_modules/winston-transport/index.js:103:17)
    at doWrite (/usr/local/google/home/agektmr/Development/webauthndemo/node_modules/firebase-tools/node_modules/winston-transport/node_modules/readable-stream/lib/_stream_writable.js:428:64)
[error] 
[error] Error: An unexpected error has occurred.
[debug] [2026-06-04T03:43:53.645Z] Error: write EIO
    at afterWriteDispatched (node:internal/stream_base_commons:159:15)
    at writeGeneric (node:internal/stream_base_commons:150:3)
    at Socket._writeGeneric (node:net:1025:11)
    at Socket._write (node:net:1037:8)
    at writeOrBuffer (node:internal/streams/writable:570:12)
    at _write (node:internal/streams/writable:499:10)
    at Writable.write (node:internal/streams/writable:508:10)
    at Console.log (/usr/local/google/home/agektmr/Development/webauthndemo/node_modules/firebase-tools/node_modules/winston/lib/winston/transports/console.js:79:23)
    at Console._write (/usr/local/google/home/agektmr/Development/webauthndemo/node_modules/firebase-tools/node_modules/winston-transport/index.js:103:17)
    at doWrite (/usr/local/google/home/agektmr/Development/webauthndemo/node_modules/firebase-tools/node_modules/winston-transport/node_modules/readable-stream/lib/_stream_writable.js:428:64)
[error] 
[error] Error: An unexpected error has occurred.
[debug] [2026-06-04T03:43:53.646Z] Error: write EIO
    at afterWriteDispatched (node:internal/stream_base_commons:159:15)
    at writeGeneric (node:internal/stream_base_commons:150:3)
    at Socket._writeGeneric (node:net:1025:11)
    at Socket._write (node:net:1037:8)
    at writeOrBuffer (node:internal/streams/writable:570:12)
    at _write (node:internal/streams/writable:499:10)
    at Writable.write (node:internal/streams/writable:508:10)
    at Console.log (/usr/local/google/home/agektmr/Development/webauthndemo/node_modules/firebase-tools/node_modules/winston/lib/winston/transports/console.js:79:23)
    at Console._write (/usr/local/google/home/agektmr/Development/webauthndemo/node_modules/firebase-tools/node_modules/winston-transport/index.js:103:17)
    at doWrite (/usr/local/google/home/agektmr/Development/webauthndemo/node_modules/firebase-tools/node_modules/winston-transport/node_modules/readable-stream/lib/_stream_writable.js:428:64)
[error] 
[error] Error: An unexpected error has occurred.
[debug] [2026-06-04T03:43:53.647Z] Error: write EIO
    at afterWriteDispatched (node:internal/stream_base_commons:159:15)
    at writeGeneric (node:internal/stream_base_commons:150:3)
    at Socket._writeGeneric (node:net:1025:11)
    at Socket._write (node:net:1037:8)
    at writeOrBuffer (node:internal/streams/writable:570:12)
    at _write (node:internal/streams/writable:499:10)
    at Writable.write (node:internal/streams/writable:508:10)
    at Console.log (/usr/local/google/home/agektmr/Development/webauthndemo/node_modules/firebase-tools/node_modules/winston/lib/winston/transports/console.js:79:23)
    at Console._write (/usr/local/google/home/agektmr/Development/webauthndemo/node_modules/firebase-tools/node_modules/winston-transport/index.js:103:17)
    at doWrite (/usr/local/google/home/agektmr/Development/webauthndemo/node_modules/firebase-tools/node_modules/winston-transport/node_modules/readable-stream/lib/_stream_writable.js:428:64)
[error] 
[error] Error: An unexpected error has occurred.
[debug] [2026-06-04T03:43:53.647Z] Error: write EIO
    at afterWriteDispatched (node:internal/stream_base_commons:159:15)
    at writeGeneric (node:internal/stream_base_commons:150:3)
    at Socket._writeGeneric (node:net:1025:11)
    at Socket._write (node:net:1037:8)
    at writeOrBuffer (node:internal/streams/writable:570:12)
    at _write (node:internal/streams/writable:499:10)
    at Writable.write (node:internal/streams/writable:508:10)
    at Console.log (/usr/local/google/home/agektmr/Development/webauthndemo/node_modules/firebase-tools/node_modules/winston/lib/winston/transports/console.js:79:23)
    at Console._write (/usr/local/google/home/agektmr/Development/webauthndemo/node_modules/firebase-tools/node_modules/winston-transport/index.js:103:17)
    at doWrite (/usr/local/google/home/agektmr/Development/webauthndemo/node_modules/firebase-tools/node_modules/winston-transport/node_modules/readable-stream/lib/_stream_writable.js:428:64)
[error] 
[error] Error: An unexpected error has occurred.
[debug] [2026-06-04T03:43:53.648Z] Error: write EIO
    at afterWriteDispatched (node:internal/stream_base_commons:159:15)
    at writeGeneric (node:internal/stream_base_commons:150:3)
    at Socket._writeGeneric (node:net:1025:11)
    at Socket._write (node:net:1037:8)
    at writeOrBuffer (node:internal/streams/writable:570:12)
    at _write (node:internal/streams/writable:499:10)
    at Writable.write (node:internal/streams/writable:508:10)
    at Console.log (/usr/local/google/home/agektmr/Development/webauthndemo/node_modules/firebase-tools/node_modules/winston/lib/winston/transports/console.js:79:23)
    at Console._write (/usr/local/google/home/agektmr/Development/webauthndemo/node_modules/firebase-tools/node_modules/winston-transport/index.js:103:17)
    at doWrite (/usr/local/google/home/agektmr/Development/webauthndemo/node_modules/firebase-tools/node_modules/winston-transport/node_modules/readable-stream/lib/_stream_writable.js:428:64)
[error] 
[error] Error: An unexpected error has occurred.
[debug] [2026-06-04T03:43:53.649Z] Error: write EIO
    at afterWriteDispatched (node:internal/stream_base_commons:159:15)
    at writeGeneric (node:internal/stream_base_commons:150:3)
    at Socket._writeGeneric (node:net:1025:11)
    at Socket._write (node:net:1037:8)
    at writeOrBuffer (node:internal/streams/writable:570:12)
    at _write (node:internal/streams/writable:499:10)
    at Writable.write (node:internal/streams/writable:508:10)
    at Console.log (/usr/local/google/home/agektmr/Development/webauthndemo/node_modules/firebase-tools/node_modules/winston/lib/winston/transports/console.js:79:23)
    at Console._write (/usr/local/google/home/agektmr/Development/webauthndemo/node_modules/firebase-tools/node_modules/winston-transport/index.js:103:17)
    at doWrite (/usr/local/google/home/agektmr/Development/webauthndemo/node_modules/firebase-tools/node_modules/winston-transport/node_modules/readable-stream/lib/_stream_writable.js:428:64)
[error] 
[error] Error: An unexpected error has occurred.
[debug] [2026-06-04T03:43:53.650Z] Error: write EIO
    at afterWriteDispatched (node:internal/stream_base_commons:159:15)
    at writeGeneric (node:internal/stream_base_commons:150:3)
    at Socket._writeGeneric (node:net:1025:11)
    at Socket._write (node:net:1037:8)
    at writeOrBuffer (node:internal/streams/writable:570:12)
    at _write (node:internal/streams/writable:499:10)
    at Writable.write (node:internal/streams/writable:508:10)
    at Console.log (/usr/local/google/home/agektmr/Development/webauthndemo/node_modules/firebase-tools/node_modules/winston/lib/winston/transports/console.js:79:23)
    at Console._write (/usr/local/google/home/agektmr/Development/webauthndemo/node_modules/firebase-tools/node_modules/winston-transport/index.js:103:17)
    at doWrite (/usr/local/google/home/agektmr/Development/webauthndemo/node_modules/firebase-tools/node_modules/winston-transport/node_modules/readable-stream/lib/_stream_writable.js:428:64)
[error] 
[error] Error: An unexpected error has occurred.
[debug] [2026-06-04T03:43:53.650Z] Error: write EIO
    at afterWriteDispatched (node:internal/stream_base_commons:159:15)
    at writeGeneric (node:internal/stream_base_commons:150:3)
    at Socket._writeGeneric (node:net:1025:11)
    at Socket._write (node:net:1037:8)
    at writeOrBuffer (node:internal/streams/writable:570:12)
    at _write (node:internal/streams/writable:499:10)
    at Writable.write (node:internal/streams/writable:508:10)
    at Console.log (/usr/local/google/home/agektmr/Development/webauthndemo/node_modules/firebase-tools/node_modules/winston/lib/winston/transports/console.js:79:23)
    at Console._write (/usr/local/google/home/agektmr/Development/webauthndemo/node_modules/firebase-tools/node_modules/winston-transport/index.js:103:17)
    at doWrite (/usr/local/google/home/agektmr/Development/webauthndemo/node_modules/firebase-tools/node_modules/winston-transport/node_modules/readable-stream/lib/_stream_writable.js:428:64)
[error] 
[error] Error: An unexpected error has occurred.
[debug] [2026-06-04T03:43:53.651Z] Error: write EIO
    at afterWriteDispatched (node:internal/stream_base_commons:159:15)
    at writeGeneric (node:internal/stream_base_commons:150:3)
    at Socket._writeGeneric (node:net:1025:11)
    at Socket._write (node:net:1037:8)
    at writeOrBuffer (node:internal/streams/writable:570:12)
    at _write (node:internal/streams/writable:499:10)
    at Writable.write (node:internal/streams/writable:508:10)
    at Console.log (/usr/local/google/home/agektmr/Development/webauthndemo/node_modules/firebase-tools/node_modules/winston/lib/winston/transports/console.js:79:23)
    at Console._write (/usr/local/google/home/agektmr/Development/webauthndemo/node_modules/firebase-tools/node_modules/winston-transport/index.js:103:17)
    at doWrite (/usr/local/google/home/agektmr/Development/webauthndemo/node_modules/firebase-tools/node_modules/winston-transport/node_modules/readable-stream/lib/_stream_writable.js:428:64)
[error] 
[error] Error: An unexpected error has occurred.
[debug] [2026-06-04T03:43:53.651Z] Error: write EIO
    at afterWriteDispatched (node:internal/stream_base_commons:159:15)
    at writeGeneric (node:internal/stream_base_commons:150:3)
    at Socket._writeGeneric (node:net:1025:11)
    at Socket._write (node:net:1037:8)
    at writeOrBuffer (node:internal/streams/writable:570:12)
    at _write (node:internal/streams/writable:499:10)
    at Writable.write (node:internal/streams/writable:508:10)
    at Console.log (/usr/local/google/home/agektmr/Development/webauthndemo/node_modules/firebase-tools/node_modules/winston/lib/winston/transports/console.js:79:23)
    at Console._write (/usr/local/google/home/agektmr/Development/webauthndemo/node_modules/firebase-tools/node_modules/winston-transport/index.js:103:17)
    at doWrite (/usr/local/google/home/agektmr/Development/webauthndemo/node_modules/firebase-tools/node_modules/winston-transport/node_modules/readable-stream/lib/_stream_writable.js:428:64)
[error] 
[error] Error: An unexpected error has occurred.
[debug] [2026-06-04T03:43:53.652Z] Error: write EIO
    at afterWriteDispatched (node:internal/stream_base_commons:159:15)
    at writeGeneric (node:internal/stream_base_commons:150:3)
    at Socket._writeGeneric (node:net:1025:11)
    at Socket._write (node:net:1037:8)
    at writeOrBuffer (node:internal/streams/writable:570:12)
    at _write (node:internal/streams/writable:499:10)
    at Writable.write (node:internal/streams/writable:508:10)
    at Console.log (/usr/local/google/home/agektmr/Development/webauthndemo/node_modules/firebase-tools/node_modules/winston/lib/winston/transports/console.js:79:23)
    at Console._write (/usr/local/google/home/agektmr/Development/webauthndemo/node_modules/firebase-tools/node_modules/winston-transport/index.js:103:17)
    at doWrite (/usr/local/google/home/agektmr/Development/webauthndemo/node_modules/firebase-tools/node_modules/winston-transport/node_modules/readable-stream/lib/_stream_writable.js:428:64)
[error] 
[error] Error: An unexpected error has occurred.
[debug] [2026-06-04T03:43:53.652Z] Error: write EIO
    at afterWriteDispatched (node:internal/stream_base_commons:159:15)
    at writeGeneric (node:internal/stream_base_commons:150:3)
    at Socket._writeGeneric (node:net:1025:11)
    at Socket._write (node:net:1037:8)
    at writeOrBuffer (node:internal/streams/writable:570:12)
    at _write (node:internal/streams/writable:499:10)
    at Writable.write (node:internal/streams/writable:508:10)
    at Console.log (/usr/local/google/home/agektmr/Development/webauthndemo/node_modules/firebase-tools/node_modules/winston/lib/winston/transports/console.js:79:23)
    at Console._write (/usr/local/google/home/agektmr/Development/webauthndemo/node_modules/firebase-tools/node_modules/winston-transport/index.js:103:17)
    at doWrite (/usr/local/google/home/agektmr/Development/webauthndemo/node_modules/firebase-tools/node_modules/winston-transport/node_modules/readable-stream/lib/_stream_writable.js:428:64)
[error] 
[error] Error: An unexpected error has occurred.
[debug] [2026-06-04T03:43:53.653Z] Error: write EIO
    at afterWriteDispatched (node:internal/stream_base_commons:159:15)
    at writeGeneric (node:internal/stream_base_commons:150:3)
    at Socket._writeGeneric (node:net:1025:11)
    at Socket._write (node:net:1037:8)
    at writeOrBuffer (node:internal/streams/writable:570:12)
    at _write (node:internal/streams/writable:499:10)
    at Writable.write (node:internal/streams/writable:508:10)
    at Console.log (/usr/local/google/home/agektmr/Development/webauthndemo/node_modules/firebase-tools/node_modules/winston/lib/winston/transports/console.js:79:23)
    at Console._write (/usr/local/google/home/agektmr/Development/webauthndemo/node_modules/firebase-tools/node_modules/winston-transport/index.js:103:17)
    at doWrite (/usr/local/google/home/agektmr/Development/webauthndemo/node_modules/firebase-tools/node_modules/winston-transport/node_modules/readable-stream/lib/_stream_writable.js:428:64)
[error] 
[error] Error: An unexpected error has occurred.
[debug] [2026-06-04T03:43:53.653Z] Error: write EIO
    at afterWriteDispatched (node:internal/stream_base_commons:159:15)
    at writeGeneric (node:internal/stream_base_commons:150:3)
    at Socket._writeGeneric (node:net:1025:11)
    at Socket._write (node:net:1037:8)
    at writeOrBuffer (node:internal/streams/writable:570:12)
    at _write (node:internal/streams/writable:499:10)
    at Writable.write (node:internal/streams/writable:508:10)
    at Console.log (/usr/local/google/home/agektmr/Development/webauthndemo/node_modules/firebase-tools/node_modules/winston/lib/winston/transports/console.js:79:23)
    at Console._write (/usr/local/google/home/agektmr/Development/webauthndemo/node_modules/firebase-tools/node_modules/winston-transport/index.js:103:17)
    at doWrite (/usr/local/google/home/agektmr/Development/webauthndemo/node_modules/firebase-tools/node_modules/winston-transport/node_modules/readable-stream/lib/_stream_writable.js:428:64)
[error] 
[error] Error: An unexpected error has occurred.
[debug] [2026-06-04T03:43:53.654Z] Error: write EIO
    at afterWriteDispatched (node:internal/stream_base_commons:159:15)
    at writeGeneric (node:internal/stream_base_commons:150:3)
    at Socket._writeGeneric (node:net:1025:11)
    at Socket._write (node:net:1037:8)
    at writeOrBuffer (node:internal/streams/writable:570:12)
    at _write (node:internal/streams/writable:499:10)
    at Writable.write (node:internal/streams/writable:508:10)
    at Console.log (/usr/local/google/home/agektmr/Development/webauthndemo/node_modules/firebase-tools/node_modules/winston/lib/winston/transports/console.js:79:23)
    at Console._write (/usr/local/google/home/agektmr/Development/webauthndemo/node_modules/firebase-tools/node_modules/winston-transport/index.js:103:17)
    at doWrite (/usr/local/google/home/agektmr/Development/webauthndemo/node_modules/firebase-tools/node_modules/winston-transport/node_modules/readable-stream/lib/_stream_writable.js:428:64)
[error] 
[error] Error: An unexpected error has occurred.
[debug] [2026-06-04T03:43:53.654Z] Error: write EIO
    at afterWriteDispatched (node:internal/stream_base_commons:159:15)
    at writeGeneric (node:internal/stream_base_commons:150:3)
    at Socket._writeGeneric (node:net:1025:11)
    at Socket._write (node:net:1037:8)
    at writeOrBuffer (node:internal/streams/writable:570:12)
    at _write (node:internal/streams/writable:499:10)
    at Writable.write (node:internal/streams/writable:508:10)
    at Console.log (/usr/local/google/home/agektmr/Development/webauthndemo/node_modules/firebase-tools/node_modules/winston/lib/winston/transports/console.js:79:23)
    at Console._write (/usr/local/google/home/agektmr/Development/webauthndemo/node_modules/firebase-tools/node_modules/winston-transport/index.js:103:17)
    at doWrite (/usr/local/google/home/agektmr/Development/webauthndemo/node_modules/firebase-tools/node_modules/winston-transport/node_modules/readable-stream/lib/_stream_writable.js:428:64)
[error] 
[error] Error: An unexpected error has occurred.
[debug] [2026-06-04T03:43:53.655Z] Error: write EIO
    at afterWriteDispatched (node:internal/stream_base_commons:159:15)
    at writeGeneric (node:internal/stream_base_commons:150:3)
    at Socket._writeGeneric (node:net:1025:11)
    at Socket._write (node:net:1037:8)
    at writeOrBuffer (node:internal/streams/writable:570:12)
    at _write (node:internal/streams/writable:499:10)
    at Writable.write (node:internal/streams/writable:508:10)
    at Console.log (/usr/local/google/home/agektmr/Development/webauthndemo/node_modules/firebase-tools/node_modules/winston/lib/winston/transports/console.js:79:23)
    at Console._write (/usr/local/google/home/agektmr/Development/webauthndemo/node_modules/firebase-tools/node_modules/winston-transport/index.js:103:17)
    at doWrite (/usr/local/google/home/agektmr/Development/webauthndemo/node_modules/firebase-tools/node_modules/winston-transport/node_modules/readable-stream/lib/_stream_writable.js:428:64)
[error] 
[error] Error: An unexpected error has occurred.
[debug] [2026-06-04T03:43:53.655Z] Error: write EIO
    at afterWriteDispatched (node:internal/stream_base_commons:159:15)
    at writeGeneric (node:internal/stream_base_commons:150:3)
    at Socket._writeGeneric (node:net:1025:11)
    at Socket._write (node:net:1037:8)
    at writeOrBuffer (node:internal/streams/writable:570:12)
    at _write (node:internal/streams/writable:499:10)
    at Writable.write (node:internal/streams/writable:508:10)
    at Console.log (/usr/local/google/home/agektmr/Development/webauthndemo/node_modules/firebase-tools/node_modules/winston/lib/winston/transports/console.js:79:23)
    at Console._write (/usr/local/google/home/agektmr/Development/webauthndemo/node_modules/firebase-tools/node_modules/winston-transport/index.js:103:17)
    at doWrite (/usr/local/google/home/agektmr/Development/webauthndemo/node_modules/firebase-tools/node_modules/winston-transport/node_modules/readable-stream/lib/_stream_writable.js:428:64)
[error] 
[error] Error: An unexpected error has occurred.
[debug] [2026-06-04T03:43:53.656Z] Error: write EIO
    at afterWriteDispatched (node:internal/stream_base_commons:159:15)
    at writeGeneric (node:internal/stream_base_commons:150:3)
    at Socket._writeGeneric (node:net:1025:11)
    at Socket._write (node:net:1037:8)
    at writeOrBuffer (node:internal/streams/writable:570:12)
    at _write (node:internal/streams/writable:499:10)
    at Writable.write (node:internal/streams/writable:508:10)
    at Console.log (/usr/local/google/home/agektmr/Development/webauthndemo/node_modules/firebase-tools/node_modules/winston/lib/winston/transports/console.js:79:23)
    at Console._write (/usr/local/google/home/agektmr/Development/webauthndemo/node_modules/firebase-tools/node_modules/winston-transport/index.js:103:17)
    at doWrite (/usr/local/google/home/agektmr/Development/webauthndemo/node_modules/firebase-tools/node_modules/winston-transport/node_modules/readable-stream/lib/_stream_writable.js:428:64)
[error] 
[error] Error: An unexpected error has occurred.
[debug] [2026-06-04T03:43:53.656Z] Error: write EIO
    at afterWriteDispatched (node:internal/stream_base_commons:159:15)
    at writeGeneric (node:internal/stream_base_commons:150:3)
    at Socket._writeGeneric (node:net:1025:11)
    at Socket._write (node:net:1037:8)
    at writeOrBuffer (node:internal/streams/writable:570:12)
    at _write (node:internal/streams/writable:499:10)
    at Writable.write (node:internal/streams/writable:508:10)
    at Console.log (/usr/local/google/home/agektmr/Development/webauthndemo/node_modules/firebase-tools/node_modules/winston/lib/winston/transports/console.js:79:23)
    at Console._write (/usr/local/google/home/agektmr/Development/webauthndemo/node_modules/firebase-tools/node_modules/winston-transport/index.js:103:17)
    at doWrite (/usr/local/google/home/agektmr/Development/webauthndemo/node_modules/firebase-tools/node_modules/winston-transport/node_modules/readable-stream/lib/_stream_writable.js:428:64)
[error] 
[error] Error: An unexpected error has occurred.
[debug] [2026-06-04T03:43:53.657Z] Error: write EIO
    at afterWriteDispatched (node:internal/stream_base_commons:159:15)
    at writeGeneric (node:internal/stream_base_commons:150:3)
    at Socket._writeGeneric (node:net:1025:11)
    at Socket._write (node:net:1037:8)
    at writeOrBuffer (node:internal/streams/writable:570:12)
    at _write (node:internal/streams/writable:499:10)
    at Writable.write (node:internal/streams/writable:508:10)
    at Console.log (/usr/local/google/home/agektmr/Development/webauthndemo/node_modules/firebase-tools/node_modules/winston/lib/winston/transports/console.js:79:23)
    at Console._write (/usr/local/google/home/agektmr/Development/webauthndemo/node_modules/firebase-tools/node_modules/winston-transport/index.js:103:17)
    at doWrite (/usr/local/google/home/agektmr/Development/webauthndemo/node_modules/firebase-tools/node_modules/winston-transport/node_modules/readable-stream/lib/_stream_writable.js:428:64)
[error] 
[error] Error: An unexpected error has occurred.
[debug] [2026-06-04T03:43:53.657Z] Error: write EIO
    at afterWriteDispatched (node:internal/stream_base_commons:159:15)
    at writeGeneric (node:internal/stream_base_commons:150:3)
    at Socket._writeGeneric (node:net:1025:11)
    at Socket._write (node:net:1037:8)
    at writeOrBuffer (node:internal/streams/writable:570:12)
    at _write (node:internal/streams/writable:499:10)
    at Writable.write (node:internal/streams/writable:508:10)
    at Console.log (/usr/local/google/home/agektmr/Development/webauthndemo/node_modules/firebase-tools/node_modules/winston/lib/winston/transports/console.js:79:23)
    at Console._write (/usr/local/google/home/agektmr/Development/webauthndemo/node_modules/firebase-tools/node_modules/winston-transport/index.js:103:17)
    at doWrite (/usr/local/google/home/agektmr/Development/webauthndemo/node_modules/firebase-tools/node_modules/winston-transport/node_modules/readable-stream/lib/_stream_writable.js:428:64)
[error] 
[error] Error: An unexpected error has occurred.
[debug] [2026-06-04T03:43:53.657Z] Error: write EIO
    at afterWriteDispatched (node:internal/stream_base_commons:159:15)
    at writeGeneric (node:internal/stream_base_commons:150:3)
    at Socket._writeGeneric (node:net:1025:11)
    at Socket._write (node:net:1037:8)
    at writeOrBuffer (node:internal/streams/writable:570:12)
    at _write (node:internal/streams/writable:499:10)
    at Writable.write (node:internal/streams/writable:508:10)
    at Console.log (/usr/local/google/home/agektmr/Development/webauthndemo/node_modules/firebase-tools/node_modules/winston/lib/winston/transports/console.js:79:23)
    at Console._write (/usr/local/google/home/agektmr/Development/webauthndemo/node_modules/firebase-tools/node_modules/winston-transport/index.js:103:17)
    at doWrite (/usr/local/google/home/agektmr/Development/webauthndemo/node_modules/firebase-tools/node_modules/winston-transport/node_modules/readable-stream/lib/_stream_writable.js:428:64)
[error] 
[error] Error: An unexpected error has occurred.
[debug] [2026-06-04T03:43:53.658Z] Error: write EIO
    at afterWriteDispatched (node:internal/stream_base_commons:159:15)
    at writeGeneric (node:internal/stream_base_commons:150:3)
    at Socket._writeGeneric (node:net:1025:11)
    at Socket._write (node:net:1037:8)
    at writeOrBuffer (node:internal/streams/writable:570:12)
    at _write (node:internal/streams/writable:499:10)
    at Writable.write (node:internal/streams/writable:508:10)
    at Console.log (/usr/local/google/home/agektmr/Development/webauthndemo/node_modules/firebase-tools/node_modules/winston/lib/winston/transports/console.js:79:23)
    at Console._write (/usr/local/google/home/agektmr/Development/webauthndemo/node_modules/firebase-tools/node_modules/winston-transport/index.js:103:17)
    at doWrite (/usr/local/google/home/agektmr/Development/webauthndemo/node_modules/firebase-tools/node_modules/winston-transport/node_modules/readable-stream/lib/_stream_writable.js:428:64)
[error] 
[error] Error: An unexpected error has occurred.
[debug] [2026-06-04T03:43:53.658Z] Error: write EIO
    at afterWriteDispatched (node:internal/stream_base_commons:159:15)
    at writeGeneric (node:internal/stream_base_commons:150:3)
    at Socket._writeGeneric (node:net:1025:11)
    at Socket._write (node:net:1037:8)
    at writeOrBuffer (node:internal/streams/writable:570:12)
    at _write (node:internal/streams/writable:499:10)
    at Writable.write (node:internal/streams/writable:508:10)
    at Console.log (/usr/local/google/home/agektmr/Development/webauthndemo/node_modules/firebase-tools/node_modules/winston/lib/winston/transports/console.js:79:23)
    at Console._write (/usr/local/google/home/agektmr/Development/webauthndemo/node_modules/firebase-tools/node_modules/winston-transport/index.js:103:17)
    at doWrite (/usr/local/google/home/agektmr/Development/webauthndemo/node_modules/firebase-tools/node_modules/winston-transport/node_modules/readable-stream/lib/_stream_writable.js:428:64)
[error] 
[error] Error: An unexpected error has occurred.
[debug] [2026-06-04T03:43:53.659Z] Error: write EIO
    at afterWriteDispatched (node:internal/stream_base_commons:159:15)
    at writeGeneric (node:internal/stream_base_commons:150:3)
    at Socket._writeGeneric (node:net:1025:11)
    at Socket._write (node:net:1037:8)
    at writeOrBuffer (node:internal/streams/writable:570:12)
    at _write (node:internal/streams/writable:499:10)
    at Writable.write (node:internal/streams/writable:508:10)
    at Console.log (/usr/local/google/home/agektmr/Development/webauthndemo/node_modules/firebase-tools/node_modules/winston/lib/winston/transports/console.js:79:23)
    at Console._write (/usr/local/google/home/agektmr/Development/webauthndemo/node_modules/firebase-tools/node_modules/winston-transport/index.js:103:17)
    at doWrite (/usr/local/google/home/agektmr/Development/webauthndemo/node_modules/firebase-tools/node_modules/winston-transport/node_modules/readable-stream/lib/_stream_writable.js:428:64)
[error] 
[error] Error: An unexpected error has occurred.
[debug] [2026-06-04T03:43:53.661Z] Error: write EIO
    at afterWriteDispatched (node:internal/stream_base_commons:159:15)
    at writeGeneric (node:internal/stream_base_commons:150:3)
    at Socket._writeGeneric (node:net:1025:11)
    at Socket._write (node:net:1037:8)
    at writeOrBuffer (node:internal/streams/writable:570:12)
    at _write (node:internal/streams/writable:499:10)
    at Writable.write (node:internal/streams/writable:508:10)
    at Console.log (/usr/local/google/home/agektmr/Development/webauthndemo/node_modules/firebase-tools/node_modules/winston/lib/winston/transports/console.js:79:23)
    at Console._write (/usr/local/google/home/agektmr/Development/webauthndemo/node_modules/firebase-tools/node_modules/winston-transport/index.js:103:17)
    at doWrite (/usr/local/google/home/agektmr/Development/webauthndemo/node_modules/firebase-tools/node_modules/winston-transport/node_modules/readable-stream/lib/_stream_writable.js:428:64)
[error] 
[error] Error: An unexpected error has occurred.
[debug] [2026-06-04T03:43:53.661Z] Error: write EIO
    at afterWriteDispatched (node:internal/stream_base_commons:159:15)
    at writeGeneric (node:internal/stream_base_commons:150:3)
    at Socket._writeGeneric (node:net:1025:11)
    at Socket._write (node:net:1037:8)
    at writeOrBuffer (node:internal/streams/writable:570:12)
    at _write (node:internal/streams/writable:499:10)
    at Writable.write (node:internal/streams/writable:508:10)
    at Console.log (/usr/local/google/home/agektmr/Development/webauthndemo/node_modules/firebase-tools/node_modules/winston/lib/winston/transports/console.js:79:23)
    at Console._write (/usr/local/google/home/agektmr/Development/webauthndemo/node_modules/firebase-tools/node_modules/winston-transport/index.js:103:17)
    at doWrite (/usr/local/google/home/agektmr/Development/webauthndemo/node_modules/firebase-tools/node_modules/winston-transport/node_modules/readable-stream/lib/_stream_writable.js:428:64)
[error] 
[error] Error: An unexpected error has occurred.
[debug] [2026-06-04T03:43:53.662Z] Error: write EIO
    at afterWriteDispatched (node:internal/stream_base_commons:159:15)
    at writeGeneric (node:internal/stream_base_commons:150:3)
    at Socket._writeGeneric (node:net:1025:11)
    at Socket._write (node:net:1037:8)
    at writeOrBuffer (node:internal/streams/writable:570:12)
    at _write (node:internal/streams/writable:499:10)
    at Writable.write (node:internal/streams/writable:508:10)
    at Console.log (/usr/local/google/home/agektmr/Development/webauthndemo/node_modules/firebase-tools/node_modules/winston/lib/winston/transports/console.js:79:23)
    at Console._write (/usr/local/google/home/agektmr/Development/webauthndemo/node_modules/firebase-tools/node_modules/winston-transport/index.js:103:17)
    at doWrite (/usr/local/google/home/agektmr/Development/webauthndemo/node_modules/firebase-tools/node_modules/winston-transport/node_modules/readable-stream/lib/_stream_writable.js:428:64)
[error] 
[error] Error: An unexpected error has occurred.
[debug] [2026-06-04T03:43:53.662Z] Error: write EIO
    at afterWriteDispatched (node:internal/stream_base_commons:159:15)
    at writeGeneric (node:internal/stream_base_commons:150:3)
    at Socket._writeGeneric (node:net:1025:11)
    at Socket._write (node:net:1037:8)
    at writeOrBuffer (node:internal/streams/writable:570:12)
    at _write (node:internal/streams/writable:499:10)
    at Writable.write (node:internal/streams/writable:508:10)
    at Console.log (/usr/local/google/home/agektmr/Development/webauthndemo/node_modules/firebase-tools/node_modules/winston/lib/winston/transports/console.js:79:23)
    at Console._write (/usr/local/google/home/agektmr/Development/webauthndemo/node_modules/firebase-tools/node_modules/winston-transport/index.js:103:17)
    at doWrite (/usr/local/google/home/agektmr/Development/webauthndemo/node_modules/firebase-tools/node_modules/winston-transport/node_modules/readable-stream/lib/_stream_writable.js:428:64)
[error] 
[error] Error: An unexpected error has occurred.
[debug] [2026-06-04T03:43:53.662Z] Error: write EIO
    at afterWriteDispatched (node:internal/stream_base_commons:159:15)
    at writeGeneric (node:internal/stream_base_commons:150:3)
    at Socket._writeGeneric (node:net:1025:11)
    at Socket._write (node:net:1037:8)
    at writeOrBuffer (node:internal/streams/writable:570:12)
    at _write (node:internal/streams/writable:499:10)
    at Writable.write (node:internal/streams/writable:508:10)
    at Console.log (/usr/local/google/home/agektmr/Development/webauthndemo/node_modules/firebase-tools/node_modules/winston/lib/winston/transports/console.js:79:23)
    at Console._write (/usr/local/google/home/agektmr/Development/webauthndemo/node_modules/firebase-tools/node_modules/winston-transport/index.js:103:17)
    at doWrite (/usr/local/google/home/agektmr/Development/webauthndemo/node_modules/firebase-tools/node_modules/winston-transport/node_modules/readable-stream/lib/_stream_writable.js:428:64)
[error] 
[error] Error: An unexpected error has occurred.
[debug] [2026-06-04T03:43:53.662Z] Error: write EIO
    at afterWriteDispatched (node:internal/stream_base_commons:159:15)
    at writeGeneric (node:internal/stream_base_commons:150:3)
    at Socket._writeGeneric (node:net:1025:11)
    at Socket._write (node:net:1037:8)
    at writeOrBuffer (node:internal/streams/writable:570:12)
    at _write (node:internal/streams/writable:499:10)
    at Writable.write (node:internal/streams/writable:508:10)
    at Console.log (/usr/local/google/home/agektmr/Development/webauthndemo/node_modules/firebase-tools/node_modules/winston/lib/winston/transports/console.js:79:23)
    at Console._write (/usr/local/google/home/agektmr/Development/webauthndemo/node_modules/firebase-tools/node_modules/winston-transport/index.js:103:17)
    at doWrite (/usr/local/google/home/agektmr/Development/webauthndemo/node_modules/firebase-tools/node_modules/winston-transport/node_modules/readable-stream/lib/_stream_writable.js:428:64)
[error] 
[error] Error: An unexpected error has occurred.
[debug] [2026-06-04T03:43:53.663Z] Error: write EIO
    at afterWriteDispatched (node:internal/stream_base_commons:159:15)
    at writeGeneric (node:internal/stream_base_commons:150:3)
    at Socket._writeGeneric (node:net:1025:11)
    at Socket._write (node:net:1037:8)
    at writeOrBuffer (node:internal/streams/writable:570:12)
    at _write (node:internal/streams/writable:499:10)
    at Writable.write (node:internal/streams/writable:508:10)
    at Console.log (/usr/local/google/home/agektmr/Development/webauthndemo/node_modules/firebase-tools/node_modules/winston/lib/winston/transports/console.js:79:23)
    at Console._write (/usr/local/google/home/agektmr/Development/webauthndemo/node_modules/firebase-tools/node_modules/winston-transport/index.js:103:17)
    at doWrite (/usr/local/google/home/agektmr/Development/webauthndemo/node_modules/firebase-tools/node_modules/winston-transport/node_modules/readable-stream/lib/_stream_writable.js:428:64)
[error] 
[error] Error: An unexpected error has occurred.
[debug] [2026-06-04T03:43:53.663Z] Error: write EIO
    at afterWriteDispatched (node:internal/stream_base_commons:159:15)
    at writeGeneric (node:internal/stream_base_commons:150:3)
    at Socket._writeGeneric (node:net:1025:11)
    at Socket._write (node:net:1037:8)
    at writeOrBuffer (node:internal/streams/writable:570:12)
    at _write (node:internal/streams/writable:499:10)
    at Writable.write (node:internal/streams/writable:508:10)
    at Console.log (/usr/local/google/home/agektmr/Development/webauthndemo/node_modules/firebase-tools/node_modules/winston/lib/winston/transports/console.js:79:23)
    at Console._write (/usr/local/google/home/agektmr/Development/webauthndemo/node_modules/firebase-tools/node_modules/winston-transport/index.js:103:17)
    at doWrite (/usr/local/google/home/agektmr/Development/webauthndemo/node_modules/firebase-tools/node_modules/winston-transport/node_modules/readable-stream/lib/_stream_writable.js:428:64)
[error] 
[error] Error: An unexpected error has occurred.
[debug] [2026-06-04T03:43:53.663Z] Error: write EIO
    at afterWriteDispatched (node:internal/stream_base_commons:159:15)
    at writeGeneric (node:internal/stream_base_commons:150:3)
    at Socket._writeGeneric (node:net:1025:11)
    at Socket._write (node:net:1037:8)
    at writeOrBuffer (node:internal/streams/writable:570:12)
    at _write (node:internal/streams/writable:499:10)
    at Writable.write (node:internal/streams/writable:508:10)
    at Console.log (/usr/local/google/home/agektmr/Development/webauthndemo/node_modules/firebase-tools/node_modules/winston/lib/winston/transports/console.js:79:23)
    at Console._write (/usr/local/google/home/agektmr/Development/webauthndemo/node_modules/firebase-tools/node_modules/winston-transport/index.js:103:17)
    at doWrite (/usr/local/google/home/agektmr/Development/webauthndemo/node_modules/firebase-tools/node_modules/winston-transport/node_modules/readable-stream/lib/_stream_writable.js:428:64)
[error] 
[error] Error: An unexpected error has occurred.
[debug] [2026-06-04T03:43:53.663Z] Error: write EIO
    at afterWriteDispatched (node:internal/stream_base_commons:159:15)
    at writeGeneric (node:internal/stream_base_commons:150:3)
    at Socket._writeGeneric (node:net:1025:11)
    at Socket._write (node:net:1037:8)
    at writeOrBuffer (node:internal/streams/writable:570:12)
    at _write (node:internal/streams/writable:499:10)
    at Writable.write (node:internal/streams/writable:508:10)
    at Console.log (/usr/local/google/home/agektmr/Development/webauthndemo/node_modules/firebase-tools/node_modules/winston/lib/winston/transports/console.js:79:23)
    at Console._write (/usr/local/google/home/agektmr/Development/webauthndemo/node_modules/firebase-tools/node_modules/winston-transport/index.js:103:17)
    at doWrite (/usr/local/google/home/agektmr/Development/webauthndemo/node_modules/firebase-tools/node_modules/winston-transport/node_modules/readable-stream/lib/_stream_writable.js:428:64)
[error] 
[error] Error: An unexpected error has occurred.
[debug] [2026-06-04T03:43:53.664Z] Error: write EIO
    at afterWriteDispatched (node:internal/stream_base_commons:159:15)
    at writeGeneric (node:internal/stream_base_commons:150:3)
    at Socket._writeGeneric (node:net:1025:11)
    at Socket._write (node:net:1037:8)
    at writeOrBuffer (node:internal/streams/writable:570:12)
    at _write (node:internal/streams/writable:499:10)
    at Writable.write (node:internal/streams/writable:508:10)
    at Console.log (/usr/local/google/home/agektmr/Development/webauthndemo/node_modules/firebase-tools/node_modules/winston/lib/winston/transports/console.js:79:23)
    at Console._write (/usr/local/google/home/agektmr/Development/webauthndemo/node_modules/firebase-tools/node_modules/winston-transport/index.js:103:17)
    at doWrite (/usr/local/google/home/agektmr/Development/webauthndemo/node_modules/firebase-tools/node_modules/winston-transport/node_modules/readable-stream/lib/_stream_writable.js:428:64)
[error] 
[error] Error: An unexpected error has occurred.
[debug] [2026-06-04T03:43:53.664Z] Error: write EIO
    at afterWriteDispatched (node:internal/stream_base_commons:159:15)
    at writeGeneric (node:internal/stream_base_commons:150:3)
    at Socket._writeGeneric (node:net:1025:11)
    at Socket._write (node:net:1037:8)
    at writeOrBuffer (node:internal/streams/writable:570:12)
    at _write (node:internal/streams/writable:499:10)
    at Writable.write (node:internal/streams/writable:508:10)
    at Console.log (/usr/local/google/home/agektmr/Development/webauthndemo/node_modules/firebase-tools/node_modules/winston/lib/winston/transports/console.js:79:23)
    at Console._write (/usr/local/google/home/agektmr/Development/webauthndemo/node_modules/firebase-tools/node_modules/winston-transport/index.js:103:17)
    at doWrite (/usr/local/google/home/agektmr/Development/webauthndemo/node_modules/firebase-tools/node_modules/winston-transport/node_modules/readable-stream/lib/_stream_writable.js:428:64)
[error] 
[error] Error: An unexpected error has occurred.
[debug] [2026-06-04T03:43:53.664Z] Error: write EIO
    at afterWriteDispatched (node:internal/stream_base_commons:159:15)
    at writeGeneric (node:internal/stream_base_commons:150:3)
    at Socket._writeGeneric (node:net:1025:11)
    at Socket._write (node:net:1037:8)
    at writeOrBuffer (node:internal/streams/writable:570:12)
    at _write (node:internal/streams/writable:499:10)
    at Writable.write (node:internal/streams/writable:508:10)
    at Console.log (/usr/local/google/home/agektmr/Development/webauthndemo/node_modules/firebase-tools/node_modules/winston/lib/winston/transports/console.js:79:23)
    at Console._write (/usr/local/google/home/agektmr/Development/webauthndemo/node_modules/firebase-tools/node_modules/winston-transport/index.js:103:17)
    at doWrite (/usr/local/google/home/agektmr/Development/webauthndemo/node_modules/firebase-tools/node_modules/winston-transport/node_modules/readable-stream/lib/_stream_writable.js:428:64)
[error] 
[error] Error: An unexpected error has occurred.
[debug] [2026-06-04T03:43:53.664Z] Error: write EIO
    at afterWriteDispatched (node:internal/stream_base_commons:159:15)
    at writeGeneric (node:internal/stream_base_commons:150:3)
    at Socket._writeGeneric (node:net:1025:11)
    at Socket._write (node:net:1037:8)
    at writeOrBuffer (node:internal/streams/writable:570:12)
    at _write (node:internal/streams/writable:499:10)
    at Writable.write (node:internal/streams/writable:508:10)
    at Console.log (/usr/local/google/home/agektmr/Development/webauthndemo/node_modules/firebase-tools/node_modules/winston/lib/winston/transports/console.js:79:23)
    at Console._write (/usr/local/google/home/agektmr/Development/webauthndemo/node_modules/firebase-tools/node_modules/winston-transport/index.js:103:17)
    at doWrite (/usr/local/google/home/agektmr/Development/webauthndemo/node_modules/firebase-tools/node_modules/winston-transport/node_modules/readable-stream/lib/_stream_writable.js:428:64)
[error] 
[error] Error: An unexpected error has occurred.
[debug] [2026-06-04T03:43:53.664Z] Error: write EIO
    at afterWriteDispatched (node:internal/stream_base_commons:159:15)
    at writeGeneric (node:internal/stream_base_commons:150:3)
    at Socket._writeGeneric (node:net:1025:11)
    at Socket._write (node:net:1037:8)
    at writeOrBuffer (node:internal/streams/writable:570:12)
    at _write (node:internal/streams/writable:499:10)
    at Writable.write (node:internal/streams/writable:508:10)
    at Console.log (/usr/local/google/home/agektmr/Development/webauthndemo/node_modules/firebase-tools/node_modules/winston/lib/winston/transports/console.js:79:23)
    at Console._write (/usr/local/google/home/agektmr/Development/webauthndemo/node_modules/firebase-tools/node_modules/winston-transport/index.js:103:17)
    at doWrite (/usr/local/google/home/agektmr/Development/webauthndemo/node_modules/firebase-tools/node_modules/winston-transport/node_modules/readable-stream/lib/_stream_writable.js:428:64)
[error] 
[error] Error: An unexpected error has occurred.
[debug] [2026-06-04T03:43:53.665Z] Error: write EIO
    at afterWriteDispatched (node:internal/stream_base_commons:159:15)
    at writeGeneric (node:internal/stream_base_commons:150:3)
    at Socket._writeGeneric (node:net:1025:11)
    at Socket._write (node:net:1037:8)
    at writeOrBuffer (node:internal/streams/writable:570:12)
    at _write (node:internal/streams/writable:499:10)
    at Writable.write (node:internal/streams/writable:508:10)
    at Console.log (/usr/local/google/home/agektmr/Development/webauthndemo/node_modules/firebase-tools/node_modules/winston/lib/winston/transports/console.js:79:23)
    at Console._write (/usr/local/google/home/agektmr/Development/webauthndemo/node_modules/firebase-tools/node_modules/winston-transport/index.js:103:17)
    at doWrite (/usr/local/google/home/agektmr/Development/webauthndemo/node_modules/firebase-tools/node_modules/winston-transport/node_modules/readable-stream/lib/_stream_writable.js:428:64)
[error] 
[error] Error: An unexpected error has occurred.
[debug] [2026-06-04T03:43:53.665Z] Error: write EIO
    at afterWriteDispatched (node:internal/stream_base_commons:159:15)
    at writeGeneric (node:internal/stream_base_commons:150:3)
    at Socket._writeGeneric (node:net:1025:11)
    at Socket._write (node:net:1037:8)
    at writeOrBuffer (node:internal/streams/writable:570:12)
    at _write (node:internal/streams/writable:499:10)
    at Writable.write (node:internal/streams/writable:508:10)
    at Console.log (/usr/local/google/home/agektmr/Development/webauthndemo/node_modules/firebase-tools/node_modules/winston/lib/winston/transports/console.js:79:23)
    at Console._write (/usr/local/google/home/agektmr/Development/webauthndemo/node_modules/firebase-tools/node_modules/winston-transport/index.js:103:17)
    at doWrite (/usr/local/google/home/agektmr/Development/webauthndemo/node_modules/firebase-tools/node_modules/winston-transport/node_modules/readable-stream/lib/_stream_writable.js:428:64)
[error] 
[error] Error: An unexpected error has occurred.
[debug] [2026-06-04T03:43:53.665Z] <<< [apiv2][status] GET http://127.0.0.1:4400/ 200
[debug] [2026-06-04T03:43:53.665Z] <<< [apiv2][body] GET http://127.0.0.1:4400/ {"version":"15.19.0","origins":["http://127.0.0.1:4400","http://[::1]:4400"],"pid":546118,"host":"127.0.0.1","port":4400}
[debug] [2026-06-04T03:43:53.666Z] >>> [apiv2][query] POST http://127.0.0.1:4400/_admin/export [none]
[debug] [2026-06-04T03:43:53.666Z] >>> [apiv2][body] POST http://127.0.0.1:4400/_admin/export {"path":"/usr/local/google/home/agektmr/Development/webauthndemo/.data","initiatedBy":"exit","targets":["auth","firestore"]}
[debug] [2026-06-04T03:43:53.667Z] Error: write EIO
    at afterWriteDispatched (node:internal/stream_base_commons:159:15)
    at writeGeneric (node:internal/stream_base_commons:150:3)
    at Socket._writeGeneric (node:net:1025:11)
    at Socket._write (node:net:1037:8)
    at writeOrBuffer (node:internal/streams/writable:570:12)
    at _write (node:internal/streams/writable:499:10)
    at Writable.write (node:internal/streams/writable:508:10)
    at Console.log (/usr/local/google/home/agektmr/Development/webauthndemo/node_modules/firebase-tools/node_modules/winston/lib/winston/transports/console.js:79:23)
    at Console._write (/usr/local/google/home/agektmr/Development/webauthndemo/node_modules/firebase-tools/node_modules/winston-transport/index.js:103:17)
    at doWrite (/usr/local/google/home/agektmr/Development/webauthndemo/node_modules/firebase-tools/node_modules/winston-transport/node_modules/readable-stream/lib/_stream_writable.js:428:64)
[error] 
[error] Error: An unexpected error has occurred.
[debug] [2026-06-04T03:43:53.667Z] Error: write EIO
    at afterWriteDispatched (node:internal/stream_base_commons:159:15)
    at writeGeneric (node:internal/stream_base_commons:150:3)
    at Socket._writeGeneric (node:net:1025:11)
    at Socket._write (node:net:1037:8)
    at writeOrBuffer (node:internal/streams/writable:570:12)
    at _write (node:internal/streams/writable:499:10)
    at Writable.write (node:internal/streams/writable:508:10)
    at Console.log (/usr/local/google/home/agektmr/Development/webauthndemo/node_modules/firebase-tools/node_modules/winston/lib/winston/transports/console.js:79:23)
    at Console._write (/usr/local/google/home/agektmr/Development/webauthndemo/node_modules/firebase-tools/node_modules/winston-transport/index.js:103:17)
    at doWrite (/usr/local/google/home/agektmr/Development/webauthndemo/node_modules/firebase-tools/node_modules/winston-transport/node_modules/readable-stream/lib/_stream_writable.js:428:64)
[error] 
[error] Error: An unexpected error has occurred.
[debug] [2026-06-04T03:43:53.670Z] Error: write EIO
    at afterWriteDispatched (node:internal/stream_base_commons:159:15)
    at writeGeneric (node:internal/stream_base_commons:150:3)
    at Socket._writeGeneric (node:net:1025:11)
    at Socket._write (node:net:1037:8)
    at writeOrBuffer (node:internal/streams/writable:570:12)
    at _write (node:internal/streams/writable:499:10)
    at Writable.write (node:internal/streams/writable:508:10)
    at Console.log (/usr/local/google/home/agektmr/Development/webauthndemo/node_modules/firebase-tools/node_modules/winston/lib/winston/transports/console.js:79:23)
    at Console._write (/usr/local/google/home/agektmr/Development/webauthndemo/node_modules/firebase-tools/node_modules/winston-transport/index.js:103:17)
    at doWrite (/usr/local/google/home/agektmr/Development/webauthndemo/node_modules/firebase-tools/node_modules/winston-transport/node_modules/readable-stream/lib/_stream_writable.js:428:64)
[error] 
[error] Error: An unexpected error has occurred.
[debug] [2026-06-04T03:43:53.670Z] Error: write EIO
    at afterWriteDispatched (node:internal/stream_base_commons:159:15)
    at writeGeneric (node:internal/stream_base_commons:150:3)
    at Socket._writeGeneric (node:net:1025:11)
    at Socket._write (node:net:1037:8)
    at writeOrBuffer (node:internal/streams/writable:570:12)
    at _write (node:internal/streams/writable:499:10)
    at Writable.write (node:internal/streams/writable:508:10)
    at Console.log (/usr/local/google/home/agektmr/Development/webauthndemo/node_modules/firebase-tools/node_modules/winston/lib/winston/transports/console.js:79:23)
    at Console._write (/usr/local/google/home/agektmr/Development/webauthndemo/node_modules/firebase-tools/node_modules/winston-transport/index.js:103:17)
    at doWrite (/usr/local/google/home/agektmr/Development/webauthndemo/node_modules/firebase-tools/node_modules/winston-transport/node_modules/readable-stream/lib/_stream_writable.js:428:64)
[error] 
[error] Error: An unexpected error has occurred.
[debug] [2026-06-04T03:43:53.670Z] Error: write EIO
    at afterWriteDispatched (node:internal/stream_base_commons:159:15)
    at writeGeneric (node:internal/stream_base_commons:150:3)
    at Socket._writeGeneric (node:net:1025:11)
    at Socket._write (node:net:1037:8)
    at writeOrBuffer (node:internal/streams/writable:570:12)
    at _write (node:internal/streams/writable:499:10)
    at Writable.write (node:internal/streams/writable:508:10)
    at Console.log (/usr/local/google/home/agektmr/Development/webauthndemo/node_modules/firebase-tools/node_modules/winston/lib/winston/transports/console.js:79:23)
    at Console._write (/usr/local/google/home/agektmr/Development/webauthndemo/node_modules/firebase-tools/node_modules/winston-transport/index.js:103:17)
    at doWrite (/usr/local/google/home/agektmr/Development/webauthndemo/node_modules/firebase-tools/node_modules/winston-transport/node_modules/readable-stream/lib/_stream_writable.js:428:64)
[error] 
[error] Error: An unexpected error has occurred.
[debug] [2026-06-04T03:43:53.671Z] Error: write EIO
    at afterWriteDispatched (node:internal/stream_base_commons:159:15)
    at writeGeneric (node:internal/stream_base_commons:150:3)
    at Socket._writeGeneric (node:net:1025:11)
    at Socket._write (node:net:1037:8)
    at writeOrBuffer (node:internal/streams/writable:570:12)
    at _write (node:internal/streams/writable:499:10)
    at Writable.write (node:internal/streams/writable:508:10)
    at Console.log (/usr/local/google/home/agektmr/Development/webauthndemo/node_modules/firebase-tools/node_modules/winston/lib/winston/transports/console.js:79:23)
    at Console._write (/usr/local/google/home/agektmr/Development/webauthndemo/node_modules/firebase-tools/node_modules/winston-transport/index.js:103:17)
    at doWrite (/usr/local/google/home/agektmr/Development/webauthndemo/node_modules/firebase-tools/node_modules/winston-transport/node_modules/readable-stream/lib/_stream_writable.js:428:64)
[error] 
[error] Error: An unexpected error has occurred.
[debug] [2026-06-04T03:43:53.671Z] Error: write EIO
    at afterWriteDispatched (node:internal/stream_base_commons:159:15)
    at writeGeneric (node:internal/stream_base_commons:150:3)
    at Socket._writeGeneric (node:net:1025:11)
    at Socket._write (node:net:1037:8)
    at writeOrBuffer (node:internal/streams/writable:570:12)
    at _write (node:internal/streams/writable:499:10)
    at Writable.write (node:internal/streams/writable:508:10)
    at Console.log (/usr/local/google/home/agektmr/Development/webauthndemo/node_modules/firebase-tools/node_modules/winston/lib/winston/transports/console.js:79:23)
    at Console._write (/usr/local/google/home/agektmr/Development/webauthndemo/node_modules/firebase-tools/node_modules/winston-transport/index.js:103:17)
    at doWrite (/usr/local/google/home/agektmr/Development/webauthndemo/node_modules/firebase-tools/node_modules/winston-transport/node_modules/readable-stream/lib/_stream_writable.js:428:64)
[error] 
[error] Error: An unexpected error has occurred.
[debug] [2026-06-04T03:43:53.671Z] Error: write EIO
    at afterWriteDispatched (node:internal/stream_base_commons:159:15)
    at writeGeneric (node:internal/stream_base_commons:150:3)
    at Socket._writeGeneric (node:net:1025:11)
    at Socket._write (node:net:1037:8)
    at writeOrBuffer (node:internal/streams/writable:570:12)
    at _write (node:internal/streams/writable:499:10)
    at Writable.write (node:internal/streams/writable:508:10)
    at Console.log (/usr/local/google/home/agektmr/Development/webauthndemo/node_modules/firebase-tools/node_modules/winston/lib/winston/transports/console.js:79:23)
    at Console._write (/usr/local/google/home/agektmr/Development/webauthndemo/node_modules/firebase-tools/node_modules/winston-transport/index.js:103:17)
    at doWrite (/usr/local/google/home/agektmr/Development/webauthndemo/node_modules/firebase-tools/node_modules/winston-transport/node_modules/readable-stream/lib/_stream_writable.js:428:64)
[error] 
[error] Error: An unexpected error has occurred.
[debug] [2026-06-04T03:43:53.672Z] Error: write EIO
    at afterWriteDispatched (node:internal/stream_base_commons:159:15)
    at writeGeneric (node:internal/stream_base_commons:150:3)
    at Socket._writeGeneric (node:net:1025:11)
    at Socket._write (node:net:1037:8)
    at writeOrBuffer (node:internal/streams/writable:570:12)
    at _write (node:internal/streams/writable:499:10)
    at Writable.write (node:internal/streams/writable:508:10)
    at Console.log (/usr/local/google/home/agektmr/Development/webauthndemo/node_modules/firebase-tools/node_modules/winston/lib/winston/transports/console.js:79:23)
    at Console._write (/usr/local/google/home/agektmr/Development/webauthndemo/node_modules/firebase-tools/node_modules/winston-transport/index.js:103:17)
    at doWrite (/usr/local/google/home/agektmr/Development/webauthndemo/node_modules/firebase-tools/node_modules/winston-transport/node_modules/readable-stream/lib/_stream_writable.js:428:64)
[error] 
[error] Error: An unexpected error has occurred.
[debug] [2026-06-04T03:43:53.672Z] Error: write EIO
    at afterWriteDispatched (node:internal/stream_base_commons:159:15)
    at writeGeneric (node:internal/stream_base_commons:150:3)
    at Socket._writeGeneric (node:net:1025:11)
    at Socket._write (node:net:1037:8)
    at writeOrBuffer (node:internal/streams/writable:570:12)
    at _write (node:internal/streams/writable:499:10)
    at Writable.write (node:internal/streams/writable:508:10)
    at Console.log (/usr/local/google/home/agektmr/Development/webauthndemo/node_modules/firebase-tools/node_modules/winston/lib/winston/transports/console.js:79:23)
    at Console._write (/usr/local/google/home/agektmr/Development/webauthndemo/node_modules/firebase-tools/node_modules/winston-transport/index.js:103:17)
    at doWrite (/usr/local/google/home/agektmr/Development/webauthndemo/node_modules/firebase-tools/node_modules/winston-transport/node_modules/readable-stream/lib/_stream_writable.js:428:64)
[error] 
[error] Error: An unexpected error has occurred.
[debug] [2026-06-04T03:43:53.672Z] Error: write EIO
    at afterWriteDispatched (node:internal/stream_base_commons:159:15)
    at writeGeneric (node:internal/stream_base_commons:150:3)
    at Socket._writeGeneric (node:net:1025:11)
    at Socket._write (node:net:1037:8)
    at writeOrBuffer (node:internal/streams/writable:570:12)
    at _write (node:internal/streams/writable:499:10)
    at Writable.write (node:internal/streams/writable:508:10)
    at Console.log (/usr/local/google/home/agektmr/Development/webauthndemo/node_modules/firebase-tools/node_modules/winston/lib/winston/transports/console.js:79:23)
    at Console._write (/usr/local/google/home/agektmr/Development/webauthndemo/node_modules/firebase-tools/node_modules/winston-transport/index.js:103:17)
    at doWrite (/usr/local/google/home/agektmr/Development/webauthndemo/node_modules/firebase-tools/node_modules/winston-transport/node_modules/readable-stream/lib/_stream_writable.js:428:64)
[error] 
[error] Error: An unexpected error has occurred.
[debug] [2026-06-04T03:43:53.672Z] Error: write EIO
    at afterWriteDispatched (node:internal/stream_base_commons:159:15)
    at writeGeneric (node:internal/stream_base_commons:150:3)
    at Socket._writeGeneric (node:net:1025:11)
    at Socket._write (node:net:1037:8)
    at writeOrBuffer (node:internal/streams/writable:570:12)
    at _write (node:internal/streams/writable:499:10)
    at Writable.write (node:internal/streams/writable:508:10)
    at Console.log (/usr/local/google/home/agektmr/Development/webauthndemo/node_modules/firebase-tools/node_modules/winston/lib/winston/transports/console.js:79:23)
    at Console._write (/usr/local/google/home/agektmr/Development/webauthndemo/node_modules/firebase-tools/node_modules/winston-transport/index.js:103:17)
    at doWrite (/usr/local/google/home/agektmr/Development/webauthndemo/node_modules/firebase-tools/node_modules/winston-transport/node_modules/readable-stream/lib/_stream_writable.js:428:64)
[error] 
[error] Error: An unexpected error has occurred.
[debug] [2026-06-04T03:43:53.673Z] Error: write EIO
    at afterWriteDispatched (node:internal/stream_base_commons:159:15)
    at writeGeneric (node:internal/stream_base_commons:150:3)
    at Socket._writeGeneric (node:net:1025:11)
    at Socket._write (node:net:1037:8)
    at writeOrBuffer (node:internal/streams/writable:570:12)
    at _write (node:internal/streams/writable:499:10)
    at Writable.write (node:internal/streams/writable:508:10)
    at Console.log (/usr/local/google/home/agektmr/Development/webauthndemo/node_modules/firebase-tools/node_modules/winston/lib/winston/transports/console.js:79:23)
    at Console._write (/usr/local/google/home/agektmr/Development/webauthndemo/node_modules/firebase-tools/node_modules/winston-transport/index.js:103:17)
    at doWrite (/usr/local/google/home/agektmr/Development/webauthndemo/node_modules/firebase-tools/node_modules/winston-transport/node_modules/readable-stream/lib/_stream_writable.js:428:64)
[error] 
[error] Error: An unexpected error has occurred.
[debug] [2026-06-04T03:43:53.673Z] Error: write EIO
    at afterWriteDispatched (node:internal/stream_base_commons:159:15)
    at writeGeneric (node:internal/stream_base_commons:150:3)
    at Socket._writeGeneric (node:net:1025:11)
    at Socket._write (node:net:1037:8)
    at writeOrBuffer (node:internal/streams/writable:570:12)
    at _write (node:internal/streams/writable:499:10)
    at Writable.write (node:internal/streams/writable:508:10)
    at Console.log (/usr/local/google/home/agektmr/Development/webauthndemo/node_modules/firebase-tools/node_modules/winston/lib/winston/transports/console.js:79:23)
    at Console._write (/usr/local/google/home/agektmr/Development/webauthndemo/node_modules/firebase-tools/node_modules/winston-transport/index.js:103:17)
    at doWrite (/usr/local/google/home/agektmr/Development/webauthndemo/node_modules/firebase-tools/node_modules/winston-transport/node_modules/readable-stream/lib/_stream_writable.js:428:64)
[error] 
[error] Error: An unexpected error has occurred.
[debug] [2026-06-04T03:43:53.673Z] Error: write EIO
    at afterWriteDispatched (node:internal/stream_base_commons:159:15)
    at writeGeneric (node:internal/stream_base_commons:150:3)
    at Socket._writeGeneric (node:net:1025:11)
    at Socket._write (node:net:1037:8)
    at writeOrBuffer (node:internal/streams/writable:570:12)
    at _write (node:internal/streams/writable:499:10)
    at Writable.write (node:internal/streams/writable:508:10)
    at Console.log (/usr/local/google/home/agektmr/Development/webauthndemo/node_modules/firebase-tools/node_modules/winston/lib/winston/transports/console.js:79:23)
    at Console._write (/usr/local/google/home/agektmr/Development/webauthndemo/node_modules/firebase-tools/node_modules/winston-transport/index.js:103:17)
    at doWrite (/usr/local/google/home/agektmr/Development/webauthndemo/node_modules/firebase-tools/node_modules/winston-transport/node_modules/readable-stream/lib/_stream_writable.js:428:64)
[error] 
[error] Error: An unexpected error has occurred.
[debug] [2026-06-04T03:43:53.674Z] Error: write EIO
    at afterWriteDispatched (node:internal/stream_base_commons:159:15)
    at writeGeneric (node:internal/stream_base_commons:150:3)
    at Socket._writeGeneric (node:net:1025:11)
    at Socket._write (node:net:1037:8)
    at writeOrBuffer (node:internal/streams/writable:570:12)
    at _write (node:internal/streams/writable:499:10)
    at Writable.write (node:internal/streams/writable:508:10)
    at Console.log (/usr/local/google/home/agektmr/Development/webauthndemo/node_modules/firebase-tools/node_modules/winston/lib/winston/transports/console.js:79:23)
    at Console._write (/usr/local/google/home/agektmr/Development/webauthndemo/node_modules/firebase-tools/node_modules/winston-transport/index.js:103:17)
    at doWrite (/usr/local/google/home/agektmr/Development/webauthndemo/node_modules/firebase-tools/node_modules/winston-transport/node_modules/readable-stream/lib/_stream_writable.js:428:64)
[error] 
[error] Error: An unexpected error has occurred.
[debug] [2026-06-04T03:43:53.674Z] Error: write EIO
    at afterWriteDispatched (node:internal/stream_base_commons:159:15)
    at writeGeneric (node:internal/stream_base_commons:150:3)
    at Socket._writeGeneric (node:net:1025:11)
    at Socket._write (node:net:1037:8)
    at writeOrBuffer (node:internal/streams/writable:570:12)
    at _write (node:internal/streams/writable:499:10)
    at Writable.write (node:internal/streams/writable:508:10)
    at Console.log (/usr/local/google/home/agektmr/Development/webauthndemo/node_modules/firebase-tools/node_modules/winston/lib/winston/transports/console.js:79:23)
    at Console._write (/usr/local/google/home/agektmr/Development/webauthndemo/node_modules/firebase-tools/node_modules/winston-transport/index.js:103:17)
    at doWrite (/usr/local/google/home/agektmr/Development/webauthndemo/node_modules/firebase-tools/node_modules/winston-transport/node_modules/readable-stream/lib/_stream_writable.js:428:64)
[error] 
[error] Error: An unexpected error has occurred.
[debug] [2026-06-04T03:43:53.674Z] Error: write EIO
    at afterWriteDispatched (node:internal/stream_base_commons:159:15)
    at writeGeneric (node:internal/stream_base_commons:150:3)
    at Socket._writeGeneric (node:net:1025:11)
    at Socket._write (node:net:1037:8)
    at writeOrBuffer (node:internal/streams/writable:570:12)
    at _write (node:internal/streams/writable:499:10)
    at Writable.write (node:internal/streams/writable:508:10)
    at Console.log (/usr/local/google/home/agektmr/Development/webauthndemo/node_modules/firebase-tools/node_modules/winston/lib/winston/transports/console.js:79:23)
    at Console._write (/usr/local/google/home/agektmr/Development/webauthndemo/node_modules/firebase-tools/node_modules/winston-transport/index.js:103:17)
    at doWrite (/usr/local/google/home/agektmr/Development/webauthndemo/node_modules/firebase-tools/node_modules/winston-transport/node_modules/readable-stream/lib/_stream_writable.js:428:64)
[error] 
[error] Error: An unexpected error has occurred.
[debug] [2026-06-04T03:43:53.675Z] Error: write EIO
    at afterWriteDispatched (node:internal/stream_base_commons:159:15)
    at writeGeneric (node:internal/stream_base_commons:150:3)
    at Socket._writeGeneric (node:net:1025:11)
    at Socket._write (node:net:1037:8)
    at writeOrBuffer (node:internal/streams/writable:570:12)
    at _write (node:internal/streams/writable:499:10)
    at Writable.write (node:internal/streams/writable:508:10)
    at Console.log (/usr/local/google/home/agektmr/Development/webauthndemo/node_modules/firebase-tools/node_modules/winston/lib/winston/transports/console.js:79:23)
    at Console._write (/usr/local/google/home/agektmr/Development/webauthndemo/node_modules/firebase-tools/node_modules/winston-transport/index.js:103:17)
    at doWrite (/usr/local/google/home/agektmr/Development/webauthndemo/node_modules/firebase-tools/node_modules/winston-transport/node_modules/readable-stream/lib/_stream_writable.js:428:64)
[error] 
[error] Error: An unexpected error has occurred.
[debug] [2026-06-04T03:43:53.675Z] Error: write EIO
    at afterWriteDispatched (node:internal/stream_base_commons:159:15)
    at writeGeneric (node:internal/stream_base_commons:150:3)
    at Socket._writeGeneric (node:net:1025:11)
    at Socket._write (node:net:1037:8)
    at writeOrBuffer (node:internal/streams/writable:570:12)
    at _write (node:internal/streams/writable:499:10)
    at Writable.write (node:internal/streams/writable:508:10)
    at Console.log (/usr/local/google/home/agektmr/Development/webauthndemo/node_modules/firebase-tools/node_modules/winston/lib/winston/transports/console.js:79:23)
    at Console._write (/usr/local/google/home/agektmr/Development/webauthndemo/node_modules/firebase-tools/node_modules/winston-transport/index.js:103:17)
    at doWrite (/usr/local/google/home/agektmr/Development/webauthndemo/node_modules/firebase-tools/node_modules/winston-transport/node_modules/readable-stream/lib/_stream_writable.js:428:64)
[error] 
[error] Error: An unexpected error has occurred.
[debug] [2026-06-04T03:43:53.675Z] Error: write EIO
    at afterWriteDispatched (node:internal/stream_base_commons:159:15)
    at writeGeneric (node:internal/stream_base_commons:150:3)
    at Socket._writeGeneric (node:net:1025:11)
    at Socket._write (node:net:1037:8)
    at writeOrBuffer (node:internal/streams/writable:570:12)
    at _write (node:internal/streams/writable:499:10)
    at Writable.write (node:internal/streams/writable:508:10)
    at Console.log (/usr/local/google/home/agektmr/Development/webauthndemo/node_modules/firebase-tools/node_modules/winston/lib/winston/transports/console.js:79:23)
    at Console._write (/usr/local/google/home/agektmr/Development/webauthndemo/node_modules/firebase-tools/node_modules/winston-transport/index.js:103:17)
    at doWrite (/usr/local/google/home/agektmr/Development/webauthndemo/node_modules/firebase-tools/node_modules/winston-transport/node_modules/readable-stream/lib/_stream_writable.js:428:64)
[error] 
[error] Error: An unexpected error has occurred.
[debug] [2026-06-04T03:43:53.676Z] Error: write EIO
    at afterWriteDispatched (node:internal/stream_base_commons:159:15)
    at writeGeneric (node:internal/stream_base_commons:150:3)
    at Socket._writeGeneric (node:net:1025:11)
    at Socket._write (node:net:1037:8)
    at writeOrBuffer (node:internal/streams/writable:570:12)
    at _write (node:internal/streams/writable:499:10)
    at Writable.write (node:internal/streams/writable:508:10)
    at Console.log (/usr/local/google/home/agektmr/Development/webauthndemo/node_modules/firebase-tools/node_modules/winston/lib/winston/transports/console.js:79:23)
    at Console._write (/usr/local/google/home/agektmr/Development/webauthndemo/node_modules/firebase-tools/node_modules/winston-transport/index.js:103:17)
    at doWrite (/usr/local/google/home/agektmr/Development/webauthndemo/node_modules/firebase-tools/node_modules/winston-transport/node_modules/readable-stream/lib/_stream_writable.js:428:64)
[error] 
[error] Error: An unexpected error has occurred.
[debug] [2026-06-04T03:43:53.676Z] Error: write EIO
    at afterWriteDispatched (node:internal/stream_base_commons:159:15)
    at writeGeneric (node:internal/stream_base_commons:150:3)
    at Socket._writeGeneric (node:net:1025:11)
    at Socket._write (node:net:1037:8)
    at writeOrBuffer (node:internal/streams/writable:570:12)
    at _write (node:internal/streams/writable:499:10)
    at Writable.write (node:internal/streams/writable:508:10)
    at Console.log (/usr/local/google/home/agektmr/Development/webauthndemo/node_modules/firebase-tools/node_modules/winston/lib/winston/transports/console.js:79:23)
    at Console._write (/usr/local/google/home/agektmr/Development/webauthndemo/node_modules/firebase-tools/node_modules/winston-transport/index.js:103:17)
    at doWrite (/usr/local/google/home/agektmr/Development/webauthndemo/node_modules/firebase-tools/node_modules/winston-transport/node_modules/readable-stream/lib/_stream_writable.js:428:64)
[error] 
[error] Error: An unexpected error has occurred.
[debug] [2026-06-04T03:43:53.677Z] Error: write EIO
    at afterWriteDispatched (node:internal/stream_base_commons:159:15)
    at writeGeneric (node:internal/stream_base_commons:150:3)
    at Socket._writeGeneric (node:net:1025:11)
    at Socket._write (node:net:1037:8)
    at writeOrBuffer (node:internal/streams/writable:570:12)
    at _write (node:internal/streams/writable:499:10)
    at Writable.write (node:internal/streams/writable:508:10)
    at Console.log (/usr/local/google/home/agektmr/Development/webauthndemo/node_modules/firebase-tools/node_modules/winston/lib/winston/transports/console.js:79:23)
    at Console._write (/usr/local/google/home/agektmr/Development/webauthndemo/node_modules/firebase-tools/node_modules/winston-transport/index.js:103:17)
    at doWrite (/usr/local/google/home/agektmr/Development/webauthndemo/node_modules/firebase-tools/node_modules/winston-transport/node_modules/readable-stream/lib/_stream_writable.js:428:64)
[error] 
[error] Error: An unexpected error has occurred.
[debug] [2026-06-04T03:43:53.677Z] Error: write EIO
    at afterWriteDispatched (node:internal/stream_base_commons:159:15)
    at writeGeneric (node:internal/stream_base_commons:150:3)
    at Socket._writeGeneric (node:net:1025:11)
    at Socket._write (node:net:1037:8)
    at writeOrBuffer (node:internal/streams/writable:570:12)
    at _write (node:internal/streams/writable:499:10)
    at Writable.write (node:internal/streams/writable:508:10)
    at Console.log (/usr/local/google/home/agektmr/Development/webauthndemo/node_modules/firebase-tools/node_modules/winston/lib/winston/transports/console.js:79:23)
    at Console._write (/usr/local/google/home/agektmr/Development/webauthndemo/node_modules/firebase-tools/node_modules/winston-transport/index.js:103:17)
    at doWrite (/usr/local/google/home/agektmr/Development/webauthndemo/node_modules/firebase-tools/node_modules/winston-transport/node_modules/readable-stream/lib/_stream_writable.js:428:64)
[error] 
[error] Error: An unexpected error has occurred.
[debug] [2026-06-04T03:43:53.677Z] Error: write EIO
    at afterWriteDispatched (node:internal/stream_base_commons:159:15)
    at writeGeneric (node:internal/stream_base_commons:150:3)
    at Socket._writeGeneric (node:net:1025:11)
    at Socket._write (node:net:1037:8)
    at writeOrBuffer (node:internal/streams/writable:570:12)
    at _write (node:internal/streams/writable:499:10)
    at Writable.write (node:internal/streams/writable:508:10)
    at Console.log (/usr/local/google/home/agektmr/Development/webauthndemo/node_modules/firebase-tools/node_modules/winston/lib/winston/transports/console.js:79:23)
    at Console._write (/usr/local/google/home/agektmr/Development/webauthndemo/node_modules/firebase-tools/node_modules/winston-transport/index.js:103:17)
    at doWrite (/usr/local/google/home/agektmr/Development/webauthndemo/node_modules/firebase-tools/node_modules/winston-transport/node_modules/readable-stream/lib/_stream_writable.js:428:64)
[error] 
[error] Error: An unexpected error has occurred.
[debug] [2026-06-04T03:43:53.678Z] Error: write EIO
    at afterWriteDispatched (node:internal/stream_base_commons:159:15)
    at writeGeneric (node:internal/stream_base_commons:150:3)
    at Socket._writeGeneric (node:net:1025:11)
    at Socket._write (node:net:1037:8)
    at writeOrBuffer (node:internal/streams/writable:570:12)
    at _write (node:internal/streams/writable:499:10)
    at Writable.write (node:internal/streams/writable:508:10)
    at Console.log (/usr/local/google/home/agektmr/Development/webauthndemo/node_modules/firebase-tools/node_modules/winston/lib/winston/transports/console.js:79:23)
    at Console._write (/usr/local/google/home/agektmr/Development/webauthndemo/node_modules/firebase-tools/node_modules/winston-transport/index.js:103:17)
    at doWrite (/usr/local/google/home/agektmr/Development/webauthndemo/node_modules/firebase-tools/node_modules/winston-transport/node_modules/readable-stream/lib/_stream_writable.js:428:64)
[error] 
[error] Error: An unexpected error has occurred.
[debug] [2026-06-04T03:43:53.678Z] Error: write EIO
    at afterWriteDispatched (node:internal/stream_base_commons:159:15)
    at writeGeneric (node:internal/stream_base_commons:150:3)
    at Socket._writeGeneric (node:net:1025:11)
    at Socket._write (node:net:1037:8)
    at writeOrBuffer (node:internal/streams/writable:570:12)
    at _write (node:internal/streams/writable:499:10)
    at Writable.write (node:internal/streams/writable:508:10)
    at Console.log (/usr/local/google/home/agektmr/Development/webauthndemo/node_modules/firebase-tools/node_modules/winston/lib/winston/transports/console.js:79:23)
    at Console._write (/usr/local/google/home/agektmr/Development/webauthndemo/node_modules/firebase-tools/node_modules/winston-transport/index.js:103:17)
    at doWrite (/usr/local/google/home/agektmr/Development/webauthndemo/node_modules/firebase-tools/node_modules/winston-transport/node_modules/readable-stream/lib/_stream_writable.js:428:64)
[error] 
[error] Error: An unexpected error has occurred.
[debug] [2026-06-04T03:43:53.679Z] Error: write EIO
    at afterWriteDispatched (node:internal/stream_base_commons:159:15)
    at writeGeneric (node:internal/stream_base_commons:150:3)
    at Socket._writeGeneric (node:net:1025:11)
    at Socket._write (node:net:1037:8)
    at writeOrBuffer (node:internal/streams/writable:570:12)
    at _write (node:internal/streams/writable:499:10)
    at Writable.write (node:internal/streams/writable:508:10)
    at Console.log (/usr/local/google/home/agektmr/Development/webauthndemo/node_modules/firebase-tools/node_modules/winston/lib/winston/transports/console.js:79:23)
    at Console._write (/usr/local/google/home/agektmr/Development/webauthndemo/node_modules/firebase-tools/node_modules/winston-transport/index.js:103:17)
    at doWrite (/usr/local/google/home/agektmr/Development/webauthndemo/node_modules/firebase-tools/node_modules/winston-transport/node_modules/readable-stream/lib/_stream_writable.js:428:64)
[error] 
[error] Error: An unexpected error has occurred.
[debug] [2026-06-04T03:43:53.680Z] Error: write EIO
    at afterWriteDispatched (node:internal/stream_base_commons:159:15)
    at writeGeneric (node:internal/stream_base_commons:150:3)
    at Socket._writeGeneric (node:net:1025:11)
    at Socket._write (node:net:1037:8)
    at writeOrBuffer (node:internal/streams/writable:570:12)
    at _write (node:internal/streams/writable:499:10)
    at Writable.write (node:internal/streams/writable:508:10)
    at Console.log (/usr/local/google/home/agektmr/Development/webauthndemo/node_modules/firebase-tools/node_modules/winston/lib/winston/transports/console.js:79:23)
    at Console._write (/usr/local/google/home/agektmr/Development/webauthndemo/node_modules/firebase-tools/node_modules/winston-transport/index.js:103:17)
    at doWrite (/usr/local/google/home/agektmr/Development/webauthndemo/node_modules/firebase-tools/node_modules/winston-transport/node_modules/readable-stream/lib/_stream_writable.js:428:64)
[error] 
[error] Error: An unexpected error has occurred.
[debug] [2026-06-04T03:43:53.680Z] Error: write EIO
    at afterWriteDispatched (node:internal/stream_base_commons:159:15)
    at writeGeneric (node:internal/stream_base_commons:150:3)
    at Socket._writeGeneric (node:net:1025:11)
    at Socket._write (node:net:1037:8)
    at writeOrBuffer (node:internal/streams/writable:570:12)
    at _write (node:internal/streams/writable:499:10)
    at Writable.write (node:internal/streams/writable:508:10)
    at Console.log (/usr/local/google/home/agektmr/Development/webauthndemo/node_modules/firebase-tools/node_modules/winston/lib/winston/transports/console.js:79:23)
    at Console._write (/usr/local/google/home/agektmr/Development/webauthndemo/node_modules/firebase-tools/node_modules/winston-transport/index.js:103:17)
    at doWrite (/usr/local/google/home/agektmr/Development/webauthndemo/node_modules/firebase-tools/node_modules/winston-transport/node_modules/readable-stream/lib/_stream_writable.js:428:64)
[error] 
[error] Error: An unexpected error has occurred.
[debug] [2026-06-04T03:43:53.681Z] Error: write EIO
    at afterWriteDispatched (node:internal/stream_base_commons:159:15)
    at writeGeneric (node:internal/stream_base_commons:150:3)
    at Socket._writeGeneric (node:net:1025:11)
    at Socket._write (node:net:1037:8)
    at writeOrBuffer (node:internal/streams/writable:570:12)
    at _write (node:internal/streams/writable:499:10)
    at Writable.write (node:internal/streams/writable:508:10)
    at Console.log (/usr/local/google/home/agektmr/Development/webauthndemo/node_modules/firebase-tools/node_modules/winston/lib/winston/transports/console.js:79:23)
    at Console._write (/usr/local/google/home/agektmr/Development/webauthndemo/node_modules/firebase-tools/node_modules/winston-transport/index.js:103:17)
    at doWrite (/usr/local/google/home/agektmr/Development/webauthndemo/node_modules/firebase-tools/node_modules/winston-transport/node_modules/readable-stream/lib/_stream_writable.js:428:64)
[error] 
[error] Error: An unexpected error has occurred.
[debug] [2026-06-04T03:43:53.682Z] Error: write EIO
    at afterWriteDispatched (node:internal/stream_base_commons:159:15)
    at writeGeneric (node:internal/stream_base_commons:150:3)
    at Socket._writeGeneric (node:net:1025:11)
    at Socket._write (node:net:1037:8)
    at writeOrBuffer (node:internal/streams/writable:570:12)
    at _write (node:internal/streams/writable:499:10)
    at Writable.write (node:internal/streams/writable:508:10)
    at Console.log (/usr/local/google/home/agektmr/Development/webauthndemo/node_modules/firebase-tools/node_modules/winston/lib/winston/transports/console.js:79:23)
    at Console._write (/usr/local/google/home/agektmr/Development/webauthndemo/node_modules/firebase-tools/node_modules/winston-transport/index.js:103:17)
    at doWrite (/usr/local/google/home/agektmr/Development/webauthndemo/node_modules/firebase-tools/node_modules/winston-transport/node_modules/readable-stream/lib/_stream_writable.js:428:64)
[error] 
[error] Error: An unexpected error has occurred.
[debug] [2026-06-04T03:43:53.684Z] Error: write EIO
    at afterWriteDispatched (node:internal/stream_base_commons:159:15)
    at writeGeneric (node:internal/stream_base_commons:150:3)
    at Socket._writeGeneric (node:net:1025:11)
    at Socket._write (node:net:1037:8)
    at writeOrBuffer (node:internal/streams/writable:570:12)
    at _write (node:internal/streams/writable:499:10)
    at Writable.write (node:internal/streams/writable:508:10)
    at Console.log (/usr/local/google/home/agektmr/Development/webauthndemo/node_modules/firebase-tools/node_modules/winston/lib/winston/transports/console.js:79:23)
    at Console._write (/usr/local/google/home/agektmr/Development/webauthndemo/node_modules/firebase-tools/node_modules/winston-transport/index.js:103:17)
    at doWrite (/usr/local/google/home/agektmr/Development/webauthndemo/node_modules/firebase-tools/node_modules/winston-transport/node_modules/readable-stream/lib/_stream_writable.js:428:64)
[error] 
[error] Error: An unexpected error has occurred.
[debug] [2026-06-04T03:43:53.685Z] Error: write EIO
    at afterWriteDispatched (node:internal/stream_base_commons:159:15)
    at writeGeneric (node:internal/stream_base_commons:150:3)
    at Socket._writeGeneric (node:net:1025:11)
    at Socket._write (node:net:1037:8)
    at writeOrBuffer (node:internal/streams/writable:570:12)
    at _write (node:internal/streams/writable:499:10)
    at Writable.write (node:internal/streams/writable:508:10)
    at Console.log (/usr/local/google/home/agektmr/Development/webauthndemo/node_modules/firebase-tools/node_modules/winston/lib/winston/transports/console.js:79:23)
    at Console._write (/usr/local/google/home/agektmr/Development/webauthndemo/node_modules/firebase-tools/node_modules/winston-transport/index.js:103:17)
    at doWrite (/usr/local/google/home/agektmr/Development/webauthndemo/node_modules/firebase-tools/node_modules/winston-transport/node_modules/readable-stream/lib/_stream_writable.js:428:64)
[error] 
[error] Error: An unexpected error has occurred.
[debug] [2026-06-04T03:43:53.685Z] Error: write EIO
    at afterWriteDispatched (node:internal/stream_base_commons:159:15)
    at writeGeneric (node:internal/stream_base_commons:150:3)
    at Socket._writeGeneric (node:net:1025:11)
    at Socket._write (node:net:1037:8)
    at writeOrBuffer (node:internal/streams/writable:570:12)
    at _write (node:internal/streams/writable:499:10)
    at Writable.write (node:internal/streams/writable:508:10)
    at Console.log (/usr/local/google/home/agektmr/Development/webauthndemo/node_modules/firebase-tools/node_modules/winston/lib/winston/transports/console.js:79:23)
    at Console._write (/usr/local/google/home/agektmr/Development/webauthndemo/node_modules/firebase-tools/node_modules/winston-transport/index.js:103:17)
    at doWrite (/usr/local/google/home/agektmr/Development/webauthndemo/node_modules/firebase-tools/node_modules/winston-transport/node_modules/readable-stream/lib/_stream_writable.js:428:64)
[error] 
[error] Error: An unexpected error has occurred.
[debug] [2026-06-04T03:43:53.685Z] Error: write EIO
    at afterWriteDispatched (node:internal/stream_base_commons:159:15)
    at writeGeneric (node:internal/stream_base_commons:150:3)
    at Socket._writeGeneric (node:net:1025:11)
    at Socket._write (node:net:1037:8)
    at writeOrBuffer (node:internal/streams/writable:570:12)
    at _write (node:internal/streams/writable:499:10)
    at Writable.write (node:internal/streams/writable:508:10)
    at Console.log (/usr/local/google/home/agektmr/Development/webauthndemo/node_modules/firebase-tools/node_modules/winston/lib/winston/transports/console.js:79:23)
    at Console._write (/usr/local/google/home/agektmr/Development/webauthndemo/node_modules/firebase-tools/node_modules/winston-transport/index.js:103:17)
    at doWrite (/usr/local/google/home/agektmr/Development/webauthndemo/node_modules/firebase-tools/node_modules/winston-transport/node_modules/readable-stream/lib/_stream_writable.js:428:64)
[error] 
[error] Error: An unexpected error has occurred.
[debug] [2026-06-04T03:43:53.686Z] Error: write EIO
    at afterWriteDispatched (node:internal/stream_base_commons:159:15)
    at writeGeneric (node:internal/stream_base_commons:150:3)
    at Socket._writeGeneric (node:net:1025:11)
    at Socket._write (node:net:1037:8)
    at writeOrBuffer (node:internal/streams/writable:570:12)
    at _write (node:internal/streams/writable:499:10)
    at Writable.write (node:internal/streams/writable:508:10)
    at Console.log (/usr/local/google/home/agektmr/Development/webauthndemo/node_modules/firebase-tools/node_modules/winston/lib/winston/transports/console.js:79:23)
    at Console._write (/usr/local/google/home/agektmr/Development/webauthndemo/node_modules/firebase-tools/node_modules/winston-transport/index.js:103:17)
    at doWrite (/usr/local/google/home/agektmr/Development/webauthndemo/node_modules/firebase-tools/node_modules/winston-transport/node_modules/readable-stream/lib/_stream_writable.js:428:64)
[error] 
[error] Error: An unexpected error has occurred.
[debug] [2026-06-04T03:43:53.686Z] Error: write EIO
    at afterWriteDispatched (node:internal/stream_base_commons:159:15)
    at writeGeneric (node:internal/stream_base_commons:150:3)
    at Socket._writeGeneric (node:net:1025:11)
    at Socket._write (node:net:1037:8)
    at writeOrBuffer (node:internal/streams/writable:570:12)
    at _write (node:internal/streams/writable:499:10)
    at Writable.write (node:internal/streams/writable:508:10)
    at Console.log (/usr/local/google/home/agektmr/Development/webauthndemo/node_modules/firebase-tools/node_modules/winston/lib/winston/transports/console.js:79:23)
    at Console._write (/usr/local/google/home/agektmr/Development/webauthndemo/node_modules/firebase-tools/node_modules/winston-transport/index.js:103:17)
    at doWrite (/usr/local/google/home/agektmr/Development/webauthndemo/node_modules/firebase-tools/node_modules/winston-transport/node_modules/readable-stream/lib/_stream_writable.js:428:64)
[error] 
[error] Error: An unexpected error has occurred.
[debug] [2026-06-04T03:43:53.686Z] Error: write EIO
    at afterWriteDispatched (node:internal/stream_base_commons:159:15)
    at writeGeneric (node:internal/stream_base_commons:150:3)
    at Socket._writeGeneric (node:net:1025:11)
    at Socket._write (node:net:1037:8)
    at writeOrBuffer (node:internal/streams/writable:570:12)
    at _write (node:internal/streams/writable:499:10)
    at Writable.write (node:internal/streams/writable:508:10)
    at Console.log (/usr/local/google/home/agektmr/Development/webauthndemo/node_modules/firebase-tools/node_modules/winston/lib/winston/transports/console.js:79:23)
    at Console._write (/usr/local/google/home/agektmr/Development/webauthndemo/node_modules/firebase-tools/node_modules/winston-transport/index.js:103:17)
    at doWrite (/usr/local/google/home/agektmr/Development/webauthndemo/node_modules/firebase-tools/node_modules/winston-transport/node_modules/readable-stream/lib/_stream_writable.js:428:64)
[error] 
[error] Error: An unexpected error has occurred.
[debug] [2026-06-04T03:43:53.686Z] Error: write EIO
    at afterWriteDispatched (node:internal/stream_base_commons:159:15)
    at writeGeneric (node:internal/stream_base_commons:150:3)
    at Socket._writeGeneric (node:net:1025:11)
    at Socket._write (node:net:1037:8)
    at writeOrBuffer (node:internal/streams/writable:570:12)
    at _write (node:internal/streams/writable:499:10)
    at Writable.write (node:internal/streams/writable:508:10)
    at Console.log (/usr/local/google/home/agektmr/Development/webauthndemo/node_modules/firebase-tools/node_modules/winston/lib/winston/transports/console.js:79:23)
    at Console._write (/usr/local/google/home/agektmr/Development/webauthndemo/node_modules/firebase-tools/node_modules/winston-transport/index.js:103:17)
    at doWrite (/usr/local/google/home/agektmr/Development/webauthndemo/node_modules/firebase-tools/node_modules/winston-transport/node_modules/readable-stream/lib/_stream_writable.js:428:64)
[error] 
[error] Error: An unexpected error has occurred.
[debug] [2026-06-04T03:43:53.687Z] Error: write EIO
    at afterWriteDispatched (node:internal/stream_base_commons:159:15)
    at writeGeneric (node:internal/stream_base_commons:150:3)
    at Socket._writeGeneric (node:net:1025:11)
    at Socket._write (node:net:1037:8)
    at writeOrBuffer (node:internal/streams/writable:570:12)
    at _write (node:internal/streams/writable:499:10)
    at Writable.write (node:internal/streams/writable:508:10)
    at Console.log (/usr/local/google/home/agektmr/Development/webauthndemo/node_modules/firebase-tools/node_modules/winston/lib/winston/transports/console.js:79:23)
    at Console._write (/usr/local/google/home/agektmr/Development/webauthndemo/node_modules/firebase-tools/node_modules/winston-transport/index.js:103:17)
    at doWrite (/usr/local/google/home/agektmr/Development/webauthndemo/node_modules/firebase-tools/node_modules/winston-transport/node_modules/readable-stream/lib/_stream_writable.js:428:64)
[error] 
[error] Error: An unexpected error has occurred.
[debug] [2026-06-04T03:43:53.687Z] Error: write EIO
    at afterWriteDispatched (node:internal/stream_base_commons:159:15)
    at writeGeneric (node:internal/stream_base_commons:150:3)
    at Socket._writeGeneric (node:net:1025:11)
    at Socket._write (node:net:1037:8)
    at writeOrBuffer (node:internal/streams/writable:570:12)
    at _write (node:internal/streams/writable:499:10)
    at Writable.write (node:internal/streams/writable:508:10)
    at Console.log (/usr/local/google/home/agektmr/Development/webauthndemo/node_modules/firebase-tools/node_modules/winston/lib/winston/transports/console.js:79:23)
    at Console._write (/usr/local/google/home/agektmr/Development/webauthndemo/node_modules/firebase-tools/node_modules/winston-transport/index.js:103:17)
    at doWrite (/usr/local/google/home/agektmr/Development/webauthndemo/node_modules/firebase-tools/node_modules/winston-transport/node_modules/readable-stream/lib/_stream_writable.js:428:64)
[error] 
[error] Error: An unexpected error has occurred.
[debug] [2026-06-04T03:43:53.688Z] Error: write EIO
    at afterWriteDispatched (node:internal/stream_base_commons:159:15)
    at writeGeneric (node:internal/stream_base_commons:150:3)
    at Socket._writeGeneric (node:net:1025:11)
    at Socket._write (node:net:1037:8)
    at writeOrBuffer (node:internal/streams/writable:570:12)
    at _write (node:internal/streams/writable:499:10)
    at Writable.write (node:internal/streams/writable:508:10)
    at Console.log (/usr/local/google/home/agektmr/Development/webauthndemo/node_modules/firebase-tools/node_modules/winston/lib/winston/transports/console.js:79:23)
    at Console._write (/usr/local/google/home/agektmr/Development/webauthndemo/node_modules/firebase-tools/node_modules/winston-transport/index.js:103:17)
    at doWrite (/usr/local/google/home/agektmr/Development/webauthndemo/node_modules/firebase-tools/node_modules/winston-transport/node_modules/readable-stream/lib/_stream_writable.js:428:64)
[error] 
[error] Error: An unexpected error has occurred.
[debug] [2026-06-04T03:43:53.688Z] Error: write EIO
    at afterWriteDispatched (node:internal/stream_base_commons:159:15)
    at writeGeneric (node:internal/stream_base_commons:150:3)
    at Socket._writeGeneric (node:net:1025:11)
    at Socket._write (node:net:1037:8)
    at writeOrBuffer (node:internal/streams/writable:570:12)
    at _write (node:internal/streams/writable:499:10)
    at Writable.write (node:internal/streams/writable:508:10)
    at Console.log (/usr/local/google/home/agektmr/Development/webauthndemo/node_modules/firebase-tools/node_modules/winston/lib/winston/transports/console.js:79:23)
    at Console._write (/usr/local/google/home/agektmr/Development/webauthndemo/node_modules/firebase-tools/node_modules/winston-transport/index.js:103:17)
    at doWrite (/usr/local/google/home/agektmr/Development/webauthndemo/node_modules/firebase-tools/node_modules/winston-transport/node_modules/readable-stream/lib/_stream_writable.js:428:64)
[error] 
[error] Error: An unexpected error has occurred.
[debug] [2026-06-04T03:43:53.688Z] Error: write EIO
    at afterWriteDispatched (node:internal/stream_base_commons:159:15)
    at writeGeneric (node:internal/stream_base_commons:150:3)
    at Socket._writeGeneric (node:net:1025:11)
    at Socket._write (node:net:1037:8)
    at writeOrBuffer (node:internal/streams/writable:570:12)
    at _write (node:internal/streams/writable:499:10)
    at Writable.write (node:internal/streams/writable:508:10)
    at Console.log (/usr/local/google/home/agektmr/Development/webauthndemo/node_modules/firebase-tools/node_modules/winston/lib/winston/transports/console.js:79:23)
    at Console._write (/usr/local/google/home/agektmr/Development/webauthndemo/node_modules/firebase-tools/node_modules/winston-transport/index.js:103:17)
    at doWrite (/usr/local/google/home/agektmr/Development/webauthndemo/node_modules/firebase-tools/node_modules/winston-transport/node_modules/readable-stream/lib/_stream_writable.js:428:64)
[error] 
[error] Error: An unexpected error has occurred.
[debug] [2026-06-04T03:43:53.688Z] Error: write EIO
    at afterWriteDispatched (node:internal/stream_base_commons:159:15)
    at writeGeneric (node:internal/stream_base_commons:150:3)
    at Socket._writeGeneric (node:net:1025:11)
    at Socket._write (node:net:1037:8)
    at writeOrBuffer (node:internal/streams/writable:570:12)
    at _write (node:internal/streams/writable:499:10)
    at Writable.write (node:internal/streams/writable:508:10)
    at Console.log (/usr/local/google/home/agektmr/Development/webauthndemo/node_modules/firebase-tools/node_modules/winston/lib/winston/transports/console.js:79:23)
    at Console._write (/usr/local/google/home/agektmr/Development/webauthndemo/node_modules/firebase-tools/node_modules/winston-transport/index.js:103:17)
    at doWrite (/usr/local/google/home/agektmr/Development/webauthndemo/node_modules/firebase-tools/node_modules/winston-transport/node_modules/readable-stream/lib/_stream_writable.js:428:64)
[error] 
[error] Error: An unexpected error has occurred.
[debug] [2026-06-04T03:43:53.689Z] Error: write EIO
    at afterWriteDispatched (node:internal/stream_base_commons:159:15)
    at writeGeneric (node:internal/stream_base_commons:150:3)
    at Socket._writeGeneric (node:net:1025:11)
    at Socket._write (node:net:1037:8)
    at writeOrBuffer (node:internal/streams/writable:570:12)
    at _write (node:internal/streams/writable:499:10)
    at Writable.write (node:internal/streams/writable:508:10)
    at Console.log (/usr/local/google/home/agektmr/Development/webauthndemo/node_modules/firebase-tools/node_modules/winston/lib/winston/transports/console.js:79:23)
    at Console._write (/usr/local/google/home/agektmr/Development/webauthndemo/node_modules/firebase-tools/node_modules/winston-transport/index.js:103:17)
    at doWrite (/usr/local/google/home/agektmr/Development/webauthndemo/node_modules/firebase-tools/node_modules/winston-transport/node_modules/readable-stream/lib/_stream_writable.js:428:64)
[error] 
[error] Error: An unexpected error has occurred.
[debug] [2026-06-04T03:43:53.689Z] Error: write EIO
    at afterWriteDispatched (node:internal/stream_base_commons:159:15)
    at writeGeneric (node:internal/stream_base_commons:150:3)
    at Socket._writeGeneric (node:net:1025:11)
    at Socket._write (node:net:1037:8)
    at writeOrBuffer (node:internal/streams/writable:570:12)
    at _write (node:internal/streams/writable:499:10)
    at Writable.write (node:internal/streams/writable:508:10)
    at Console.log (/usr/local/google/home/agektmr/Development/webauthndemo/node_modules/firebase-tools/node_modules/winston/lib/winston/transports/console.js:79:23)
    at Console._write (/usr/local/google/home/agektmr/Development/webauthndemo/node_modules/firebase-tools/node_modules/winston-transport/index.js:103:17)
    at doWrite (/usr/local/google/home/agektmr/Development/webauthndemo/node_modules/firebase-tools/node_modules/winston-transport/node_modules/readable-stream/lib/_stream_writable.js:428:64)
[error] 
[error] Error: An unexpected error has occurred.
[debug] [2026-06-04T03:43:53.689Z] Error: write EIO
    at afterWriteDispatched (node:internal/stream_base_commons:159:15)
    at writeGeneric (node:internal/stream_base_commons:150:3)
    at Socket._writeGeneric (node:net:1025:11)
    at Socket._write (node:net:1037:8)
    at writeOrBuffer (node:internal/streams/writable:570:12)
    at _write (node:internal/streams/writable:499:10)
    at Writable.write (node:internal/streams/writable:508:10)
    at Console.log (/usr/local/google/home/agektmr/Development/webauthndemo/node_modules/firebase-tools/node_modules/winston/lib/winston/transports/console.js:79:23)
    at Console._write (/usr/local/google/home/agektmr/Development/webauthndemo/node_modules/firebase-tools/node_modules/winston-transport/index.js:103:17)
    at doWrite (/usr/local/google/home/agektmr/Development/webauthndemo/node_modules/firebase-tools/node_modules/winston-transport/node_modules/readable-stream/lib/_stream_writable.js:428:64)
[error] 
[error] Error: An unexpected error has occurred.
[debug] [2026-06-04T03:43:53.689Z] Error: write EIO
    at afterWriteDispatched (node:internal/stream_base_commons:159:15)
    at writeGeneric (node:internal/stream_base_commons:150:3)
    at Socket._writeGeneric (node:net:1025:11)
    at Socket._write (node:net:1037:8)
    at writeOrBuffer (node:internal/streams/writable:570:12)
    at _write (node:internal/streams/writable:499:10)
    at Writable.write (node:internal/streams/writable:508:10)
    at Console.log (/usr/local/google/home/agektmr/Development/webauthndemo/node_modules/firebase-tools/node_modules/winston/lib/winston/transports/console.js:79:23)
    at Console._write (/usr/local/google/home/agektmr/Development/webauthndemo/node_modules/firebase-tools/node_modules/winston-transport/index.js:103:17)
    at doWrite (/usr/local/google/home/agektmr/Development/webauthndemo/node_modules/firebase-tools/node_modules/winston-transport/node_modules/readable-stream/lib/_stream_writable.js:428:64)
[error] 
[error] Error: An unexpected error has occurred.
[debug] [2026-06-04T03:43:53.689Z] Error: write EIO
    at afterWriteDispatched (node:internal/stream_base_commons:159:15)
    at writeGeneric (node:internal/stream_base_commons:150:3)
    at Socket._writeGeneric (node:net:1025:11)
    at Socket._write (node:net:1037:8)
    at writeOrBuffer (node:internal/streams/writable:570:12)
    at _write (node:internal/streams/writable:499:10)
    at Writable.write (node:internal/streams/writable:508:10)
    at Console.log (/usr/local/google/home/agektmr/Development/webauthndemo/node_modules/firebase-tools/node_modules/winston/lib/winston/transports/console.js:79:23)
    at Console._write (/usr/local/google/home/agektmr/Development/webauthndemo/node_modules/firebase-tools/node_modules/winston-transport/index.js:103:17)
    at doWrite (/usr/local/google/home/agektmr/Development/webauthndemo/node_modules/firebase-tools/node_modules/winston-transport/node_modules/readable-stream/lib/_stream_writable.js:428:64)
[error] 
[error] Error: An unexpected error has occurred.
[debug] [2026-06-04T03:43:53.690Z] Error: write EIO
    at afterWriteDispatched (node:internal/stream_base_commons:159:15)
    at writeGeneric (node:internal/stream_base_commons:150:3)
    at Socket._writeGeneric (node:net:1025:11)
    at Socket._write (node:net:1037:8)
    at writeOrBuffer (node:internal/streams/writable:570:12)
    at _write (node:internal/streams/writable:499:10)
    at Writable.write (node:internal/streams/writable:508:10)
    at Console.log (/usr/local/google/home/agektmr/Development/webauthndemo/node_modules/firebase-tools/node_modules/winston/lib/winston/transports/console.js:79:23)
    at Console._write (/usr/local/google/home/agektmr/Development/webauthndemo/node_modules/firebase-tools/node_modules/winston-transport/index.js:103:17)
    at doWrite (/usr/local/google/home/agektmr/Development/webauthndemo/node_modules/firebase-tools/node_modules/winston-transport/node_modules/readable-stream/lib/_stream_writable.js:428:64)
[error] 
[error] Error: An unexpected error has occurred.
[debug] [2026-06-04T03:43:53.690Z] Error: write EIO
    at afterWriteDispatched (node:internal/stream_base_commons:159:15)
    at writeGeneric (node:internal/stream_base_commons:150:3)
    at Socket._writeGeneric (node:net:1025:11)
    at Socket._write (node:net:1037:8)
    at writeOrBuffer (node:internal/streams/writable:570:12)
    at _write (node:internal/streams/writable:499:10)
    at Writable.write (node:internal/streams/writable:508:10)
    at Console.log (/usr/local/google/home/agektmr/Development/webauthndemo/node_modules/firebase-tools/node_modules/winston/lib/winston/transports/console.js:79:23)
    at Console._write (/usr/local/google/home/agektmr/Development/webauthndemo/node_modules/firebase-tools/node_modules/winston-transport/index.js:103:17)
    at doWrite (/usr/local/google/home/agektmr/Development/webauthndemo/node_modules/firebase-tools/node_modules/winston-transport/node_modules/readable-stream/lib/_stream_writable.js:428:64)
[error] 
[error] Error: An unexpected error has occurred.
[debug] [2026-06-04T03:43:53.690Z] Error: write EIO
    at afterWriteDispatched (node:internal/stream_base_commons:159:15)
    at writeGeneric (node:internal/stream_base_commons:150:3)
    at Socket._writeGeneric (node:net:1025:11)
    at Socket._write (node:net:1037:8)
    at writeOrBuffer (node:internal/streams/writable:570:12)
    at _write (node:internal/streams/writable:499:10)
    at Writable.write (node:internal/streams/writable:508:10)
    at Console.log (/usr/local/google/home/agektmr/Development/webauthndemo/node_modules/firebase-tools/node_modules/winston/lib/winston/transports/console.js:79:23)
    at Console._write (/usr/local/google/home/agektmr/Development/webauthndemo/node_modules/firebase-tools/node_modules/winston-transport/index.js:103:17)
    at doWrite (/usr/local/google/home/agektmr/Development/webauthndemo/node_modules/firebase-tools/node_modules/winston-transport/node_modules/readable-stream/lib/_stream_writable.js:428:64)
[error] 
[error] Error: An unexpected error has occurred.
[debug] [2026-06-04T03:43:53.690Z] Error: write EIO
    at afterWriteDispatched (node:internal/stream_base_commons:159:15)
    at writeGeneric (node:internal/stream_base_commons:150:3)
    at Socket._writeGeneric (node:net:1025:11)
    at Socket._write (node:net:1037:8)
    at writeOrBuffer (node:internal/streams/writable:570:12)
    at _write (node:internal/streams/writable:499:10)
    at Writable.write (node:internal/streams/writable:508:10)
    at Console.log (/usr/local/google/home/agektmr/Development/webauthndemo/node_modules/firebase-tools/node_modules/winston/lib/winston/transports/console.js:79:23)
    at Console._write (/usr/local/google/home/agektmr/Development/webauthndemo/node_modules/firebase-tools/node_modules/winston-transport/index.js:103:17)
    at doWrite (/usr/local/google/home/agektmr/Development/webauthndemo/node_modules/firebase-tools/node_modules/winston-transport/node_modules/readable-stream/lib/_stream_writable.js:428:64)
[error] 
[error] Error: An unexpected error has occurred.
[debug] [2026-06-04T03:43:53.691Z] Error: write EIO
    at afterWriteDispatched (node:internal/stream_base_commons:159:15)
    at writeGeneric (node:internal/stream_base_commons:150:3)
    at Socket._writeGeneric (node:net:1025:11)
    at Socket._write (node:net:1037:8)
    at writeOrBuffer (node:internal/streams/writable:570:12)
    at _write (node:internal/streams/writable:499:10)
    at Writable.write (node:internal/streams/writable:508:10)
    at Console.log (/usr/local/google/home/agektmr/Development/webauthndemo/node_modules/firebase-tools/node_modules/winston/lib/winston/transports/console.js:79:23)
    at Console._write (/usr/local/google/home/agektmr/Development/webauthndemo/node_modules/firebase-tools/node_modules/winston-transport/index.js:103:17)
    at doWrite (/usr/local/google/home/agektmr/Development/webauthndemo/node_modules/firebase-tools/node_modules/winston-transport/node_modules/readable-stream/lib/_stream_writable.js:428:64)
[error] 
[error] Error: An unexpected error has occurred.
[debug] [2026-06-04T03:43:53.691Z] Error: write EIO
    at afterWriteDispatched (node:internal/stream_base_commons:159:15)
    at writeGeneric (node:internal/stream_base_commons:150:3)
    at Socket._writeGeneric (node:net:1025:11)
    at Socket._write (node:net:1037:8)
    at writeOrBuffer (node:internal/streams/writable:570:12)
    at _write (node:internal/streams/writable:499:10)
    at Writable.write (node:internal/streams/writable:508:10)
    at Console.log (/usr/local/google/home/agektmr/Development/webauthndemo/node_modules/firebase-tools/node_modules/winston/lib/winston/transports/console.js:79:23)
    at Console._write (/usr/local/google/home/agektmr/Development/webauthndemo/node_modules/firebase-tools/node_modules/winston-transport/index.js:103:17)
    at doWrite (/usr/local/google/home/agektmr/Development/webauthndemo/node_modules/firebase-tools/node_modules/winston-transport/node_modules/readable-stream/lib/_stream_writable.js:428:64)
[error] 
[error] Error: An unexpected error has occurred.
[debug] [2026-06-04T03:43:53.691Z] Error: write EIO
    at afterWriteDispatched (node:internal/stream_base_commons:159:15)
    at writeGeneric (node:internal/stream_base_commons:150:3)
    at Socket._writeGeneric (node:net:1025:11)
    at Socket._write (node:net:1037:8)
    at writeOrBuffer (node:internal/streams/writable:570:12)
    at _write (node:internal/streams/writable:499:10)
    at Writable.write (node:internal/streams/writable:508:10)
    at Console.log (/usr/local/google/home/agektmr/Development/webauthndemo/node_modules/firebase-tools/node_modules/winston/lib/winston/transports/console.js:79:23)
    at Console._write (/usr/local/google/home/agektmr/Development/webauthndemo/node_modules/firebase-tools/node_modules/winston-transport/index.js:103:17)
    at doWrite (/usr/local/google/home/agektmr/Development/webauthndemo/node_modules/firebase-tools/node_modules/winston-transport/node_modules/readable-stream/lib/_stream_writable.js:428:64)
[error] 
[error] Error: An unexpected error has occurred.
[debug] [2026-06-04T03:43:53.691Z] Error: write EIO
    at afterWriteDispatched (node:internal/stream_base_commons:159:15)
    at writeGeneric (node:internal/stream_base_commons:150:3)
    at Socket._writeGeneric (node:net:1025:11)
    at Socket._write (node:net:1037:8)
    at writeOrBuffer (node:internal/streams/writable:570:12)
    at _write (node:internal/streams/writable:499:10)
    at Writable.write (node:internal/streams/writable:508:10)
    at Console.log (/usr/local/google/home/agektmr/Development/webauthndemo/node_modules/firebase-tools/node_modules/winston/lib/winston/transports/console.js:79:23)
    at Console._write (/usr/local/google/home/agektmr/Development/webauthndemo/node_modules/firebase-tools/node_modules/winston-transport/index.js:103:17)
    at doWrite (/usr/local/google/home/agektmr/Development/webauthndemo/node_modules/firebase-tools/node_modules/winston-transport/node_modules/readable-stream/lib/_stream_writable.js:428:64)
[error] 
[error] Error: An unexpected error has occurred.
[debug] [2026-06-04T03:43:53.692Z] Error: write EIO
    at afterWriteDispatched (node:internal/stream_base_commons:159:15)
    at writeGeneric (node:internal/stream_base_commons:150:3)
    at Socket._writeGeneric (node:net:1025:11)
    at Socket._write (node:net:1037:8)
    at writeOrBuffer (node:internal/streams/writable:570:12)
    at _write (node:internal/streams/writable:499:10)
    at Writable.write (node:internal/streams/writable:508:10)
    at Console.log (/usr/local/google/home/agektmr/Development/webauthndemo/node_modules/firebase-tools/node_modules/winston/lib/winston/transports/console.js:79:23)
    at Console._write (/usr/local/google/home/agektmr/Development/webauthndemo/node_modules/firebase-tools/node_modules/winston-transport/index.js:103:17)
    at doWrite (/usr/local/google/home/agektmr/Development/webauthndemo/node_modules/firebase-tools/node_modules/winston-transport/node_modules/readable-stream/lib/_stream_writable.js:428:64)
[error] 
[error] Error: An unexpected error has occurred.
[debug] [2026-06-04T03:43:53.692Z] Error: write EIO
    at afterWriteDispatched (node:internal/stream_base_commons:159:15)
    at writeGeneric (node:internal/stream_base_commons:150:3)
    at Socket._writeGeneric (node:net:1025:11)
    at Socket._write (node:net:1037:8)
    at writeOrBuffer (node:internal/streams/writable:570:12)
    at _write (node:internal/streams/writable:499:10)
    at Writable.write (node:internal/streams/writable:508:10)
    at Console.log (/usr/local/google/home/agektmr/Development/webauthndemo/node_modules/firebase-tools/node_modules/winston/lib/winston/transports/console.js:79:23)
    at Console._write (/usr/local/google/home/agektmr/Development/webauthndemo/node_modules/firebase-tools/node_modules/winston-transport/index.js:103:17)
    at doWrite (/usr/local/google/home/agektmr/Development/webauthndemo/node_modules/firebase-tools/node_modules/winston-transport/node_modules/readable-stream/lib/_stream_writable.js:428:64)
[error] 
[error] Error: An unexpected error has occurred.
[debug] [2026-06-04T03:43:53.692Z] Error: write EIO
    at afterWriteDispatched (node:internal/stream_base_commons:159:15)
    at writeGeneric (node:internal/stream_base_commons:150:3)
    at Socket._writeGeneric (node:net:1025:11)
    at Socket._write (node:net:1037:8)
    at writeOrBuffer (node:internal/streams/writable:570:12)
    at _write (node:internal/streams/writable:499:10)
    at Writable.write (node:internal/streams/writable:508:10)
    at Console.log (/usr/local/google/home/agektmr/Development/webauthndemo/node_modules/firebase-tools/node_modules/winston/lib/winston/transports/console.js:79:23)
    at Console._write (/usr/local/google/home/agektmr/Development/webauthndemo/node_modules/firebase-tools/node_modules/winston-transport/index.js:103:17)
    at doWrite (/usr/local/google/home/agektmr/Development/webauthndemo/node_modules/firebase-tools/node_modules/winston-transport/node_modules/readable-stream/lib/_stream_writable.js:428:64)
[error] 
[error] Error: An unexpected error has occurred.
[debug] [2026-06-04T03:43:53.692Z] Error: write EIO
    at afterWriteDispatched (node:internal/stream_base_commons:159:15)
    at writeGeneric (node:internal/stream_base_commons:150:3)
    at Socket._writeGeneric (node:net:1025:11)
    at Socket._write (node:net:1037:8)
    at writeOrBuffer (node:internal/streams/writable:570:12)
    at _write (node:internal/streams/writable:499:10)
    at Writable.write (node:internal/streams/writable:508:10)
    at Console.log (/usr/local/google/home/agektmr/Development/webauthndemo/node_modules/firebase-tools/node_modules/winston/lib/winston/transports/console.js:79:23)
    at Console._write (/usr/local/google/home/agektmr/Development/webauthndemo/node_modules/firebase-tools/node_modules/winston-transport/index.js:103:17)
    at doWrite (/usr/local/google/home/agektmr/Development/webauthndemo/node_modules/firebase-tools/node_modules/winston-transport/node_modules/readable-stream/lib/_stream_writable.js:428:64)
[error] 
[error] Error: An unexpected error has occurred.
[debug] [2026-06-04T03:43:53.694Z] Error: write EIO
    at afterWriteDispatched (node:internal/stream_base_commons:159:15)
    at writeGeneric (node:internal/stream_base_commons:150:3)
    at Socket._writeGeneric (node:net:1025:11)
    at Socket._write (node:net:1037:8)
    at writeOrBuffer (node:internal/streams/writable:570:12)
    at _write (node:internal/streams/writable:499:10)
    at Writable.write (node:internal/streams/writable:508:10)
    at Console.log (/usr/local/google/home/agektmr/Development/webauthndemo/node_modules/firebase-tools/node_modules/winston/lib/winston/transports/console.js:79:23)
    at Console._write (/usr/local/google/home/agektmr/Development/webauthndemo/node_modules/firebase-tools/node_modules/winston-transport/index.js:103:17)
    at doWrite (/usr/local/google/home/agektmr/Development/webauthndemo/node_modules/firebase-tools/node_modules/winston-transport/node_modules/readable-stream/lib/_stream_writable.js:428:64)
[error] 
[error] Error: An unexpected error has occurred.
[debug] [2026-06-04T03:43:53.694Z] Error: write EIO
    at afterWriteDispatched (node:internal/stream_base_commons:159:15)
    at writeGeneric (node:internal/stream_base_commons:150:3)
    at Socket._writeGeneric (node:net:1025:11)
    at Socket._write (node:net:1037:8)
    at writeOrBuffer (node:internal/streams/writable:570:12)
    at _write (node:internal/streams/writable:499:10)
    at Writable.write (node:internal/streams/writable:508:10)
    at Console.log (/usr/local/google/home/agektmr/Development/webauthndemo/node_modules/firebase-tools/node_modules/winston/lib/winston/transports/console.js:79:23)
    at Console._write (/usr/local/google/home/agektmr/Development/webauthndemo/node_modules/firebase-tools/node_modules/winston-transport/index.js:103:17)
    at doWrite (/usr/local/google/home/agektmr/Development/webauthndemo/node_modules/firebase-tools/node_modules/winston-transport/node_modules/readable-stream/lib/_stream_writable.js:428:64)
[error] 
[error] Error: An unexpected error has occurred.
[debug] [2026-06-04T03:43:53.695Z] Error: write EIO
    at afterWriteDispatched (node:internal/stream_base_commons:159:15)
    at writeGeneric (node:internal/stream_base_commons:150:3)
    at Socket._writeGeneric (node:net:1025:11)
    at Socket._write (node:net:1037:8)
    at writeOrBuffer (node:internal/streams/writable:570:12)
    at _write (node:internal/streams/writable:499:10)
    at Writable.write (node:internal/streams/writable:508:10)
    at Console.log (/usr/local/google/home/agektmr/Development/webauthndemo/node_modules/firebase-tools/node_modules/winston/lib/winston/transports/console.js:79:23)
    at Console._write (/usr/local/google/home/agektmr/Development/webauthndemo/node_modules/firebase-tools/node_modules/winston-transport/index.js:103:17)
    at doWrite (/usr/local/google/home/agektmr/Development/webauthndemo/node_modules/firebase-tools/node_modules/winston-transport/node_modules/readable-stream/lib/_stream_writable.js:428:64)
[error] 
[error] Error: An unexpected error has occurred.
[debug] [2026-06-04T03:43:53.695Z] Error: write EIO
    at afterWriteDispatched (node:internal/stream_base_commons:159:15)
    at writeGeneric (node:internal/stream_base_commons:150:3)
    at Socket._writeGeneric (node:net:1025:11)
    at Socket._write (node:net:1037:8)
    at writeOrBuffer (node:internal/streams/writable:570:12)
    at _write (node:internal/streams/writable:499:10)
    at Writable.write (node:internal/streams/writable:508:10)
    at Console.log (/usr/local/google/home/agektmr/Development/webauthndemo/node_modules/firebase-tools/node_modules/winston/lib/winston/transports/console.js:79:23)
    at Console._write (/usr/local/google/home/agektmr/Development/webauthndemo/node_modules/firebase-tools/node_modules/winston-transport/index.js:103:17)
    at doWrite (/usr/local/google/home/agektmr/Development/webauthndemo/node_modules/firebase-tools/node_modules/winston-transport/node_modules/readable-stream/lib/_stream_writable.js:428:64)
[error] 
[error] Error: An unexpected error has occurred.
[debug] [2026-06-04T03:43:53.695Z] Error: write EIO
    at afterWriteDispatched (node:internal/stream_base_commons:159:15)
    at writeGeneric (node:internal/stream_base_commons:150:3)
    at Socket._writeGeneric (node:net:1025:11)
    at Socket._write (node:net:1037:8)
    at writeOrBuffer (node:internal/streams/writable:570:12)
    at _write (node:internal/streams/writable:499:10)
    at Writable.write (node:internal/streams/writable:508:10)
    at Console.log (/usr/local/google/home/agektmr/Development/webauthndemo/node_modules/firebase-tools/node_modules/winston/lib/winston/transports/console.js:79:23)
    at Console._write (/usr/local/google/home/agektmr/Development/webauthndemo/node_modules/firebase-tools/node_modules/winston-transport/index.js:103:17)
    at doWrite (/usr/local/google/home/agektmr/Development/webauthndemo/node_modules/firebase-tools/node_modules/winston-transport/node_modules/readable-stream/lib/_stream_writable.js:428:64)
[error] 
[error] Error: An unexpected error has occurred.
[debug] [2026-06-04T03:43:53.695Z] Error: write EIO
    at afterWriteDispatched (node:internal/stream_base_commons:159:15)
    at writeGeneric (node:internal/stream_base_commons:150:3)
    at Socket._writeGeneric (node:net:1025:11)
    at Socket._write (node:net:1037:8)
    at writeOrBuffer (node:internal/streams/writable:570:12)
    at _write (node:internal/streams/writable:499:10)
    at Writable.write (node:internal/streams/writable:508:10)
    at Console.log (/usr/local/google/home/agektmr/Development/webauthndemo/node_modules/firebase-tools/node_modules/winston/lib/winston/transports/console.js:79:23)
    at Console._write (/usr/local/google/home/agektmr/Development/webauthndemo/node_modules/firebase-tools/node_modules/winston-transport/index.js:103:17)
    at doWrite (/usr/local/google/home/agektmr/Development/webauthndemo/node_modules/firebase-tools/node_modules/winston-transport/node_modules/readable-stream/lib/_stream_writable.js:428:64)
[error] 
[error] Error: An unexpected error has occurred.
[debug] [2026-06-04T03:43:53.696Z] Error: write EIO
    at afterWriteDispatched (node:internal/stream_base_commons:159:15)
    at writeGeneric (node:internal/stream_base_commons:150:3)
    at Socket._writeGeneric (node:net:1025:11)
    at Socket._write (node:net:1037:8)
    at writeOrBuffer (node:internal/streams/writable:570:12)
    at _write (node:internal/streams/writable:499:10)
    at Writable.write (node:internal/streams/writable:508:10)
    at Console.log (/usr/local/google/home/agektmr/Development/webauthndemo/node_modules/firebase-tools/node_modules/winston/lib/winston/transports/console.js:79:23)
    at Console._write (/usr/local/google/home/agektmr/Development/webauthndemo/node_modules/firebase-tools/node_modules/winston-transport/index.js:103:17)
    at doWrite (/usr/local/google/home/agektmr/Development/webauthndemo/node_modules/firebase-tools/node_modules/winston-transport/node_modules/readable-stream/lib/_stream_writable.js:428:64)
[error] 
[error] Error: An unexpected error has occurred.
[debug] [2026-06-04T03:43:53.696Z] Error: write EIO
    at afterWriteDispatched (node:internal/stream_base_commons:159:15)
    at writeGeneric (node:internal/stream_base_commons:150:3)
    at Socket._writeGeneric (node:net:1025:11)
    at Socket._write (node:net:1037:8)
    at writeOrBuffer (node:internal/streams/writable:570:12)
    at _write (node:internal/streams/writable:499:10)
    at Writable.write (node:internal/streams/writable:508:10)
    at Console.log (/usr/local/google/home/agektmr/Development/webauthndemo/node_modules/firebase-tools/node_modules/winston/lib/winston/transports/console.js:79:23)
    at Console._write (/usr/local/google/home/agektmr/Development/webauthndemo/node_modules/firebase-tools/node_modules/winston-transport/index.js:103:17)
    at doWrite (/usr/local/google/home/agektmr/Development/webauthndemo/node_modules/firebase-tools/node_modules/winston-transport/node_modules/readable-stream/lib/_stream_writable.js:428:64)
[error] 
[error] Error: An unexpected error has occurred.
[debug] [2026-06-04T03:43:53.696Z] Error: write EIO
    at afterWriteDispatched (node:internal/stream_base_commons:159:15)
    at writeGeneric (node:internal/stream_base_commons:150:3)
    at Socket._writeGeneric (node:net:1025:11)
    at Socket._write (node:net:1037:8)
    at writeOrBuffer (node:internal/streams/writable:570:12)
    at _write (node:internal/streams/writable:499:10)
    at Writable.write (node:internal/streams/writable:508:10)
    at Console.log (/usr/local/google/home/agektmr/Development/webauthndemo/node_modules/firebase-tools/node_modules/winston/lib/winston/transports/console.js:79:23)
    at Console._write (/usr/local/google/home/agektmr/Development/webauthndemo/node_modules/firebase-tools/node_modules/winston-transport/index.js:103:17)
    at doWrite (/usr/local/google/home/agektmr/Development/webauthndemo/node_modules/firebase-tools/node_modules/winston-transport/node_modules/readable-stream/lib/_stream_writable.js:428:64)
[error] 
[error] Error: An unexpected error has occurred.
[debug] [2026-06-04T03:43:53.697Z] Error: write EIO
    at afterWriteDispatched (node:internal/stream_base_commons:159:15)
    at writeGeneric (node:internal/stream_base_commons:150:3)
    at Socket._writeGeneric (node:net:1025:11)
    at Socket._write (node:net:1037:8)
    at writeOrBuffer (node:internal/streams/writable:570:12)
    at _write (node:internal/streams/writable:499:10)
    at Writable.write (node:internal/streams/writable:508:10)
    at Console.log (/usr/local/google/home/agektmr/Development/webauthndemo/node_modules/firebase-tools/node_modules/winston/lib/winston/transports/console.js:79:23)
    at Console._write (/usr/local/google/home/agektmr/Development/webauthndemo/node_modules/firebase-tools/node_modules/winston-transport/index.js:103:17)
    at doWrite (/usr/local/google/home/agektmr/Development/webauthndemo/node_modules/firebase-tools/node_modules/winston-transport/node_modules/readable-stream/lib/_stream_writable.js:428:64)
[error] 
[error] Error: An unexpected error has occurred.
[debug] [2026-06-04T03:43:53.697Z] Error: write EIO
    at afterWriteDispatched (node:internal/stream_base_commons:159:15)
    at writeGeneric (node:internal/stream_base_commons:150:3)
    at Socket._writeGeneric (node:net:1025:11)
    at Socket._write (node:net:1037:8)
    at writeOrBuffer (node:internal/streams/writable:570:12)
    at _write (node:internal/streams/writable:499:10)
    at Writable.write (node:internal/streams/writable:508:10)
    at Console.log (/usr/local/google/home/agektmr/Development/webauthndemo/node_modules/firebase-tools/node_modules/winston/lib/winston/transports/console.js:79:23)
    at Console._write (/usr/local/google/home/agektmr/Development/webauthndemo/node_modules/firebase-tools/node_modules/winston-transport/index.js:103:17)
    at doWrite (/usr/local/google/home/agektmr/Development/webauthndemo/node_modules/firebase-tools/node_modules/winston-transport/node_modules/readable-stream/lib/_stream_writable.js:428:64)
[error] 
[error] Error: An unexpected error has occurred.
[debug] [2026-06-04T03:43:53.697Z] Error: write EIO
    at afterWriteDispatched (node:internal/stream_base_commons:159:15)
    at writeGeneric (node:internal/stream_base_commons:150:3)
    at Socket._writeGeneric (node:net:1025:11)
    at Socket._write (node:net:1037:8)
    at writeOrBuffer (node:internal/streams/writable:570:12)
    at _write (node:internal/streams/writable:499:10)
    at Writable.write (node:internal/streams/writable:508:10)
    at Console.log (/usr/local/google/home/agektmr/Development/webauthndemo/node_modules/firebase-tools/node_modules/winston/lib/winston/transports/console.js:79:23)
    at Console._write (/usr/local/google/home/agektmr/Development/webauthndemo/node_modules/firebase-tools/node_modules/winston-transport/index.js:103:17)
    at doWrite (/usr/local/google/home/agektmr/Development/webauthndemo/node_modules/firebase-tools/node_modules/winston-transport/node_modules/readable-stream/lib/_stream_writable.js:428:64)
[error] 
[error] Error: An unexpected error has occurred.
[debug] [2026-06-04T03:43:53.698Z] Error: write EIO
    at afterWriteDispatched (node:internal/stream_base_commons:159:15)
    at writeGeneric (node:internal/stream_base_commons:150:3)
    at Socket._writeGeneric (node:net:1025:11)
    at Socket._write (node:net:1037:8)
    at writeOrBuffer (node:internal/streams/writable:570:12)
    at _write (node:internal/streams/writable:499:10)
    at Writable.write (node:internal/streams/writable:508:10)
    at Console.log (/usr/local/google/home/agektmr/Development/webauthndemo/node_modules/firebase-tools/node_modules/winston/lib/winston/transports/console.js:79:23)
    at Console._write (/usr/local/google/home/agektmr/Development/webauthndemo/node_modules/firebase-tools/node_modules/winston-transport/index.js:103:17)
    at doWrite (/usr/local/google/home/agektmr/Development/webauthndemo/node_modules/firebase-tools/node_modules/winston-transport/node_modules/readable-stream/lib/_stream_writable.js:428:64)
[error] 
[error] Error: An unexpected error has occurred.
[debug] [2026-06-04T03:43:53.698Z] Error: write EIO
    at afterWriteDispatched (node:internal/stream_base_commons:159:15)
    at writeGeneric (node:internal/stream_base_commons:150:3)
    at Socket._writeGeneric (node:net:1025:11)
    at Socket._write (node:net:1037:8)
    at writeOrBuffer (node:internal/streams/writable:570:12)
    at _write (node:internal/streams/writable:499:10)
    at Writable.write (node:internal/streams/writable:508:10)
    at Console.log (/usr/local/google/home/agektmr/Development/webauthndemo/node_modules/firebase-tools/node_modules/winston/lib/winston/transports/console.js:79:23)
    at Console._write (/usr/local/google/home/agektmr/Development/webauthndemo/node_modules/firebase-tools/node_modules/winston-transport/index.js:103:17)
    at doWrite (/usr/local/google/home/agektmr/Development/webauthndemo/node_modules/firebase-tools/node_modules/winston-transport/node_modules/readable-stream/lib/_stream_writable.js:428:64)
[error] 
[error] Error: An unexpected error has occurred.
[debug] [2026-06-04T03:43:53.698Z] Error: write EIO
    at afterWriteDispatched (node:internal/stream_base_commons:159:15)
    at writeGeneric (node:internal/stream_base_commons:150:3)
    at Socket._writeGeneric (node:net:1025:11)
    at Socket._write (node:net:1037:8)
    at writeOrBuffer (node:internal/streams/writable:570:12)
    at _write (node:internal/streams/writable:499:10)
    at Writable.write (node:internal/streams/writable:508:10)
    at Console.log (/usr/local/google/home/agektmr/Development/webauthndemo/node_modules/firebase-tools/node_modules/winston/lib/winston/transports/console.js:79:23)
    at Console._write (/usr/local/google/home/agektmr/Development/webauthndemo/node_modules/firebase-tools/node_modules/winston-transport/index.js:103:17)
    at doWrite (/usr/local/google/home/agektmr/Development/webauthndemo/node_modules/firebase-tools/node_modules/winston-transport/node_modules/readable-stream/lib/_stream_writable.js:428:64)
[error] 
[error] Error: An unexpected error has occurred.
[debug] [2026-06-04T03:43:53.698Z] Error: write EIO
    at afterWriteDispatched (node:internal/stream_base_commons:159:15)
    at writeGeneric (node:internal/stream_base_commons:150:3)
    at Socket._writeGeneric (node:net:1025:11)
    at Socket._write (node:net:1037:8)
    at writeOrBuffer (node:internal/streams/writable:570:12)
    at _write (node:internal/streams/writable:499:10)
    at Writable.write (node:internal/streams/writable:508:10)
    at Console.log (/usr/local/google/home/agektmr/Development/webauthndemo/node_modules/firebase-tools/node_modules/winston/lib/winston/transports/console.js:79:23)
    at Console._write (/usr/local/google/home/agektmr/Development/webauthndemo/node_modules/firebase-tools/node_modules/winston-transport/index.js:103:17)
    at doWrite (/usr/local/google/home/agektmr/Development/webauthndemo/node_modules/firebase-tools/node_modules/winston-transport/node_modules/readable-stream/lib/_stream_writable.js:428:64)
[error] 
[error] Error: An unexpected error has occurred.
[debug] [2026-06-04T03:43:53.699Z] Error: write EIO
    at afterWriteDispatched (node:internal/stream_base_commons:159:15)
    at writeGeneric (node:internal/stream_base_commons:150:3)
    at Socket._writeGeneric (node:net:1025:11)
    at Socket._write (node:net:1037:8)
    at writeOrBuffer (node:internal/streams/writable:570:12)
    at _write (node:internal/streams/writable:499:10)
    at Writable.write (node:internal/streams/writable:508:10)
    at Console.log (/usr/local/google/home/agektmr/Development/webauthndemo/node_modules/firebase-tools/node_modules/winston/lib/winston/transports/console.js:79:23)
    at Console._write (/usr/local/google/home/agektmr/Development/webauthndemo/node_modules/firebase-tools/node_modules/winston-transport/index.js:103:17)
    at doWrite (/usr/local/google/home/agektmr/Development/webauthndemo/node_modules/firebase-tools/node_modules/winston-transport/node_modules/readable-stream/lib/_stream_writable.js:428:64)
[error] 
[error] Error: An unexpected error has occurred.
[debug] [2026-06-04T03:43:53.701Z] Error: write EIO
    at afterWriteDispatched (node:internal/stream_base_commons:159:15)
    at writeGeneric (node:internal/stream_base_commons:150:3)
    at Socket._writeGeneric (node:net:1025:11)
    at Socket._write (node:net:1037:8)
    at writeOrBuffer (node:internal/streams/writable:570:12)
    at _write (node:internal/streams/writable:499:10)
    at Writable.write (node:internal/streams/writable:508:10)
    at Console.log (/usr/local/google/home/agektmr/Development/webauthndemo/node_modules/firebase-tools/node_modules/winston/lib/winston/transports/console.js:79:23)
    at Console._write (/usr/local/google/home/agektmr/Development/webauthndemo/node_modules/firebase-tools/node_modules/winston-transport/index.js:103:17)
    at doWrite (/usr/local/google/home/agektmr/Development/webauthndemo/node_modules/firebase-tools/node_modules/winston-transport/node_modules/readable-stream/lib/_stream_writable.js:428:64)
[error] 
[error] Error: An unexpected error has occurred.
[debug] [2026-06-04T03:43:53.702Z] Error: write EIO
    at afterWriteDispatched (node:internal/stream_base_commons:159:15)
    at writeGeneric (node:internal/stream_base_commons:150:3)
    at Socket._writeGeneric (node:net:1025:11)
    at Socket._write (node:net:1037:8)
    at writeOrBuffer (node:internal/streams/writable:570:12)
    at _write (node:internal/streams/writable:499:10)
    at Writable.write (node:internal/streams/writable:508:10)
    at Console.log (/usr/local/google/home/agektmr/Development/webauthndemo/node_modules/firebase-tools/node_modules/winston/lib/winston/transports/console.js:79:23)
    at Console._write (/usr/local/google/home/agektmr/Development/webauthndemo/node_modules/firebase-tools/node_modules/winston-transport/index.js:103:17)
    at doWrite (/usr/local/google/home/agektmr/Development/webauthndemo/node_modules/firebase-tools/node_modules/winston-transport/node_modules/readable-stream/lib/_stream_writable.js:428:64)
[error] 
[error] Error: An unexpected error has occurred.
[debug] [2026-06-04T03:43:53.702Z] Error: write EIO
    at afterWriteDispatched (node:internal/stream_base_commons:159:15)
    at writeGeneric (node:internal/stream_base_commons:150:3)
    at Socket._writeGeneric (node:net:1025:11)
    at Socket._write (node:net:1037:8)
    at writeOrBuffer (node:internal/streams/writable:570:12)
    at _write (node:internal/streams/writable:499:10)
    at Writable.write (node:internal/streams/writable:508:10)
    at Console.log (/usr/local/google/home/agektmr/Development/webauthndemo/node_modules/firebase-tools/node_modules/winston/lib/winston/transports/console.js:79:23)
    at Console._write (/usr/local/google/home/agektmr/Development/webauthndemo/node_modules/firebase-tools/node_modules/winston-transport/index.js:103:17)
    at doWrite (/usr/local/google/home/agektmr/Development/webauthndemo/node_modules/firebase-tools/node_modules/winston-transport/node_modules/readable-stream/lib/_stream_writable.js:428:64)
[error] 
[error] Error: An unexpected error has occurred.
[debug] [2026-06-04T03:43:53.703Z] Error: write EIO
    at afterWriteDispatched (node:internal/stream_base_commons:159:15)
    at writeGeneric (node:internal/stream_base_commons:150:3)
    at Socket._writeGeneric (node:net:1025:11)
    at Socket._write (node:net:1037:8)
    at writeOrBuffer (node:internal/streams/writable:570:12)
    at _write (node:internal/streams/writable:499:10)
    at Writable.write (node:internal/streams/writable:508:10)
    at Console.log (/usr/local/google/home/agektmr/Development/webauthndemo/node_modules/firebase-tools/node_modules/winston/lib/winston/transports/console.js:79:23)
    at Console._write (/usr/local/google/home/agektmr/Development/webauthndemo/node_modules/firebase-tools/node_modules/winston-transport/index.js:103:17)
    at doWrite (/usr/local/google/home/agektmr/Development/webauthndemo/node_modules/firebase-tools/node_modules/winston-transport/node_modules/readable-stream/lib/_stream_writable.js:428:64)
[error] 
[error] Error: An unexpected error has occurred.
[debug] [2026-06-04T03:43:53.703Z] Error: write EIO
    at afterWriteDispatched (node:internal/stream_base_commons:159:15)
    at writeGeneric (node:internal/stream_base_commons:150:3)
    at Socket._writeGeneric (node:net:1025:11)
    at Socket._write (node:net:1037:8)
    at writeOrBuffer (node:internal/streams/writable:570:12)
    at _write (node:internal/streams/writable:499:10)
    at Writable.write (node:internal/streams/writable:508:10)
    at Console.log (/usr/local/google/home/agektmr/Development/webauthndemo/node_modules/firebase-tools/node_modules/winston/lib/winston/transports/console.js:79:23)
    at Console._write (/usr/local/google/home/agektmr/Development/webauthndemo/node_modules/firebase-tools/node_modules/winston-transport/index.js:103:17)
    at doWrite (/usr/local/google/home/agektmr/Development/webauthndemo/node_modules/firebase-tools/node_modules/winston-transport/node_modules/readable-stream/lib/_stream_writable.js:428:64)
[error] 
[error] Error: An unexpected error has occurred.
[debug] [2026-06-04T03:43:53.703Z] Error: write EIO
    at afterWriteDispatched (node:internal/stream_base_commons:159:15)
    at writeGeneric (node:internal/stream_base_commons:150:3)
    at Socket._writeGeneric (node:net:1025:11)
    at Socket._write (node:net:1037:8)
    at writeOrBuffer (node:internal/streams/writable:570:12)
    at _write (node:internal/streams/writable:499:10)
    at Writable.write (node:internal/streams/writable:508:10)
    at Console.log (/usr/local/google/home/agektmr/Development/webauthndemo/node_modules/firebase-tools/node_modules/winston/lib/winston/transports/console.js:79:23)
    at Console._write (/usr/local/google/home/agektmr/Development/webauthndemo/node_modules/firebase-tools/node_modules/winston-transport/index.js:103:17)
    at doWrite (/usr/local/google/home/agektmr/Development/webauthndemo/node_modules/firebase-tools/node_modules/winston-transport/node_modules/readable-stream/lib/_stream_writable.js:428:64)
[error] 
[error] Error: An unexpected error has occurred.
[debug] [2026-06-04T03:43:53.703Z] Error: write EIO
    at afterWriteDispatched (node:internal/stream_base_commons:159:15)
    at writeGeneric (node:internal/stream_base_commons:150:3)
    at Socket._writeGeneric (node:net:1025:11)
    at Socket._write (node:net:1037:8)
    at writeOrBuffer (node:internal/streams/writable:570:12)
    at _write (node:internal/streams/writable:499:10)
    at Writable.write (node:internal/streams/writable:508:10)
    at Console.log (/usr/local/google/home/agektmr/Development/webauthndemo/node_modules/firebase-tools/node_modules/winston/lib/winston/transports/console.js:79:23)
    at Console._write (/usr/local/google/home/agektmr/Development/webauthndemo/node_modules/firebase-tools/node_modules/winston-transport/index.js:103:17)
    at doWrite (/usr/local/google/home/agektmr/Development/webauthndemo/node_modules/firebase-tools/node_modules/winston-transport/node_modules/readable-stream/lib/_stream_writable.js:428:64)
[error] 
[error] Error: An unexpected error has occurred.
[debug] [2026-06-04T03:43:53.704Z] Error: write EIO
    at afterWriteDispatched (node:internal/stream_base_commons:159:15)
    at writeGeneric (node:internal/stream_base_commons:150:3)
    at Socket._writeGeneric (node:net:1025:11)
    at Socket._write (node:net:1037:8)
    at writeOrBuffer (node:internal/streams/writable:570:12)
    at _write (node:internal/streams/writable:499:10)
    at Writable.write (node:internal/streams/writable:508:10)
    at Console.log (/usr/local/google/home/agektmr/Development/webauthndemo/node_modules/firebase-tools/node_modules/winston/lib/winston/transports/console.js:79:23)
    at Console._write (/usr/local/google/home/agektmr/Development/webauthndemo/node_modules/firebase-tools/node_modules/winston-transport/index.js:103:17)
    at doWrite (/usr/local/google/home/agektmr/Development/webauthndemo/node_modules/firebase-tools/node_modules/winston-transport/node_modules/readable-stream/lib/_stream_writable.js:428:64)
[error] 
[error] Error: An unexpected error has occurred.
[debug] [2026-06-04T03:43:53.704Z] Error: write EIO
    at afterWriteDispatched (node:internal/stream_base_commons:159:15)
    at writeGeneric (node:internal/stream_base_commons:150:3)
    at Socket._writeGeneric (node:net:1025:11)
    at Socket._write (node:net:1037:8)
    at writeOrBuffer (node:internal/streams/writable:570:12)
    at _write (node:internal/streams/writable:499:10)
    at Writable.write (node:internal/streams/writable:508:10)
    at Console.log (/usr/local/google/home/agektmr/Development/webauthndemo/node_modules/firebase-tools/node_modules/winston/lib/winston/transports/console.js:79:23)
    at Console._write (/usr/local/google/home/agektmr/Development/webauthndemo/node_modules/firebase-tools/node_modules/winston-transport/index.js:103:17)
    at doWrite (/usr/local/google/home/agektmr/Development/webauthndemo/node_modules/firebase-tools/node_modules/winston-transport/node_modules/readable-stream/lib/_stream_writable.js:428:64)
[error] 
[error] Error: An unexpected error has occurred.
[debug] [2026-06-04T03:43:53.704Z] Error: write EIO
    at afterWriteDispatched (node:internal/stream_base_commons:159:15)
    at writeGeneric (node:internal/stream_base_commons:150:3)
    at Socket._writeGeneric (node:net:1025:11)
    at Socket._write (node:net:1037:8)
    at writeOrBuffer (node:internal/streams/writable:570:12)
    at _write (node:internal/streams/writable:499:10)
    at Writable.write (node:internal/streams/writable:508:10)
    at Console.log (/usr/local/google/home/agektmr/Development/webauthndemo/node_modules/firebase-tools/node_modules/winston/lib/winston/transports/console.js:79:23)
    at Console._write (/usr/local/google/home/agektmr/Development/webauthndemo/node_modules/firebase-tools/node_modules/winston-transport/index.js:103:17)
    at doWrite (/usr/local/google/home/agektmr/Development/webauthndemo/node_modules/firebase-tools/node_modules/winston-transport/node_modules/readable-stream/lib/_stream_writable.js:428:64)
[error] 
[error] Error: An unexpected error has occurred.
[debug] [2026-06-04T03:43:53.705Z] Error: write EIO
    at afterWriteDispatched (node:internal/stream_base_commons:159:15)
    at writeGeneric (node:internal/stream_base_commons:150:3)
    at Socket._writeGeneric (node:net:1025:11)
    at Socket._write (node:net:1037:8)
    at writeOrBuffer (node:internal/streams/writable:570:12)
    at _write (node:internal/streams/writable:499:10)
    at Writable.write (node:internal/streams/writable:508:10)
    at Console.log (/usr/local/google/home/agektmr/Development/webauthndemo/node_modules/firebase-tools/node_modules/winston/lib/winston/transports/console.js:79:23)
    at Console._write (/usr/local/google/home/agektmr/Development/webauthndemo/node_modules/firebase-tools/node_modules/winston-transport/index.js:103:17)
    at doWrite (/usr/local/google/home/agektmr/Development/webauthndemo/node_modules/firebase-tools/node_modules/winston-transport/node_modules/readable-stream/lib/_stream_writable.js:428:64)
[error] 
[error] Error: An unexpected error has occurred.
[debug] [2026-06-04T03:43:53.705Z] Error: write EIO
    at afterWriteDispatched (node:internal/stream_base_commons:159:15)
    at writeGeneric (node:internal/stream_base_commons:150:3)
    at Socket._writeGeneric (node:net:1025:11)
    at Socket._write (node:net:1037:8)
    at writeOrBuffer (node:internal/streams/writable:570:12)
    at _write (node:internal/streams/writable:499:10)
    at Writable.write (node:internal/streams/writable:508:10)
    at Console.log (/usr/local/google/home/agektmr/Development/webauthndemo/node_modules/firebase-tools/node_modules/winston/lib/winston/transports/console.js:79:23)
    at Console._write (/usr/local/google/home/agektmr/Development/webauthndemo/node_modules/firebase-tools/node_modules/winston-transport/index.js:103:17)
    at doWrite (/usr/local/google/home/agektmr/Development/webauthndemo/node_modules/firebase-tools/node_modules/winston-transport/node_modules/readable-stream/lib/_stream_writable.js:428:64)
[error] 
[error] Error: An unexpected error has occurred.
[debug] [2026-06-04T03:43:53.705Z] Error: write EIO
    at afterWriteDispatched (node:internal/stream_base_commons:159:15)
    at writeGeneric (node:internal/stream_base_commons:150:3)
    at Socket._writeGeneric (node:net:1025:11)
    at Socket._write (node:net:1037:8)
    at writeOrBuffer (node:internal/streams/writable:570:12)
    at _write (node:internal/streams/writable:499:10)
    at Writable.write (node:internal/streams/writable:508:10)
    at Console.log (/usr/local/google/home/agektmr/Development/webauthndemo/node_modules/firebase-tools/node_modules/winston/lib/winston/transports/console.js:79:23)
    at Console._write (/usr/local/google/home/agektmr/Development/webauthndemo/node_modules/firebase-tools/node_modules/winston-transport/index.js:103:17)
    at doWrite (/usr/local/google/home/agektmr/Development/webauthndemo/node_modules/firebase-tools/node_modules/winston-transport/node_modules/readable-stream/lib/_stream_writable.js:428:64)
[error] 
[error] Error: An unexpected error has occurred.
[debug] [2026-06-04T03:43:53.706Z] Error: write EIO
    at afterWriteDispatched (node:internal/stream_base_commons:159:15)
    at writeGeneric (node:internal/stream_base_commons:150:3)
    at Socket._writeGeneric (node:net:1025:11)
    at Socket._write (node:net:1037:8)
    at writeOrBuffer (node:internal/streams/writable:570:12)
    at _write (node:internal/streams/writable:499:10)
    at Writable.write (node:internal/streams/writable:508:10)
    at Console.log (/usr/local/google/home/agektmr/Development/webauthndemo/node_modules/firebase-tools/node_modules/winston/lib/winston/transports/console.js:79:23)
    at Console._write (/usr/local/google/home/agektmr/Development/webauthndemo/node_modules/firebase-tools/node_modules/winston-transport/index.js:103:17)
    at doWrite (/usr/local/google/home/agektmr/Development/webauthndemo/node_modules/firebase-tools/node_modules/winston-transport/node_modules/readable-stream/lib/_stream_writable.js:428:64)
[error] 
[error] Error: An unexpected error has occurred.
[debug] [2026-06-04T03:43:53.706Z] Error: write EIO
    at afterWriteDispatched (node:internal/stream_base_commons:159:15)
    at writeGeneric (node:internal/stream_base_commons:150:3)
    at Socket._writeGeneric (node:net:1025:11)
    at Socket._write (node:net:1037:8)
    at writeOrBuffer (node:internal/streams/writable:570:12)
    at _write (node:internal/streams/writable:499:10)
    at Writable.write (node:internal/streams/writable:508:10)
    at Console.log (/usr/local/google/home/agektmr/Development/webauthndemo/node_modules/firebase-tools/node_modules/winston/lib/winston/transports/console.js:79:23)
    at Console._write (/usr/local/google/home/agektmr/Development/webauthndemo/node_modules/firebase-tools/node_modules/winston-transport/index.js:103:17)
    at doWrite (/usr/local/google/home/agektmr/Development/webauthndemo/node_modules/firebase-tools/node_modules/winston-transport/node_modules/readable-stream/lib/_stream_writable.js:428:64)
[error] 
[error] Error: An unexpected error has occurred.
[debug] [2026-06-04T03:43:53.706Z] Error: write EIO
    at afterWriteDispatched (node:internal/stream_base_commons:159:15)
    at writeGeneric (node:internal/stream_base_commons:150:3)
    at Socket._writeGeneric (node:net:1025:11)
    at Socket._write (node:net:1037:8)
    at writeOrBuffer (node:internal/streams/writable:570:12)
    at _write (node:internal/streams/writable:499:10)
    at Writable.write (node:internal/streams/writable:508:10)
    at Console.log (/usr/local/google/home/agektmr/Development/webauthndemo/node_modules/firebase-tools/node_modules/winston/lib/winston/transports/console.js:79:23)
    at Console._write (/usr/local/google/home/agektmr/Development/webauthndemo/node_modules/firebase-tools/node_modules/winston-transport/index.js:103:17)
    at doWrite (/usr/local/google/home/agektmr/Development/webauthndemo/node_modules/firebase-tools/node_modules/winston-transport/node_modules/readable-stream/lib/_stream_writable.js:428:64)
[error] 
[error] Error: An unexpected error has occurred.
[debug] [2026-06-04T03:43:53.706Z] Error: write EIO
    at afterWriteDispatched (node:internal/stream_base_commons:159:15)
    at writeGeneric (node:internal/stream_base_commons:150:3)
    at Socket._writeGeneric (node:net:1025:11)
    at Socket._write (node:net:1037:8)
    at writeOrBuffer (node:internal/streams/writable:570:12)
    at _write (node:internal/streams/writable:499:10)
    at Writable.write (node:internal/streams/writable:508:10)
    at Console.log (/usr/local/google/home/agektmr/Development/webauthndemo/node_modules/firebase-tools/node_modules/winston/lib/winston/transports/console.js:79:23)
    at Console._write (/usr/local/google/home/agektmr/Development/webauthndemo/node_modules/firebase-tools/node_modules/winston-transport/index.js:103:17)
    at doWrite (/usr/local/google/home/agektmr/Development/webauthndemo/node_modules/firebase-tools/node_modules/winston-transport/node_modules/readable-stream/lib/_stream_writable.js:428:64)
[error] 
[error] Error: An unexpected error has occurred.
[debug] [2026-06-04T03:43:53.706Z] Error: write EIO
    at afterWriteDispatched (node:internal/stream_base_commons:159:15)
    at writeGeneric (node:internal/stream_base_commons:150:3)
    at Socket._writeGeneric (node:net:1025:11)
    at Socket._write (node:net:1037:8)
    at writeOrBuffer (node:internal/streams/writable:570:12)
    at _write (node:internal/streams/writable:499:10)
    at Writable.write (node:internal/streams/writable:508:10)
    at Console.log (/usr/local/google/home/agektmr/Development/webauthndemo/node_modules/firebase-tools/node_modules/winston/lib/winston/transports/console.js:79:23)
    at Console._write (/usr/local/google/home/agektmr/Development/webauthndemo/node_modules/firebase-tools/node_modules/winston-transport/index.js:103:17)
    at doWrite (/usr/local/google/home/agektmr/Development/webauthndemo/node_modules/firebase-tools/node_modules/winston-transport/node_modules/readable-stream/lib/_stream_writable.js:428:64)
[error] 
[error] Error: An unexpected error has occurred.
[debug] [2026-06-04T03:43:53.707Z] Error: write EIO
    at afterWriteDispatched (node:internal/stream_base_commons:159:15)
    at writeGeneric (node:internal/stream_base_commons:150:3)
    at Socket._writeGeneric (node:net:1025:11)
    at Socket._write (node:net:1037:8)
    at writeOrBuffer (node:internal/streams/writable:570:12)
    at _write (node:internal/streams/writable:499:10)
    at Writable.write (node:internal/streams/writable:508:10)
    at Console.log (/usr/local/google/home/agektmr/Development/webauthndemo/node_modules/firebase-tools/node_modules/winston/lib/winston/transports/console.js:79:23)
    at Console._write (/usr/local/google/home/agektmr/Development/webauthndemo/node_modules/firebase-tools/node_modules/winston-transport/index.js:103:17)
    at doWrite (/usr/local/google/home/agektmr/Development/webauthndemo/node_modules/firebase-tools/node_modules/winston-transport/node_modules/readable-stream/lib/_stream_writable.js:428:64)
[error] 
[error] Error: An unexpected error has occurred.
[debug] [2026-06-04T03:43:53.707Z] Error: write EIO
    at afterWriteDispatched (node:internal/stream_base_commons:159:15)
    at writeGeneric (node:internal/stream_base_commons:150:3)
    at Socket._writeGeneric (node:net:1025:11)
    at Socket._write (node:net:1037:8)
    at writeOrBuffer (node:internal/streams/writable:570:12)
    at _write (node:internal/streams/writable:499:10)
    at Writable.write (node:internal/streams/writable:508:10)
    at Console.log (/usr/local/google/home/agektmr/Development/webauthndemo/node_modules/firebase-tools/node_modules/winston/lib/winston/transports/console.js:79:23)
    at Console._write (/usr/local/google/home/agektmr/Development/webauthndemo/node_modules/firebase-tools/node_modules/winston-transport/index.js:103:17)
    at doWrite (/usr/local/google/home/agektmr/Development/webauthndemo/node_modules/firebase-tools/node_modules/winston-transport/node_modules/readable-stream/lib/_stream_writable.js:428:64)
[error] 
[error] Error: An unexpected error has occurred.
[debug] [2026-06-04T03:43:53.707Z] Error: write EIO
    at afterWriteDispatched (node:internal/stream_base_commons:159:15)
    at writeGeneric (node:internal/stream_base_commons:150:3)
    at Socket._writeGeneric (node:net:1025:11)
    at Socket._write (node:net:1037:8)
    at writeOrBuffer (node:internal/streams/writable:570:12)
    at _write (node:internal/streams/writable:499:10)
    at Writable.write (node:internal/streams/writable:508:10)
    at Console.log (/usr/local/google/home/agektmr/Development/webauthndemo/node_modules/firebase-tools/node_modules/winston/lib/winston/transports/console.js:79:23)
    at Console._write (/usr/local/google/home/agektmr/Development/webauthndemo/node_modules/firebase-tools/node_modules/winston-transport/index.js:103:17)
    at doWrite (/usr/local/google/home/agektmr/Development/webauthndemo/node_modules/firebase-tools/node_modules/winston-transport/node_modules/readable-stream/lib/_stream_writable.js:428:64)
[error] 
[error] Error: An unexpected error has occurred.
[debug] [2026-06-04T03:43:53.707Z] Error: write EIO
    at afterWriteDispatched (node:internal/stream_base_commons:159:15)
    at writeGeneric (node:internal/stream_base_commons:150:3)
    at Socket._writeGeneric (node:net:1025:11)
    at Socket._write (node:net:1037:8)
    at writeOrBuffer (node:internal/streams/writable:570:12)
    at _write (node:internal/streams/writable:499:10)
    at Writable.write (node:internal/streams/writable:508:10)
    at Console.log (/usr/local/google/home/agektmr/Development/webauthndemo/node_modules/firebase-tools/node_modules/winston/lib/winston/transports/console.js:79:23)
    at Console._write (/usr/local/google/home/agektmr/Development/webauthndemo/node_modules/firebase-tools/node_modules/winston-transport/index.js:103:17)
    at doWrite (/usr/local/google/home/agektmr/Development/webauthndemo/node_modules/firebase-tools/node_modules/winston-transport/node_modules/readable-stream/lib/_stream_writable.js:428:64)
[error] 
[error] Error: An unexpected error has occurred.
[debug] [2026-06-04T03:43:53.708Z] Error: write EIO
    at afterWriteDispatched (node:internal/stream_base_commons:159:15)
    at writeGeneric (node:internal/stream_base_commons:150:3)
    at Socket._writeGeneric (node:net:1025:11)
    at Socket._write (node:net:1037:8)
    at writeOrBuffer (node:internal/streams/writable:570:12)
    at _write (node:internal/streams/writable:499:10)
    at Writable.write (node:internal/streams/writable:508:10)
    at Console.log (/usr/local/google/home/agektmr/Development/webauthndemo/node_modules/firebase-tools/node_modules/winston/lib/winston/transports/console.js:79:23)
    at Console._write (/usr/local/google/home/agektmr/Development/webauthndemo/node_modules/firebase-tools/node_modules/winston-transport/index.js:103:17)
    at doWrite (/usr/local/google/home/agektmr/Development/webauthndemo/node_modules/firebase-tools/node_modules/winston-transport/node_modules/readable-stream/lib/_stream_writable.js:428:64)
[error] 
[error] Error: An unexpected error has occurred.
[debug] [2026-06-04T03:43:53.708Z] Error: write EIO
    at afterWriteDispatched (node:internal/stream_base_commons:159:15)
    at writeGeneric (node:internal/stream_base_commons:150:3)
    at Socket._writeGeneric (node:net:1025:11)
    at Socket._write (node:net:1037:8)
    at writeOrBuffer (node:internal/streams/writable:570:12)
    at _write (node:internal/streams/writable:499:10)
    at Writable.write (node:internal/streams/writable:508:10)
    at Console.log (/usr/local/google/home/agektmr/Development/webauthndemo/node_modules/firebase-tools/node_modules/winston/lib/winston/transports/console.js:79:23)
    at Console._write (/usr/local/google/home/agektmr/Development/webauthndemo/node_modules/firebase-tools/node_modules/winston-transport/index.js:103:17)
    at doWrite (/usr/local/google/home/agektmr/Development/webauthndemo/node_modules/firebase-tools/node_modules/winston-transport/node_modules/readable-stream/lib/_stream_writable.js:428:64)
[error] 
[error] Error: An unexpected error has occurred.
[debug] [2026-06-04T03:43:53.708Z] Error: write EIO
    at afterWriteDispatched (node:internal/stream_base_commons:159:15)
    at writeGeneric (node:internal/stream_base_commons:150:3)
    at Socket._writeGeneric (node:net:1025:11)
    at Socket._write (node:net:1037:8)
    at writeOrBuffer (node:internal/streams/writable:570:12)
    at _write (node:internal/streams/writable:499:10)
    at Writable.write (node:internal/streams/writable:508:10)
    at Console.log (/usr/local/google/home/agektmr/Development/webauthndemo/node_modules/firebase-tools/node_modules/winston/lib/winston/transports/console.js:79:23)
    at Console._write (/usr/local/google/home/agektmr/Development/webauthndemo/node_modules/firebase-tools/node_modules/winston-transport/index.js:103:17)
    at doWrite (/usr/local/google/home/agektmr/Development/webauthndemo/node_modules/firebase-tools/node_modules/winston-transport/node_modules/readable-stream/lib/_stream_writable.js:428:64)
[error] 
[error] Error: An unexpected error has occurred.
[debug] [2026-06-04T03:43:53.708Z] Error: write EIO
    at afterWriteDispatched (node:internal/stream_base_commons:159:15)
    at writeGeneric (node:internal/stream_base_commons:150:3)
    at Socket._writeGeneric (node:net:1025:11)
    at Socket._write (node:net:1037:8)
    at writeOrBuffer (node:internal/streams/writable:570:12)
    at _write (node:internal/streams/writable:499:10)
    at Writable.write (node:internal/streams/writable:508:10)
    at Console.log (/usr/local/google/home/agektmr/Development/webauthndemo/node_modules/firebase-tools/node_modules/winston/lib/winston/transports/console.js:79:23)
    at Console._write (/usr/local/google/home/agektmr/Development/webauthndemo/node_modules/firebase-tools/node_modules/winston-transport/index.js:103:17)
    at doWrite (/usr/local/google/home/agektmr/Development/webauthndemo/node_modules/firebase-tools/node_modules/winston-transport/node_modules/readable-stream/lib/_stream_writable.js:428:64)
[error] 
[error] Error: An unexpected error has occurred.
[debug] [2026-06-04T03:43:53.709Z] Error: write EIO
    at afterWriteDispatched (node:internal/stream_base_commons:159:15)
    at writeGeneric (node:internal/stream_base_commons:150:3)
    at Socket._writeGeneric (node:net:1025:11)
    at Socket._write (node:net:1037:8)
    at writeOrBuffer (node:internal/streams/writable:570:12)
    at _write (node:internal/streams/writable:499:10)
    at Writable.write (node:internal/streams/writable:508:10)
    at Console.log (/usr/local/google/home/agektmr/Development/webauthndemo/node_modules/firebase-tools/node_modules/winston/lib/winston/transports/console.js:79:23)
    at Console._write (/usr/local/google/home/agektmr/Development/webauthndemo/node_modules/firebase-tools/node_modules/winston-transport/index.js:103:17)
    at doWrite (/usr/local/google/home/agektmr/Development/webauthndemo/node_modules/firebase-tools/node_modules/winston-transport/node_modules/readable-stream/lib/_stream_writable.js:428:64)
[error] 
[error] Error: An unexpected error has occurred.
[debug] [2026-06-04T03:43:53.709Z] Error: write EIO
    at afterWriteDispatched (node:internal/stream_base_commons:159:15)
    at writeGeneric (node:internal/stream_base_commons:150:3)
    at Socket._writeGeneric (node:net:1025:11)
    at Socket._write (node:net:1037:8)
    at writeOrBuffer (node:internal/streams/writable:570:12)
    at _write (node:internal/streams/writable:499:10)
    at Writable.write (node:internal/streams/writable:508:10)
    at Console.log (/usr/local/google/home/agektmr/Development/webauthndemo/node_modules/firebase-tools/node_modules/winston/lib/winston/transports/console.js:79:23)
    at Console._write (/usr/local/google/home/agektmr/Development/webauthndemo/node_modules/firebase-tools/node_modules/winston-transport/index.js:103:17)
    at doWrite (/usr/local/google/home/agektmr/Development/webauthndemo/node_modules/firebase-tools/node_modules/winston-transport/node_modules/readable-stream/lib/_stream_writable.js:428:64)
[error] 
[error] Error: An unexpected error has occurred.
[debug] [2026-06-04T03:43:53.709Z] Error: write EIO
    at afterWriteDispatched (node:internal/stream_base_commons:159:15)
    at writeGeneric (node:internal/stream_base_commons:150:3)
    at Socket._writeGeneric (node:net:1025:11)
    at Socket._write (node:net:1037:8)
    at writeOrBuffer (node:internal/streams/writable:570:12)
    at _write (node:internal/streams/writable:499:10)
    at Writable.write (node:internal/streams/writable:508:10)
    at Console.log (/usr/local/google/home/agektmr/Development/webauthndemo/node_modules/firebase-tools/node_modules/winston/lib/winston/transports/console.js:79:23)
    at Console._write (/usr/local/google/home/agektmr/Development/webauthndemo/node_modules/firebase-tools/node_modules/winston-transport/index.js:103:17)
    at doWrite (/usr/local/google/home/agektmr/Development/webauthndemo/node_modules/firebase-tools/node_modules/winston-transport/node_modules/readable-stream/lib/_stream_writable.js:428:64)
[error] 
[error] Error: An unexpected error has occurred.
[debug] [2026-06-04T03:43:53.709Z] Error: write EIO
    at afterWriteDispatched (node:internal/stream_base_commons:159:15)
    at writeGeneric (node:internal/stream_base_commons:150:3)
    at Socket._writeGeneric (node:net:1025:11)
    at Socket._write (node:net:1037:8)
    at writeOrBuffer (node:internal/streams/writable:570:12)
    at _write (node:internal/streams/writable:499:10)
    at Writable.write (node:internal/streams/writable:508:10)
    at Console.log (/usr/local/google/home/agektmr/Development/webauthndemo/node_modules/firebase-tools/node_modules/winston/lib/winston/transports/console.js:79:23)
    at Console._write (/usr/local/google/home/agektmr/Development/webauthndemo/node_modules/firebase-tools/node_modules/winston-transport/index.js:103:17)
    at doWrite (/usr/local/google/home/agektmr/Development/webauthndemo/node_modules/firebase-tools/node_modules/winston-transport/node_modules/readable-stream/lib/_stream_writable.js:428:64)
[error] 
[error] Error: An unexpected error has occurred.
[debug] [2026-06-04T03:43:53.710Z] Error: write EIO
    at afterWriteDispatched (node:internal/stream_base_commons:159:15)
    at writeGeneric (node:internal/stream_base_commons:150:3)
    at Socket._writeGeneric (node:net:1025:11)
    at Socket._write (node:net:1037:8)
    at writeOrBuffer (node:internal/streams/writable:570:12)
    at _write (node:internal/streams/writable:499:10)
    at Writable.write (node:internal/streams/writable:508:10)
    at Console.log (/usr/local/google/home/agektmr/Development/webauthndemo/node_modules/firebase-tools/node_modules/winston/lib/winston/transports/console.js:79:23)
    at Console._write (/usr/local/google/home/agektmr/Development/webauthndemo/node_modules/firebase-tools/node_modules/winston-transport/index.js:103:17)
    at doWrite (/usr/local/google/home/agektmr/Development/webauthndemo/node_modules/firebase-tools/node_modules/winston-transport/node_modules/readable-stream/lib/_stream_writable.js:428:64)
[error] 
[error] Error: An unexpected error has occurred.
[debug] [2026-06-04T03:43:53.710Z] Error: write EIO
    at afterWriteDispatched (node:internal/stream_base_commons:159:15)
    at writeGeneric (node:internal/stream_base_commons:150:3)
    at Socket._writeGeneric (node:net:1025:11)
    at Socket._write (node:net:1037:8)
    at writeOrBuffer (node:internal/streams/writable:570:12)
    at _write (node:internal/streams/writable:499:10)
    at Writable.write (node:internal/streams/writable:508:10)
    at Console.log (/usr/local/google/home/agektmr/Development/webauthndemo/node_modules/firebase-tools/node_modules/winston/lib/winston/transports/console.js:79:23)
    at Console._write (/usr/local/google/home/agektmr/Development/webauthndemo/node_modules/firebase-tools/node_modules/winston-transport/index.js:103:17)
    at doWrite (/usr/local/google/home/agektmr/Development/webauthndemo/node_modules/firebase-tools/node_modules/winston-transport/node_modules/readable-stream/lib/_stream_writable.js:428:64)
[error] 
[error] Error: An unexpected error has occurred.
[debug] [2026-06-04T03:43:53.710Z] Error: write EIO
    at afterWriteDispatched (node:internal/stream_base_commons:159:15)
    at writeGeneric (node:internal/stream_base_commons:150:3)
    at Socket._writeGeneric (node:net:1025:11)
    at Socket._write (node:net:1037:8)
    at writeOrBuffer (node:internal/streams/writable:570:12)
    at _write (node:internal/streams/writable:499:10)
    at Writable.write (node:internal/streams/writable:508:10)
    at Console.log (/usr/local/google/home/agektmr/Development/webauthndemo/node_modules/firebase-tools/node_modules/winston/lib/winston/transports/console.js:79:23)
    at Console._write (/usr/local/google/home/agektmr/Development/webauthndemo/node_modules/firebase-tools/node_modules/winston-transport/index.js:103:17)
    at doWrite (/usr/local/google/home/agektmr/Development/webauthndemo/node_modules/firebase-tools/node_modules/winston-transport/node_modules/readable-stream/lib/_stream_writable.js:428:64)
[error] 
[error] Error: An unexpected error has occurred.
[debug] [2026-06-04T03:43:53.710Z] Error: write EIO
    at afterWriteDispatched (node:internal/stream_base_commons:159:15)
    at writeGeneric (node:internal/stream_base_commons:150:3)
    at Socket._writeGeneric (node:net:1025:11)
    at Socket._write (node:net:1037:8)
    at writeOrBuffer (node:internal/streams/writable:570:12)
    at _write (node:internal/streams/writable:499:10)
    at Writable.write (node:internal/streams/writable:508:10)
    at Console.log (/usr/local/google/home/agektmr/Development/webauthndemo/node_modules/firebase-tools/node_modules/winston/lib/winston/transports/console.js:79:23)
    at Console._write (/usr/local/google/home/agektmr/Development/webauthndemo/node_modules/firebase-tools/node_modules/winston-transport/index.js:103:17)
    at doWrite (/usr/local/google/home/agektmr/Development/webauthndemo/node_modules/firebase-tools/node_modules/winston-transport/node_modules/readable-stream/lib/_stream_writable.js:428:64)
[error] 
[error] Error: An unexpected error has occurred.
[debug] [2026-06-04T03:43:53.710Z] Error: write EIO
    at afterWriteDispatched (node:internal/stream_base_commons:159:15)
    at writeGeneric (node:internal/stream_base_commons:150:3)
    at Socket._writeGeneric (node:net:1025:11)
    at Socket._write (node:net:1037:8)
    at writeOrBuffer (node:internal/streams/writable:570:12)
    at _write (node:internal/streams/writable:499:10)
    at Writable.write (node:internal/streams/writable:508:10)
    at Console.log (/usr/local/google/home/agektmr/Development/webauthndemo/node_modules/firebase-tools/node_modules/winston/lib/winston/transports/console.js:79:23)
    at Console._write (/usr/local/google/home/agektmr/Development/webauthndemo/node_modules/firebase-tools/node_modules/winston-transport/index.js:103:17)
    at doWrite (/usr/local/google/home/agektmr/Development/webauthndemo/node_modules/firebase-tools/node_modules/winston-transport/node_modules/readable-stream/lib/_stream_writable.js:428:64)
[error] 
[error] Error: An unexpected error has occurred.
[debug] [2026-06-04T03:43:53.711Z] Error: write EIO
    at afterWriteDispatched (node:internal/stream_base_commons:159:15)
    at writeGeneric (node:internal/stream_base_commons:150:3)
    at Socket._writeGeneric (node:net:1025:11)
    at Socket._write (node:net:1037:8)
    at writeOrBuffer (node:internal/streams/writable:570:12)
    at _write (node:internal/streams/writable:499:10)
    at Writable.write (node:internal/streams/writable:508:10)
    at Console.log (/usr/local/google/home/agektmr/Development/webauthndemo/node_modules/firebase-tools/node_modules/winston/lib/winston/transports/console.js:79:23)
    at Console._write (/usr/local/google/home/agektmr/Development/webauthndemo/node_modules/firebase-tools/node_modules/winston-transport/index.js:103:17)
    at doWrite (/usr/local/google/home/agektmr/Development/webauthndemo/node_modules/firebase-tools/node_modules/winston-transport/node_modules/readable-stream/lib/_stream_writable.js:428:64)
[error] 
[error] Error: An unexpected error has occurred.
[debug] [2026-06-04T03:43:53.711Z] Error: write EIO
    at afterWriteDispatched (node:internal/stream_base_commons:159:15)
    at writeGeneric (node:internal/stream_base_commons:150:3)
    at Socket._writeGeneric (node:net:1025:11)
    at Socket._write (node:net:1037:8)
    at writeOrBuffer (node:internal/streams/writable:570:12)
    at _write (node:internal/streams/writable:499:10)
    at Writable.write (node:internal/streams/writable:508:10)
    at Console.log (/usr/local/google/home/agektmr/Development/webauthndemo/node_modules/firebase-tools/node_modules/winston/lib/winston/transports/console.js:79:23)
    at Console._write (/usr/local/google/home/agektmr/Development/webauthndemo/node_modules/firebase-tools/node_modules/winston-transport/index.js:103:17)
    at doWrite (/usr/local/google/home/agektmr/Development/webauthndemo/node_modules/firebase-tools/node_modules/winston-transport/node_modules/readable-stream/lib/_stream_writable.js:428:64)
[error] 
[error] Error: An unexpected error has occurred.
[debug] [2026-06-04T03:43:53.711Z] Error: write EIO
    at afterWriteDispatched (node:internal/stream_base_commons:159:15)
    at writeGeneric (node:internal/stream_base_commons:150:3)
    at Socket._writeGeneric (node:net:1025:11)
    at Socket._write (node:net:1037:8)
    at writeOrBuffer (node:internal/streams/writable:570:12)
    at _write (node:internal/streams/writable:499:10)
    at Writable.write (node:internal/streams/writable:508:10)
    at Console.log (/usr/local/google/home/agektmr/Development/webauthndemo/node_modules/firebase-tools/node_modules/winston/lib/winston/transports/console.js:79:23)
    at Console._write (/usr/local/google/home/agektmr/Development/webauthndemo/node_modules/firebase-tools/node_modules/winston-transport/index.js:103:17)
    at doWrite (/usr/local/google/home/agektmr/Development/webauthndemo/node_modules/firebase-tools/node_modules/winston-transport/node_modules/readable-stream/lib/_stream_writable.js:428:64)
[error] 
[error] Error: An unexpected error has occurred.
[debug] [2026-06-04T03:43:53.711Z] Error: write EIO
    at afterWriteDispatched (node:internal/stream_base_commons:159:15)
    at writeGeneric (node:internal/stream_base_commons:150:3)
    at Socket._writeGeneric (node:net:1025:11)
    at Socket._write (node:net:1037:8)
    at writeOrBuffer (node:internal/streams/writable:570:12)
    at _write (node:internal/streams/writable:499:10)
    at Writable.write (node:internal/streams/writable:508:10)
    at Console.log (/usr/local/google/home/agektmr/Development/webauthndemo/node_modules/firebase-tools/node_modules/winston/lib/winston/transports/console.js:79:23)
    at Console._write (/usr/local/google/home/agektmr/Development/webauthndemo/node_modules/firebase-tools/node_modules/winston-transport/index.js:103:17)
    at doWrite (/usr/local/google/home/agektmr/Development/webauthndemo/node_modules/firebase-tools/node_modules/winston-transport/node_modules/readable-stream/lib/_stream_writable.js:428:64)
[error] 
[error] Error: An unexpected error has occurred.
[debug] [2026-06-04T03:43:53.711Z] Error: write EIO
    at afterWriteDispatched (node:internal/stream_base_commons:159:15)
    at writeGeneric (node:internal/stream_base_commons:150:3)
    at Socket._writeGeneric (node:net:1025:11)
    at Socket._write (node:net:1037:8)
    at writeOrBuffer (node:internal/streams/writable:570:12)
    at _write (node:internal/streams/writable:499:10)
    at Writable.write (node:internal/streams/writable:508:10)
    at Console.log (/usr/local/google/home/agektmr/Development/webauthndemo/node_modules/firebase-tools/node_modules/winston/lib/winston/transports/console.js:79:23)
    at Console._write (/usr/local/google/home/agektmr/Development/webauthndemo/node_modules/firebase-tools/node_modules/winston-transport/index.js:103:17)
    at doWrite (/usr/local/google/home/agektmr/Development/webauthndemo/node_modules/firebase-tools/node_modules/winston-transport/node_modules/readable-stream/lib/_stream_writable.js:428:64)
[error] 
[error] Error: An unexpected error has occurred.
[debug] [2026-06-04T03:43:53.712Z] Error: write EIO
    at afterWriteDispatched (node:internal/stream_base_commons:159:15)
    at writeGeneric (node:internal/stream_base_commons:150:3)
    at Socket._writeGeneric (node:net:1025:11)
    at Socket._write (node:net:1037:8)
    at writeOrBuffer (node:internal/streams/writable:570:12)
    at _write (node:internal/streams/writable:499:10)
    at Writable.write (node:internal/streams/writable:508:10)
    at Console.log (/usr/local/google/home/agektmr/Development/webauthndemo/node_modules/firebase-tools/node_modules/winston/lib/winston/transports/console.js:79:23)
    at Console._write (/usr/local/google/home/agektmr/Development/webauthndemo/node_modules/firebase-tools/node_modules/winston-transport/index.js:103:17)
    at doWrite (/usr/local/google/home/agektmr/Development/webauthndemo/node_modules/firebase-tools/node_modules/winston-transport/node_modules/readable-stream/lib/_stream_writable.js:428:64)
[error] 
[error] Error: An unexpected error has occurred.
[debug] [2026-06-04T03:43:53.712Z] Error: write EIO
    at afterWriteDispatched (node:internal/stream_base_commons:159:15)
    at writeGeneric (node:internal/stream_base_commons:150:3)
    at Socket._writeGeneric (node:net:1025:11)
    at Socket._write (node:net:1037:8)
    at writeOrBuffer (node:internal/streams/writable:570:12)
    at _write (node:internal/streams/writable:499:10)
    at Writable.write (node:internal/streams/writable:508:10)
    at Console.log (/usr/local/google/home/agektmr/Development/webauthndemo/node_modules/firebase-tools/node_modules/winston/lib/winston/transports/console.js:79:23)
    at Console._write (/usr/local/google/home/agektmr/Development/webauthndemo/node_modules/firebase-tools/node_modules/winston-transport/index.js:103:17)
    at doWrite (/usr/local/google/home/agektmr/Development/webauthndemo/node_modules/firebase-tools/node_modules/winston-transport/node_modules/readable-stream/lib/_stream_writable.js:428:64)
[error] 
[error] Error: An unexpected error has occurred.
[debug] [2026-06-04T03:43:53.712Z] Error: write EIO
    at afterWriteDispatched (node:internal/stream_base_commons:159:15)
    at writeGeneric (node:internal/stream_base_commons:150:3)
    at Socket._writeGeneric (node:net:1025:11)
    at Socket._write (node:net:1037:8)
    at writeOrBuffer (node:internal/streams/writable:570:12)
    at _write (node:internal/streams/writable:499:10)
    at Writable.write (node:internal/streams/writable:508:10)
    at Console.log (/usr/local/google/home/agektmr/Development/webauthndemo/node_modules/firebase-tools/node_modules/winston/lib/winston/transports/console.js:79:23)
    at Console._write (/usr/local/google/home/agektmr/Development/webauthndemo/node_modules/firebase-tools/node_modules/winston-transport/index.js:103:17)
    at doWrite (/usr/local/google/home/agektmr/Development/webauthndemo/node_modules/firebase-tools/node_modules/winston-transport/node_modules/readable-stream/lib/_stream_writable.js:428:64)
[error] 
[error] Error: An unexpected error has occurred.
[debug] [2026-06-04T03:43:53.712Z] Error: write EIO
    at afterWriteDispatched (node:internal/stream_base_commons:159:15)
    at writeGeneric (node:internal/stream_base_commons:150:3)
    at Socket._writeGeneric (node:net:1025:11)
    at Socket._write (node:net:1037:8)
    at writeOrBuffer (node:internal/streams/writable:570:12)
    at _write (node:internal/streams/writable:499:10)
    at Writable.write (node:internal/streams/writable:508:10)
    at Console.log (/usr/local/google/home/agektmr/Development/webauthndemo/node_modules/firebase-tools/node_modules/winston/lib/winston/transports/console.js:79:23)
    at Console._write (/usr/local/google/home/agektmr/Development/webauthndemo/node_modules/firebase-tools/node_modules/winston-transport/index.js:103:17)
    at doWrite (/usr/local/google/home/agektmr/Development/webauthndemo/node_modules/firebase-tools/node_modules/winston-transport/node_modules/readable-stream/lib/_stream_writable.js:428:64)
[error] 
[error] Error: An unexpected error has occurred.
[debug] [2026-06-04T03:43:53.713Z] Error: write EIO
    at afterWriteDispatched (node:internal/stream_base_commons:159:15)
    at writeGeneric (node:internal/stream_base_commons:150:3)
    at Socket._writeGeneric (node:net:1025:11)
    at Socket._write (node:net:1037:8)
    at writeOrBuffer (node:internal/streams/writable:570:12)
    at _write (node:internal/streams/writable:499:10)
    at Writable.write (node:internal/streams/writable:508:10)
    at Console.log (/usr/local/google/home/agektmr/Development/webauthndemo/node_modules/firebase-tools/node_modules/winston/lib/winston/transports/console.js:79:23)
    at Console._write (/usr/local/google/home/agektmr/Development/webauthndemo/node_modules/firebase-tools/node_modules/winston-transport/index.js:103:17)
    at doWrite (/usr/local/google/home/agektmr/Development/webauthndemo/node_modules/firebase-tools/node_modules/winston-transport/node_modules/readable-stream/lib/_stream_writable.js:428:64)
[error] 
[error] Error: An unexpected error has occurred.
[debug] [2026-06-04T03:43:53.713Z] Error: write EIO
    at afterWriteDispatched (node:internal/stream_base_commons:159:15)
    at writeGeneric (node:internal/stream_base_commons:150:3)
    at Socket._writeGeneric (node:net:1025:11)
    at Socket._write (node:net:1037:8)
    at writeOrBuffer (node:internal/streams/writable:570:12)
    at _write (node:internal/streams/writable:499:10)
    at Writable.write (node:internal/streams/writable:508:10)
    at Console.log (/usr/local/google/home/agektmr/Development/webauthndemo/node_modules/firebase-tools/node_modules/winston/lib/winston/transports/console.js:79:23)
    at Console._write (/usr/local/google/home/agektmr/Development/webauthndemo/node_modules/firebase-tools/node_modules/winston-transport/index.js:103:17)
    at doWrite (/usr/local/google/home/agektmr/Development/webauthndemo/node_modules/firebase-tools/node_modules/winston-transport/node_modules/readable-stream/lib/_stream_writable.js:428:64)
[error] 
[error] Error: An unexpected error has occurred.
[debug] [2026-06-04T03:43:53.713Z] Error: write EIO
    at afterWriteDispatched (node:internal/stream_base_commons:159:15)
    at writeGeneric (node:internal/stream_base_commons:150:3)
    at Socket._writeGeneric (node:net:1025:11)
    at Socket._write (node:net:1037:8)
    at writeOrBuffer (node:internal/streams/writable:570:12)
    at _write (node:internal/streams/writable:499:10)
    at Writable.write (node:internal/streams/writable:508:10)
    at Console.log (/usr/local/google/home/agektmr/Development/webauthndemo/node_modules/firebase-tools/node_modules/winston/lib/winston/transports/console.js:79:23)
    at Console._write (/usr/local/google/home/agektmr/Development/webauthndemo/node_modules/firebase-tools/node_modules/winston-transport/index.js:103:17)
    at doWrite (/usr/local/google/home/agektmr/Development/webauthndemo/node_modules/firebase-tools/node_modules/winston-transport/node_modules/readable-stream/lib/_stream_writable.js:428:64)
[error] 
[error] Error: An unexpected error has occurred.
[debug] [2026-06-04T03:43:53.713Z] Error: write EIO
    at afterWriteDispatched (node:internal/stream_base_commons:159:15)
    at writeGeneric (node:internal/stream_base_commons:150:3)
    at Socket._writeGeneric (node:net:1025:11)
    at Socket._write (node:net:1037:8)
    at writeOrBuffer (node:internal/streams/writable:570:12)
    at _write (node:internal/streams/writable:499:10)
    at Writable.write (node:internal/streams/writable:508:10)
    at Console.log (/usr/local/google/home/agektmr/Development/webauthndemo/node_modules/firebase-tools/node_modules/winston/lib/winston/transports/console.js:79:23)
    at Console._write (/usr/local/google/home/agektmr/Development/webauthndemo/node_modules/firebase-tools/node_modules/winston-transport/index.js:103:17)
    at doWrite (/usr/local/google/home/agektmr/Development/webauthndemo/node_modules/firebase-tools/node_modules/winston-transport/node_modules/readable-stream/lib/_stream_writable.js:428:64)
[error] 
[error] Error: An unexpected error has occurred.
[debug] [2026-06-04T03:43:53.717Z] Error: write EIO
    at afterWriteDispatched (node:internal/stream_base_commons:159:15)
    at writeGeneric (node:internal/stream_base_commons:150:3)
    at Socket._writeGeneric (node:net:1025:11)
    at Socket._write (node:net:1037:8)
    at writeOrBuffer (node:internal/streams/writable:570:12)
    at _write (node:internal/streams/writable:499:10)
    at Writable.write (node:internal/streams/writable:508:10)
    at Console.log (/usr/local/google/home/agektmr/Development/webauthndemo/node_modules/firebase-tools/node_modules/winston/lib/winston/transports/console.js:79:23)
    at Console._write (/usr/local/google/home/agektmr/Development/webauthndemo/node_modules/firebase-tools/node_modules/winston-transport/index.js:103:17)
    at doWrite (/usr/local/google/home/agektmr/Development/webauthndemo/node_modules/firebase-tools/node_modules/winston-transport/node_modules/readable-stream/lib/_stream_writable.js:428:64)
[error] 
[error] Error: An unexpected error has occurred.
[debug] [2026-06-04T03:43:53.717Z] Error: write EIO
    at afterWriteDispatched (node:internal/stream_base_commons:159:15)
    at writeGeneric (node:internal/stream_base_commons:150:3)
    at Socket._writeGeneric (node:net:1025:11)
    at Socket._write (node:net:1037:8)
    at writeOrBuffer (node:internal/streams/writable:570:12)
    at _write (node:internal/streams/writable:499:10)
    at Writable.write (node:internal/streams/writable:508:10)
    at Console.log (/usr/local/google/home/agektmr/Development/webauthndemo/node_modules/firebase-tools/node_modules/winston/lib/winston/transports/console.js:79:23)
    at Console._write (/usr/local/google/home/agektmr/Development/webauthndemo/node_modules/firebase-tools/node_modules/winston-transport/index.js:103:17)
    at doWrite (/usr/local/google/home/agektmr/Development/webauthndemo/node_modules/firebase-tools/node_modules/winston-transport/node_modules/readable-stream/lib/_stream_writable.js:428:64)
[error] 
[error] Error: An unexpected error has occurred.
[debug] [2026-06-04T03:43:53.717Z] Error: write EIO
    at afterWriteDispatched (node:internal/stream_base_commons:159:15)
    at writeGeneric (node:internal/stream_base_commons:150:3)
    at Socket._writeGeneric (node:net:1025:11)
    at Socket._write (node:net:1037:8)
    at writeOrBuffer (node:internal/streams/writable:570:12)
    at _write (node:internal/streams/writable:499:10)
    at Writable.write (node:internal/streams/writable:508:10)
    at Console.log (/usr/local/google/home/agektmr/Development/webauthndemo/node_modules/firebase-tools/node_modules/winston/lib/winston/transports/console.js:79:23)
    at Console._write (/usr/local/google/home/agektmr/Development/webauthndemo/node_modules/firebase-tools/node_modules/winston-transport/index.js:103:17)
    at doWrite (/usr/local/google/home/agektmr/Development/webauthndemo/node_modules/firebase-tools/node_modules/winston-transport/node_modules/readable-stream/lib/_stream_writable.js:428:64)
[error] 
[error] Error: An unexpected error has occurred.
[debug] [2026-06-04T03:43:53.718Z] Error: write EIO
    at afterWriteDispatched (node:internal/stream_base_commons:159:15)
    at writeGeneric (node:internal/stream_base_commons:150:3)
    at Socket._writeGeneric (node:net:1025:11)
    at Socket._write (node:net:1037:8)
    at writeOrBuffer (node:internal/streams/writable:570:12)
    at _write (node:internal/streams/writable:499:10)
    at Writable.write (node:internal/streams/writable:508:10)
    at Console.log (/usr/local/google/home/agektmr/Development/webauthndemo/node_modules/firebase-tools/node_modules/winston/lib/winston/transports/console.js:79:23)
    at Console._write (/usr/local/google/home/agektmr/Development/webauthndemo/node_modules/firebase-tools/node_modules/winston-transport/index.js:103:17)
    at doWrite (/usr/local/google/home/agektmr/Development/webauthndemo/node_modules/firebase-tools/node_modules/winston-transport/node_modules/readable-stream/lib/_stream_writable.js:428:64)
[error] 
[error] Error: An unexpected error has occurred.
[debug] [2026-06-04T03:43:53.718Z] Error: write EIO
    at afterWriteDispatched (node:internal/stream_base_commons:159:15)
    at writeGeneric (node:internal/stream_base_commons:150:3)
    at Socket._writeGeneric (node:net:1025:11)
    at Socket._write (node:net:1037:8)
    at writeOrBuffer (node:internal/streams/writable:570:12)
    at _write (node:internal/streams/writable:499:10)
    at Writable.write (node:internal/streams/writable:508:10)
    at Console.log (/usr/local/google/home/agektmr/Development/webauthndemo/node_modules/firebase-tools/node_modules/winston/lib/winston/transports/console.js:79:23)
    at Console._write (/usr/local/google/home/agektmr/Development/webauthndemo/node_modules/firebase-tools/node_modules/winston-transport/index.js:103:17)
    at doWrite (/usr/local/google/home/agektmr/Development/webauthndemo/node_modules/firebase-tools/node_modules/winston-transport/node_modules/readable-stream/lib/_stream_writable.js:428:64)
[error] 
[error] Error: An unexpected error has occurred.
[debug] [2026-06-04T03:43:53.718Z] Error: write EIO
    at afterWriteDispatched (node:internal/stream_base_commons:159:15)
    at writeGeneric (node:internal/stream_base_commons:150:3)
    at Socket._writeGeneric (node:net:1025:11)
    at Socket._write (node:net:1037:8)
    at writeOrBuffer (node:internal/streams/writable:570:12)
    at _write (node:internal/streams/writable:499:10)
    at Writable.write (node:internal/streams/writable:508:10)
    at Console.log (/usr/local/google/home/agektmr/Development/webauthndemo/node_modules/firebase-tools/node_modules/winston/lib/winston/transports/console.js:79:23)
    at Console._write (/usr/local/google/home/agektmr/Development/webauthndemo/node_modules/firebase-tools/node_modules/winston-transport/index.js:103:17)
    at doWrite (/usr/local/google/home/agektmr/Development/webauthndemo/node_modules/firebase-tools/node_modules/winston-transport/node_modules/readable-stream/lib/_stream_writable.js:428:64)
[error] 
[error] Error: An unexpected error has occurred.
[debug] [2026-06-04T03:43:53.718Z] Error: write EIO
    at afterWriteDispatched (node:internal/stream_base_commons:159:15)
    at writeGeneric (node:internal/stream_base_commons:150:3)
    at Socket._writeGeneric (node:net:1025:11)
    at Socket._write (node:net:1037:8)
    at writeOrBuffer (node:internal/streams/writable:570:12)
    at _write (node:internal/streams/writable:499:10)
    at Writable.write (node:internal/streams/writable:508:10)
    at Console.log (/usr/local/google/home/agektmr/Development/webauthndemo/node_modules/firebase-tools/node_modules/winston/lib/winston/transports/console.js:79:23)
    at Console._write (/usr/local/google/home/agektmr/Development/webauthndemo/node_modules/firebase-tools/node_modules/winston-transport/index.js:103:17)
    at doWrite (/usr/local/google/home/agektmr/Development/webauthndemo/node_modules/firebase-tools/node_modules/winston-transport/node_modules/readable-stream/lib/_stream_writable.js:428:64)
[error] 
[error] Error: An unexpected error has occurred.
[debug] [2026-06-04T03:43:53.719Z] Error: write EIO
    at afterWriteDispatched (node:internal/stream_base_commons:159:15)
    at writeGeneric (node:internal/stream_base_commons:150:3)
    at Socket._writeGeneric (node:net:1025:11)
    at Socket._write (node:net:1037:8)
    at writeOrBuffer (node:internal/streams/writable:570:12)
    at _write (node:internal/streams/writable:499:10)
    at Writable.write (node:internal/streams/writable:508:10)
    at Console.log (/usr/local/google/home/agektmr/Development/webauthndemo/node_modules/firebase-tools/node_modules/winston/lib/winston/transports/console.js:79:23)
    at Console._write (/usr/local/google/home/agektmr/Development/webauthndemo/node_modules/firebase-tools/node_modules/winston-transport/index.js:103:17)
    at doWrite (/usr/local/google/home/agektmr/Development/webauthndemo/node_modules/firebase-tools/node_modules/winston-transport/node_modules/readable-stream/lib/_stream_writable.js:428:64)
[error] 
[error] Error: An unexpected error has occurred.
[debug] [2026-06-04T03:43:53.719Z] Error: write EIO
    at afterWriteDispatched (node:internal/stream_base_commons:159:15)
    at writeGeneric (node:internal/stream_base_commons:150:3)
    at Socket._writeGeneric (node:net:1025:11)
    at Socket._write (node:net:1037:8)
    at writeOrBuffer (node:internal/streams/writable:570:12)
    at _write (node:internal/streams/writable:499:10)
    at Writable.write (node:internal/streams/writable:508:10)
    at Console.log (/usr/local/google/home/agektmr/Development/webauthndemo/node_modules/firebase-tools/node_modules/winston/lib/winston/transports/console.js:79:23)
    at Console._write (/usr/local/google/home/agektmr/Development/webauthndemo/node_modules/firebase-tools/node_modules/winston-transport/index.js:103:17)
    at doWrite (/usr/local/google/home/agektmr/Development/webauthndemo/node_modules/firebase-tools/node_modules/winston-transport/node_modules/readable-stream/lib/_stream_writable.js:428:64)
[error] 
[error] Error: An unexpected error has occurred.
[debug] [2026-06-04T03:43:53.719Z] Error: write EIO
    at afterWriteDispatched (node:internal/stream_base_commons:159:15)
    at writeGeneric (node:internal/stream_base_commons:150:3)
    at Socket._writeGeneric (node:net:1025:11)
    at Socket._write (node:net:1037:8)
    at writeOrBuffer (node:internal/streams/writable:570:12)
    at _write (node:internal/streams/writable:499:10)
    at Writable.write (node:internal/streams/writable:508:10)
    at Console.log (/usr/local/google/home/agektmr/Development/webauthndemo/node_modules/firebase-tools/node_modules/winston/lib/winston/transports/console.js:79:23)
    at Console._write (/usr/local/google/home/agektmr/Development/webauthndemo/node_modules/firebase-tools/node_modules/winston-transport/index.js:103:17)
    at doWrite (/usr/local/google/home/agektmr/Development/webauthndemo/node_modules/firebase-tools/node_modules/winston-transport/node_modules/readable-stream/lib/_stream_writable.js:428:64)
[error] 
[error] Error: An unexpected error has occurred.
[debug] [2026-06-04T03:43:53.719Z] Error: write EIO
    at afterWriteDispatched (node:internal/stream_base_commons:159:15)
    at writeGeneric (node:internal/stream_base_commons:150:3)
    at Socket._writeGeneric (node:net:1025:11)
    at Socket._write (node:net:1037:8)
    at writeOrBuffer (node:internal/streams/writable:570:12)
    at _write (node:internal/streams/writable:499:10)
    at Writable.write (node:internal/streams/writable:508:10)
    at Console.log (/usr/local/google/home/agektmr/Development/webauthndemo/node_modules/firebase-tools/node_modules/winston/lib/winston/transports/console.js:79:23)
    at Console._write (/usr/local/google/home/agektmr/Development/webauthndemo/node_modules/firebase-tools/node_modules/winston-transport/index.js:103:17)
    at doWrite (/usr/local/google/home/agektmr/Development/webauthndemo/node_modules/firebase-tools/node_modules/winston-transport/node_modules/readable-stream/lib/_stream_writable.js:428:64)
[error] 
[error] Error: An unexpected error has occurred.
[debug] [2026-06-04T03:43:53.720Z] Error: write EIO
    at afterWriteDispatched (node:internal/stream_base_commons:159:15)
    at writeGeneric (node:internal/stream_base_commons:150:3)
    at Socket._writeGeneric (node:net:1025:11)
    at Socket._write (node:net:1037:8)
    at writeOrBuffer (node:internal/streams/writable:570:12)
    at _write (node:internal/streams/writable:499:10)
    at Writable.write (node:internal/streams/writable:508:10)
    at Console.log (/usr/local/google/home/agektmr/Development/webauthndemo/node_modules/firebase-tools/node_modules/winston/lib/winston/transports/console.js:79:23)
    at Console._write (/usr/local/google/home/agektmr/Development/webauthndemo/node_modules/firebase-tools/node_modules/winston-transport/index.js:103:17)
    at doWrite (/usr/local/google/home/agektmr/Development/webauthndemo/node_modules/firebase-tools/node_modules/winston-transport/node_modules/readable-stream/lib/_stream_writable.js:428:64)
[error] 
[error] Error: An unexpected error has occurred.
[debug] [2026-06-04T03:43:53.720Z] Error: write EIO
    at afterWriteDispatched (node:internal/stream_base_commons:159:15)
    at writeGeneric (node:internal/stream_base_commons:150:3)
    at Socket._writeGeneric (node:net:1025:11)
    at Socket._write (node:net:1037:8)
    at writeOrBuffer (node:internal/streams/writable:570:12)
    at _write (node:internal/streams/writable:499:10)
    at Writable.write (node:internal/streams/writable:508:10)
    at Console.log (/usr/local/google/home/agektmr/Development/webauthndemo/node_modules/firebase-tools/node_modules/winston/lib/winston/transports/console.js:79:23)
    at Console._write (/usr/local/google/home/agektmr/Development/webauthndemo/node_modules/firebase-tools/node_modules/winston-transport/index.js:103:17)
    at doWrite (/usr/local/google/home/agektmr/Development/webauthndemo/node_modules/firebase-tools/node_modules/winston-transport/node_modules/readable-stream/lib/_stream_writable.js:428:64)
[error] 
[error] Error: An unexpected error has occurred.
[debug] [2026-06-04T03:43:53.720Z] Error: write EIO
    at afterWriteDispatched (node:internal/stream_base_commons:159:15)
    at writeGeneric (node:internal/stream_base_commons:150:3)
    at Socket._writeGeneric (node:net:1025:11)
    at Socket._write (node:net:1037:8)
    at writeOrBuffer (node:internal/streams/writable:570:12)
    at _write (node:internal/streams/writable:499:10)
    at Writable.write (node:internal/streams/writable:508:10)
    at Console.log (/usr/local/google/home/agektmr/Development/webauthndemo/node_modules/firebase-tools/node_modules/winston/lib/winston/transports/console.js:79:23)
    at Console._write (/usr/local/google/home/agektmr/Development/webauthndemo/node_modules/firebase-tools/node_modules/winston-transport/index.js:103:17)
    at doWrite (/usr/local/google/home/agektmr/Development/webauthndemo/node_modules/firebase-tools/node_modules/winston-transport/node_modules/readable-stream/lib/_stream_writable.js:428:64)
[error] 
[error] Error: An unexpected error has occurred.
[debug] [2026-06-04T03:43:53.720Z] Error: write EIO
    at afterWriteDispatched (node:internal/stream_base_commons:159:15)
    at writeGeneric (node:internal/stream_base_commons:150:3)
    at Socket._writeGeneric (node:net:1025:11)
    at Socket._write (node:net:1037:8)
    at writeOrBuffer (node:internal/streams/writable:570:12)
    at _write (node:internal/streams/writable:499:10)
    at Writable.write (node:internal/streams/writable:508:10)
    at Console.log (/usr/local/google/home/agektmr/Development/webauthndemo/node_modules/firebase-tools/node_modules/winston/lib/winston/transports/console.js:79:23)
    at Console._write (/usr/local/google/home/agektmr/Development/webauthndemo/node_modules/firebase-tools/node_modules/winston-transport/index.js:103:17)
    at doWrite (/usr/local/google/home/agektmr/Development/webauthndemo/node_modules/firebase-tools/node_modules/winston-transport/node_modules/readable-stream/lib/_stream_writable.js:428:64)
[error] 
[error] Error: An unexpected error has occurred.
[debug] [2026-06-04T03:43:53.721Z] Error: write EIO
    at afterWriteDispatched (node:internal/stream_base_commons:159:15)
    at writeGeneric (node:internal/stream_base_commons:150:3)
    at Socket._writeGeneric (node:net:1025:11)
    at Socket._write (node:net:1037:8)
    at writeOrBuffer (node:internal/streams/writable:570:12)
    at _write (node:internal/streams/writable:499:10)
    at Writable.write (node:internal/streams/writable:508:10)
    at Console.log (/usr/local/google/home/agektmr/Development/webauthndemo/node_modules/firebase-tools/node_modules/winston/lib/winston/transports/console.js:79:23)
    at Console._write (/usr/local/google/home/agektmr/Development/webauthndemo/node_modules/firebase-tools/node_modules/winston-transport/index.js:103:17)
    at doWrite (/usr/local/google/home/agektmr/Development/webauthndemo/node_modules/firebase-tools/node_modules/winston-transport/node_modules/readable-stream/lib/_stream_writable.js:428:64)
[error] 
[error] Error: An unexpected error has occurred.
[debug] [2026-06-04T03:43:53.721Z] Error: write EIO
    at afterWriteDispatched (node:internal/stream_base_commons:159:15)
    at writeGeneric (node:internal/stream_base_commons:150:3)
    at Socket._writeGeneric (node:net:1025:11)
    at Socket._write (node:net:1037:8)
    at writeOrBuffer (node:internal/streams/writable:570:12)
    at _write (node:internal/streams/writable:499:10)
    at Writable.write (node:internal/streams/writable:508:10)
    at Console.log (/usr/local/google/home/agektmr/Development/webauthndemo/node_modules/firebase-tools/node_modules/winston/lib/winston/transports/console.js:79:23)
    at Console._write (/usr/local/google/home/agektmr/Development/webauthndemo/node_modules/firebase-tools/node_modules/winston-transport/index.js:103:17)
    at doWrite (/usr/local/google/home/agektmr/Development/webauthndemo/node_modules/firebase-tools/node_modules/winston-transport/node_modules/readable-stream/lib/_stream_writable.js:428:64)
[error] 
[error] Error: An unexpected error has occurred.
[debug] [2026-06-04T03:43:53.721Z] Error: write EIO
    at afterWriteDispatched (node:internal/stream_base_commons:159:15)
    at writeGeneric (node:internal/stream_base_commons:150:3)
    at Socket._writeGeneric (node:net:1025:11)
    at Socket._write (node:net:1037:8)
    at writeOrBuffer (node:internal/streams/writable:570:12)
    at _write (node:internal/streams/writable:499:10)
    at Writable.write (node:internal/streams/writable:508:10)
    at Console.log (/usr/local/google/home/agektmr/Development/webauthndemo/node_modules/firebase-tools/node_modules/winston/lib/winston/transports/console.js:79:23)
    at Console._write (/usr/local/google/home/agektmr/Development/webauthndemo/node_modules/firebase-tools/node_modules/winston-transport/index.js:103:17)
    at doWrite (/usr/local/google/home/agektmr/Development/webauthndemo/node_modules/firebase-tools/node_modules/winston-transport/node_modules/readable-stream/lib/_stream_writable.js:428:64)
[error] 
[error] Error: An unexpected error has occurred.
[debug] [2026-06-04T03:43:53.722Z] Error: write EIO
    at afterWriteDispatched (node:internal/stream_base_commons:159:15)
    at writeGeneric (node:internal/stream_base_commons:150:3)
    at Socket._writeGeneric (node:net:1025:11)
    at Socket._write (node:net:1037:8)
    at writeOrBuffer (node:internal/streams/writable:570:12)
    at _write (node:internal/streams/writable:499:10)
    at Writable.write (node:internal/streams/writable:508:10)
    at Console.log (/usr/local/google/home/agektmr/Development/webauthndemo/node_modules/firebase-tools/node_modules/winston/lib/winston/transports/console.js:79:23)
    at Console._write (/usr/local/google/home/agektmr/Development/webauthndemo/node_modules/firebase-tools/node_modules/winston-transport/index.js:103:17)
    at doWrite (/usr/local/google/home/agektmr/Development/webauthndemo/node_modules/firebase-tools/node_modules/winston-transport/node_modules/readable-stream/lib/_stream_writable.js:428:64)
[error] 
[error] Error: An unexpected error has occurred.
[debug] [2026-06-04T03:43:53.722Z] Error: write EIO
    at afterWriteDispatched (node:internal/stream_base_commons:159:15)
    at writeGeneric (node:internal/stream_base_commons:150:3)
    at Socket._writeGeneric (node:net:1025:11)
    at Socket._write (node:net:1037:8)
    at writeOrBuffer (node:internal/streams/writable:570:12)
    at _write (node:internal/streams/writable:499:10)
    at Writable.write (node:internal/streams/writable:508:10)
    at Console.log (/usr/local/google/home/agektmr/Development/webauthndemo/node_modules/firebase-tools/node_modules/winston/lib/winston/transports/console.js:79:23)
    at Console._write (/usr/local/google/home/agektmr/Development/webauthndemo/node_modules/firebase-tools/node_modules/winston-transport/index.js:103:17)
    at doWrite (/usr/local/google/home/agektmr/Development/webauthndemo/node_modules/firebase-tools/node_modules/winston-transport/node_modules/readable-stream/lib/_stream_writable.js:428:64)
[error] 
[error] Error: An unexpected error has occurred.
[debug] [2026-06-04T03:43:53.722Z] Error: write EIO
    at afterWriteDispatched (node:internal/stream_base_commons:159:15)
    at writeGeneric (node:internal/stream_base_commons:150:3)
    at Socket._writeGeneric (node:net:1025:11)
    at Socket._write (node:net:1037:8)
    at writeOrBuffer (node:internal/streams/writable:570:12)
    at _write (node:internal/streams/writable:499:10)
    at Writable.write (node:internal/streams/writable:508:10)
    at Console.log (/usr/local/google/home/agektmr/Development/webauthndemo/node_modules/firebase-tools/node_modules/winston/lib/winston/transports/console.js:79:23)
    at Console._write (/usr/local/google/home/agektmr/Development/webauthndemo/node_modules/firebase-tools/node_modules/winston-transport/index.js:103:17)
    at doWrite (/usr/local/google/home/agektmr/Development/webauthndemo/node_modules/firebase-tools/node_modules/winston-transport/node_modules/readable-stream/lib/_stream_writable.js:428:64)
[error] 
[error] Error: An unexpected error has occurred.
[debug] [2026-06-04T03:43:53.722Z] Error: write EIO
    at afterWriteDispatched (node:internal/stream_base_commons:159:15)
    at writeGeneric (node:internal/stream_base_commons:150:3)
    at Socket._writeGeneric (node:net:1025:11)
    at Socket._write (node:net:1037:8)
    at writeOrBuffer (node:internal/streams/writable:570:12)
    at _write (node:internal/streams/writable:499:10)
    at Writable.write (node:internal/streams/writable:508:10)
    at Console.log (/usr/local/google/home/agektmr/Development/webauthndemo/node_modules/firebase-tools/node_modules/winston/lib/winston/transports/console.js:79:23)
    at Console._write (/usr/local/google/home/agektmr/Development/webauthndemo/node_modules/firebase-tools/node_modules/winston-transport/index.js:103:17)
    at doWrite (/usr/local/google/home/agektmr/Development/webauthndemo/node_modules/firebase-tools/node_modules/winston-transport/node_modules/readable-stream/lib/_stream_writable.js:428:64)
[error] 
[error] Error: An unexpected error has occurred.
[debug] [2026-06-04T03:43:53.723Z] Error: write EIO
    at afterWriteDispatched (node:internal/stream_base_commons:159:15)
    at writeGeneric (node:internal/stream_base_commons:150:3)
    at Socket._writeGeneric (node:net:1025:11)
    at Socket._write (node:net:1037:8)
    at writeOrBuffer (node:internal/streams/writable:570:12)
    at _write (node:internal/streams/writable:499:10)
    at Writable.write (node:internal/streams/writable:508:10)
    at Console.log (/usr/local/google/home/agektmr/Development/webauthndemo/node_modules/firebase-tools/node_modules/winston/lib/winston/transports/console.js:79:23)
    at Console._write (/usr/local/google/home/agektmr/Development/webauthndemo/node_modules/firebase-tools/node_modules/winston-transport/index.js:103:17)
    at doWrite (/usr/local/google/home/agektmr/Development/webauthndemo/node_modules/firebase-tools/node_modules/winston-transport/node_modules/readable-stream/lib/_stream_writable.js:428:64)
[error] 
[error] Error: An unexpected error has occurred.
[debug] [2026-06-04T03:43:53.723Z] Error: write EIO
    at afterWriteDispatched (node:internal/stream_base_commons:159:15)
    at writeGeneric (node:internal/stream_base_commons:150:3)
    at Socket._writeGeneric (node:net:1025:11)
    at Socket._write (node:net:1037:8)
    at writeOrBuffer (node:internal/streams/writable:570:12)
    at _write (node:internal/streams/writable:499:10)
    at Writable.write (node:internal/streams/writable:508:10)
    at Console.log (/usr/local/google/home/agektmr/Development/webauthndemo/node_modules/firebase-tools/node_modules/winston/lib/winston/transports/console.js:79:23)
    at Console._write (/usr/local/google/home/agektmr/Development/webauthndemo/node_modules/firebase-tools/node_modules/winston-transport/index.js:103:17)
    at doWrite (/usr/local/google/home/agektmr/Development/webauthndemo/node_modules/firebase-tools/node_modules/winston-transport/node_modules/readable-stream/lib/_stream_writable.js:428:64)
[error] 
[error] Error: An unexpected error has occurred.
[debug] [2026-06-04T03:43:53.723Z] Error: write EIO
    at afterWriteDispatched (node:internal/stream_base_commons:159:15)
    at writeGeneric (node:internal/stream_base_commons:150:3)
    at Socket._writeGeneric (node:net:1025:11)
    at Socket._write (node:net:1037:8)
    at writeOrBuffer (node:internal/streams/writable:570:12)
    at _write (node:internal/streams/writable:499:10)
    at Writable.write (node:internal/streams/writable:508:10)
    at Console.log (/usr/local/google/home/agektmr/Development/webauthndemo/node_modules/firebase-tools/node_modules/winston/lib/winston/transports/console.js:79:23)
    at Console._write (/usr/local/google/home/agektmr/Development/webauthndemo/node_modules/firebase-tools/node_modules/winston-transport/index.js:103:17)
    at doWrite (/usr/local/google/home/agektmr/Development/webauthndemo/node_modules/firebase-tools/node_modules/winston-transport/node_modules/readable-stream/lib/_stream_writable.js:428:64)
[error] 
[error] Error: An unexpected error has occurred.
[debug] [2026-06-04T03:43:53.724Z] Error: write EIO
    at afterWriteDispatched (node:internal/stream_base_commons:159:15)
    at writeGeneric (node:internal/stream_base_commons:150:3)
    at Socket._writeGeneric (node:net:1025:11)
    at Socket._write (node:net:1037:8)
    at writeOrBuffer (node:internal/streams/writable:570:12)
    at _write (node:internal/streams/writable:499:10)
    at Writable.write (node:internal/streams/writable:508:10)
    at Console.log (/usr/local/google/home/agektmr/Development/webauthndemo/node_modules/firebase-tools/node_modules/winston/lib/winston/transports/console.js:79:23)
    at Console._write (/usr/local/google/home/agektmr/Development/webauthndemo/node_modules/firebase-tools/node_modules/winston-transport/index.js:103:17)
    at doWrite (/usr/local/google/home/agektmr/Development/webauthndemo/node_modules/firebase-tools/node_modules/winston-transport/node_modules/readable-stream/lib/_stream_writable.js:428:64)
[error] 
[error] Error: An unexpected error has occurred.
[debug] [2026-06-04T03:43:53.724Z] Error: write EIO
    at afterWriteDispatched (node:internal/stream_base_commons:159:15)
    at writeGeneric (node:internal/stream_base_commons:150:3)
    at Socket._writeGeneric (node:net:1025:11)
    at Socket._write (node:net:1037:8)
    at writeOrBuffer (node:internal/streams/writable:570:12)
    at _write (node:internal/streams/writable:499:10)
    at Writable.write (node:internal/streams/writable:508:10)
    at Console.log (/usr/local/google/home/agektmr/Development/webauthndemo/node_modules/firebase-tools/node_modules/winston/lib/winston/transports/console.js:79:23)
    at Console._write (/usr/local/google/home/agektmr/Development/webauthndemo/node_modules/firebase-tools/node_modules/winston-transport/index.js:103:17)
    at doWrite (/usr/local/google/home/agektmr/Development/webauthndemo/node_modules/firebase-tools/node_modules/winston-transport/node_modules/readable-stream/lib/_stream_writable.js:428:64)
[error] 
[error] Error: An unexpected error has occurred.
[debug] [2026-06-04T03:43:53.724Z] Error: write EIO
    at afterWriteDispatched (node:internal/stream_base_commons:159:15)
    at writeGeneric (node:internal/stream_base_commons:150:3)
    at Socket._writeGeneric (node:net:1025:11)
    at Socket._write (node:net:1037:8)
    at writeOrBuffer (node:internal/streams/writable:570:12)
    at _write (node:internal/streams/writable:499:10)
    at Writable.write (node:internal/streams/writable:508:10)
    at Console.log (/usr/local/google/home/agektmr/Development/webauthndemo/node_modules/firebase-tools/node_modules/winston/lib/winston/transports/console.js:79:23)
    at Console._write (/usr/local/google/home/agektmr/Development/webauthndemo/node_modules/firebase-tools/node_modules/winston-transport/index.js:103:17)
    at doWrite (/usr/local/google/home/agektmr/Development/webauthndemo/node_modules/firebase-tools/node_modules/winston-transport/node_modules/readable-stream/lib/_stream_writable.js:428:64)
[error] 
[error] Error: An unexpected error has occurred.
[debug] [2026-06-04T03:43:53.724Z] Error: write EIO
    at afterWriteDispatched (node:internal/stream_base_commons:159:15)
    at writeGeneric (node:internal/stream_base_commons:150:3)
    at Socket._writeGeneric (node:net:1025:11)
    at Socket._write (node:net:1037:8)
    at writeOrBuffer (node:internal/streams/writable:570:12)
    at _write (node:internal/streams/writable:499:10)
    at Writable.write (node:internal/streams/writable:508:10)
    at Console.log (/usr/local/google/home/agektmr/Development/webauthndemo/node_modules/firebase-tools/node_modules/winston/lib/winston/transports/console.js:79:23)
    at Console._write (/usr/local/google/home/agektmr/Development/webauthndemo/node_modules/firebase-tools/node_modules/winston-transport/index.js:103:17)
    at doWrite (/usr/local/google/home/agektmr/Development/webauthndemo/node_modules/firebase-tools/node_modules/winston-transport/node_modules/readable-stream/lib/_stream_writable.js:428:64)
[error] 
[error] Error: An unexpected error has occurred.
[debug] [2026-06-04T03:43:53.724Z] Error: write EIO
    at afterWriteDispatched (node:internal/stream_base_commons:159:15)
    at writeGeneric (node:internal/stream_base_commons:150:3)
    at Socket._writeGeneric (node:net:1025:11)
    at Socket._write (node:net:1037:8)
    at writeOrBuffer (node:internal/streams/writable:570:12)
    at _write (node:internal/streams/writable:499:10)
    at Writable.write (node:internal/streams/writable:508:10)
    at Console.log (/usr/local/google/home/agektmr/Development/webauthndemo/node_modules/firebase-tools/node_modules/winston/lib/winston/transports/console.js:79:23)
    at Console._write (/usr/local/google/home/agektmr/Development/webauthndemo/node_modules/firebase-tools/node_modules/winston-transport/index.js:103:17)
    at doWrite (/usr/local/google/home/agektmr/Development/webauthndemo/node_modules/firebase-tools/node_modules/winston-transport/node_modules/readable-stream/lib/_stream_writable.js:428:64)
[error] 
[error] Error: An unexpected error has occurred.
[debug] [2026-06-04T03:43:53.725Z] Error: write EIO
    at afterWriteDispatched (node:internal/stream_base_commons:159:15)
    at writeGeneric (node:internal/stream_base_commons:150:3)
    at Socket._writeGeneric (node:net:1025:11)
    at Socket._write (node:net:1037:8)
    at writeOrBuffer (node:internal/streams/writable:570:12)
    at _write (node:internal/streams/writable:499:10)
    at Writable.write (node:internal/streams/writable:508:10)
    at Console.log (/usr/local/google/home/agektmr/Development/webauthndemo/node_modules/firebase-tools/node_modules/winston/lib/winston/transports/console.js:79:23)
    at Console._write (/usr/local/google/home/agektmr/Development/webauthndemo/node_modules/firebase-tools/node_modules/winston-transport/index.js:103:17)
    at doWrite (/usr/local/google/home/agektmr/Development/webauthndemo/node_modules/firebase-tools/node_modules/winston-transport/node_modules/readable-stream/lib/_stream_writable.js:428:64)
[error] 
[error] Error: An unexpected error has occurred.
[debug] [2026-06-04T03:43:53.725Z] Error: write EIO
    at afterWriteDispatched (node:internal/stream_base_commons:159:15)
    at writeGeneric (node:internal/stream_base_commons:150:3)
    at Socket._writeGeneric (node:net:1025:11)
    at Socket._write (node:net:1037:8)
    at writeOrBuffer (node:internal/streams/writable:570:12)
    at _write (node:internal/streams/writable:499:10)
    at Writable.write (node:internal/streams/writable:508:10)
    at Console.log (/usr/local/google/home/agektmr/Development/webauthndemo/node_modules/firebase-tools/node_modules/winston/lib/winston/transports/console.js:79:23)
    at Console._write (/usr/local/google/home/agektmr/Development/webauthndemo/node_modules/firebase-tools/node_modules/winston-transport/index.js:103:17)
    at doWrite (/usr/local/google/home/agektmr/Development/webauthndemo/node_modules/firebase-tools/node_modules/winston-transport/node_modules/readable-stream/lib/_stream_writable.js:428:64)
[error] 
[error] Error: An unexpected error has occurred.
[debug] [2026-06-04T03:43:53.725Z] Error: write EIO
    at afterWriteDispatched (node:internal/stream_base_commons:159:15)
    at writeGeneric (node:internal/stream_base_commons:150:3)
    at Socket._writeGeneric (node:net:1025:11)
    at Socket._write (node:net:1037:8)
    at writeOrBuffer (node:internal/streams/writable:570:12)
    at _write (node:internal/streams/writable:499:10)
    at Writable.write (node:internal/streams/writable:508:10)
    at Console.log (/usr/local/google/home/agektmr/Development/webauthndemo/node_modules/firebase-tools/node_modules/winston/lib/winston/transports/console.js:79:23)
    at Console._write (/usr/local/google/home/agektmr/Development/webauthndemo/node_modules/firebase-tools/node_modules/winston-transport/index.js:103:17)
    at doWrite (/usr/local/google/home/agektmr/Development/webauthndemo/node_modules/firebase-tools/node_modules/winston-transport/node_modules/readable-stream/lib/_stream_writable.js:428:64)
[error] 
[error] Error: An unexpected error has occurred.
[debug] [2026-06-04T03:43:53.725Z] Error: write EIO
    at afterWriteDispatched (node:internal/stream_base_commons:159:15)
    at writeGeneric (node:internal/stream_base_commons:150:3)
    at Socket._writeGeneric (node:net:1025:11)
    at Socket._write (node:net:1037:8)
    at writeOrBuffer (node:internal/streams/writable:570:12)
    at _write (node:internal/streams/writable:499:10)
    at Writable.write (node:internal/streams/writable:508:10)
    at Console.log (/usr/local/google/home/agektmr/Development/webauthndemo/node_modules/firebase-tools/node_modules/winston/lib/winston/transports/console.js:79:23)
    at Console._write (/usr/local/google/home/agektmr/Development/webauthndemo/node_modules/firebase-tools/node_modules/winston-transport/index.js:103:17)
    at doWrite (/usr/local/google/home/agektmr/Development/webauthndemo/node_modules/firebase-tools/node_modules/winston-transport/node_modules/readable-stream/lib/_stream_writable.js:428:64)
[error] 
[error] Error: An unexpected error has occurred.
[debug] [2026-06-04T03:43:53.726Z] Error: write EIO
    at afterWriteDispatched (node:internal/stream_base_commons:159:15)
    at writeGeneric (node:internal/stream_base_commons:150:3)
    at Socket._writeGeneric (node:net:1025:11)
    at Socket._write (node:net:1037:8)
    at writeOrBuffer (node:internal/streams/writable:570:12)
    at _write (node:internal/streams/writable:499:10)
    at Writable.write (node:internal/streams/writable:508:10)
    at Console.log (/usr/local/google/home/agektmr/Development/webauthndemo/node_modules/firebase-tools/node_modules/winston/lib/winston/transports/console.js:79:23)
    at Console._write (/usr/local/google/home/agektmr/Development/webauthndemo/node_modules/firebase-tools/node_modules/winston-transport/index.js:103:17)
    at doWrite (/usr/local/google/home/agektmr/Development/webauthndemo/node_modules/firebase-tools/node_modules/winston-transport/node_modules/readable-stream/lib/_stream_writable.js:428:64)
[error] 
[error] Error: An unexpected error has occurred.
[debug] [2026-06-04T03:43:53.726Z] Error: write EIO
    at afterWriteDispatched (node:internal/stream_base_commons:159:15)
    at writeGeneric (node:internal/stream_base_commons:150:3)
    at Socket._writeGeneric (node:net:1025:11)
    at Socket._write (node:net:1037:8)
    at writeOrBuffer (node:internal/streams/writable:570:12)
    at _write (node:internal/streams/writable:499:10)
    at Writable.write (node:internal/streams/writable:508:10)
    at Console.log (/usr/local/google/home/agektmr/Development/webauthndemo/node_modules/firebase-tools/node_modules/winston/lib/winston/transports/console.js:79:23)
    at Console._write (/usr/local/google/home/agektmr/Development/webauthndemo/node_modules/firebase-tools/node_modules/winston-transport/index.js:103:17)
    at doWrite (/usr/local/google/home/agektmr/Development/webauthndemo/node_modules/firebase-tools/node_modules/winston-transport/node_modules/readable-stream/lib/_stream_writable.js:428:64)
[error] 
[error] Error: An unexpected error has occurred.
[debug] [2026-06-04T03:43:53.726Z] Error: write EIO
    at afterWriteDispatched (node:internal/stream_base_commons:159:15)
    at writeGeneric (node:internal/stream_base_commons:150:3)
    at Socket._writeGeneric (node:net:1025:11)
    at Socket._write (node:net:1037:8)
    at writeOrBuffer (node:internal/streams/writable:570:12)
    at _write (node:internal/streams/writable:499:10)
    at Writable.write (node:internal/streams/writable:508:10)
    at Console.log (/usr/local/google/home/agektmr/Development/webauthndemo/node_modules/firebase-tools/node_modules/winston/lib/winston/transports/console.js:79:23)
    at Console._write (/usr/local/google/home/agektmr/Development/webauthndemo/node_modules/firebase-tools/node_modules/winston-transport/index.js:103:17)
    at doWrite (/usr/local/google/home/agektmr/Development/webauthndemo/node_modules/firebase-tools/node_modules/winston-transport/node_modules/readable-stream/lib/_stream_writable.js:428:64)
[error] 
[error] Error: An unexpected error has occurred.
[debug] [2026-06-04T03:43:53.727Z] Error: write EIO
    at afterWriteDispatched (node:internal/stream_base_commons:159:15)
    at writeGeneric (node:internal/stream_base_commons:150:3)
    at Socket._writeGeneric (node:net:1025:11)
    at Socket._write (node:net:1037:8)
    at writeOrBuffer (node:internal/streams/writable:570:12)
    at _write (node:internal/streams/writable:499:10)
    at Writable.write (node:internal/streams/writable:508:10)
    at Console.log (/usr/local/google/home/agektmr/Development/webauthndemo/node_modules/firebase-tools/node_modules/winston/lib/winston/transports/console.js:79:23)
    at Console._write (/usr/local/google/home/agektmr/Development/webauthndemo/node_modules/firebase-tools/node_modules/winston-transport/index.js:103:17)
    at doWrite (/usr/local/google/home/agektmr/Development/webauthndemo/node_modules/firebase-tools/node_modules/winston-transport/node_modules/readable-stream/lib/_stream_writable.js:428:64)
[error] 
[error] Error: An unexpected error has occurred.
[debug] [2026-06-04T03:43:53.727Z] Error: write EIO
    at afterWriteDispatched (node:internal/stream_base_commons:159:15)
    at writeGeneric (node:internal/stream_base_commons:150:3)
    at Socket._writeGeneric (node:net:1025:11)
    at Socket._write (node:net:1037:8)
    at writeOrBuffer (node:internal/streams/writable:570:12)
    at _write (node:internal/streams/writable:499:10)
    at Writable.write (node:internal/streams/writable:508:10)
    at Console.log (/usr/local/google/home/agektmr/Development/webauthndemo/node_modules/firebase-tools/node_modules/winston/lib/winston/transports/console.js:79:23)
    at Console._write (/usr/local/google/home/agektmr/Development/webauthndemo/node_modules/firebase-tools/node_modules/winston-transport/index.js:103:17)
    at doWrite (/usr/local/google/home/agektmr/Development/webauthndemo/node_modules/firebase-tools/node_modules/winston-transport/node_modules/readable-stream/lib/_stream_writable.js:428:64)
[error] 
[error] Error: An unexpected error has occurred.
[debug] [2026-06-04T03:43:53.727Z] Error: write EIO
    at afterWriteDispatched (node:internal/stream_base_commons:159:15)
    at writeGeneric (node:internal/stream_base_commons:150:3)
    at Socket._writeGeneric (node:net:1025:11)
    at Socket._write (node:net:1037:8)
    at writeOrBuffer (node:internal/streams/writable:570:12)
    at _write (node:internal/streams/writable:499:10)
    at Writable.write (node:internal/streams/writable:508:10)
    at Console.log (/usr/local/google/home/agektmr/Development/webauthndemo/node_modules/firebase-tools/node_modules/winston/lib/winston/transports/console.js:79:23)
    at Console._write (/usr/local/google/home/agektmr/Development/webauthndemo/node_modules/firebase-tools/node_modules/winston-transport/index.js:103:17)
    at doWrite (/usr/local/google/home/agektmr/Development/webauthndemo/node_modules/firebase-tools/node_modules/winston-transport/node_modules/readable-stream/lib/_stream_writable.js:428:64)
[error] 
[error] Error: An unexpected error has occurred.
[debug] [2026-06-04T03:43:53.727Z] Error: write EIO
    at afterWriteDispatched (node:internal/stream_base_commons:159:15)
    at writeGeneric (node:internal/stream_base_commons:150:3)
    at Socket._writeGeneric (node:net:1025:11)
    at Socket._write (node:net:1037:8)
    at writeOrBuffer (node:internal/streams/writable:570:12)
    at _write (node:internal/streams/writable:499:10)
    at Writable.write (node:internal/streams/writable:508:10)
    at Console.log (/usr/local/google/home/agektmr/Development/webauthndemo/node_modules/firebase-tools/node_modules/winston/lib/winston/transports/console.js:79:23)
    at Console._write (/usr/local/google/home/agektmr/Development/webauthndemo/node_modules/firebase-tools/node_modules/winston-transport/index.js:103:17)
    at doWrite (/usr/local/google/home/agektmr/Development/webauthndemo/node_modules/firebase-tools/node_modules/winston-transport/node_modules/readable-stream/lib/_stream_writable.js:428:64)
[error] 
[error] Error: An unexpected error has occurred.
[debug] [2026-06-04T03:43:53.728Z] Error: write EIO
    at afterWriteDispatched (node:internal/stream_base_commons:159:15)
    at writeGeneric (node:internal/stream_base_commons:150:3)
    at Socket._writeGeneric (node:net:1025:11)
    at Socket._write (node:net:1037:8)
    at writeOrBuffer (node:internal/streams/writable:570:12)
    at _write (node:internal/streams/writable:499:10)
    at Writable.write (node:internal/streams/writable:508:10)
    at Console.log (/usr/local/google/home/agektmr/Development/webauthndemo/node_modules/firebase-tools/node_modules/winston/lib/winston/transports/console.js:79:23)
    at Console._write (/usr/local/google/home/agektmr/Development/webauthndemo/node_modules/firebase-tools/node_modules/winston-transport/index.js:103:17)
    at doWrite (/usr/local/google/home/agektmr/Development/webauthndemo/node_modules/firebase-tools/node_modules/winston-transport/node_modules/readable-stream/lib/_stream_writable.js:428:64)
[error] 
[error] Error: An unexpected error has occurred.
[debug] [2026-06-04T03:43:53.728Z] Error: write EIO
    at afterWriteDispatched (node:internal/stream_base_commons:159:15)
    at writeGeneric (node:internal/stream_base_commons:150:3)
    at Socket._writeGeneric (node:net:1025:11)
    at Socket._write (node:net:1037:8)
    at writeOrBuffer (node:internal/streams/writable:570:12)
    at _write (node:internal/streams/writable:499:10)
    at Writable.write (node:internal/streams/writable:508:10)
    at Console.log (/usr/local/google/home/agektmr/Development/webauthndemo/node_modules/firebase-tools/node_modules/winston/lib/winston/transports/console.js:79:23)
    at Console._write (/usr/local/google/home/agektmr/Development/webauthndemo/node_modules/firebase-tools/node_modules/winston-transport/index.js:103:17)
    at doWrite (/usr/local/google/home/agektmr/Development/webauthndemo/node_modules/firebase-tools/node_modules/winston-transport/node_modules/readable-stream/lib/_stream_writable.js:428:64)
[error] 
[error] Error: An unexpected error has occurred.
[debug] [2026-06-04T03:43:53.728Z] Error: write EIO
    at afterWriteDispatched (node:internal/stream_base_commons:159:15)
    at writeGeneric (node:internal/stream_base_commons:150:3)
    at Socket._writeGeneric (node:net:1025:11)
    at Socket._write (node:net:1037:8)
    at writeOrBuffer (node:internal/streams/writable:570:12)
    at _write (node:internal/streams/writable:499:10)
    at Writable.write (node:internal/streams/writable:508:10)
    at Console.log (/usr/local/google/home/agektmr/Development/webauthndemo/node_modules/firebase-tools/node_modules/winston/lib/winston/transports/console.js:79:23)
    at Console._write (/usr/local/google/home/agektmr/Development/webauthndemo/node_modules/firebase-tools/node_modules/winston-transport/index.js:103:17)
    at doWrite (/usr/local/google/home/agektmr/Development/webauthndemo/node_modules/firebase-tools/node_modules/winston-transport/node_modules/readable-stream/lib/_stream_writable.js:428:64)
[error] 
[error] Error: An unexpected error has occurred.
[debug] [2026-06-04T03:43:53.728Z] Error: write EIO
    at afterWriteDispatched (node:internal/stream_base_commons:159:15)
    at writeGeneric (node:internal/stream_base_commons:150:3)
    at Socket._writeGeneric (node:net:1025:11)
    at Socket._write (node:net:1037:8)
    at writeOrBuffer (node:internal/streams/writable:570:12)
    at _write (node:internal/streams/writable:499:10)
    at Writable.write (node:internal/streams/writable:508:10)
    at Console.log (/usr/local/google/home/agektmr/Development/webauthndemo/node_modules/firebase-tools/node_modules/winston/lib/winston/transports/console.js:79:23)
    at Console._write (/usr/local/google/home/agektmr/Development/webauthndemo/node_modules/firebase-tools/node_modules/winston-transport/index.js:103:17)
    at doWrite (/usr/local/google/home/agektmr/Development/webauthndemo/node_modules/firebase-tools/node_modules/winston-transport/node_modules/readable-stream/lib/_stream_writable.js:428:64)
[error] 
[error] Error: An unexpected error has occurred.
[debug] [2026-06-04T03:43:53.729Z] Error: write EIO
    at afterWriteDispatched (node:internal/stream_base_commons:159:15)
    at writeGeneric (node:internal/stream_base_commons:150:3)
    at Socket._writeGeneric (node:net:1025:11)
    at Socket._write (node:net:1037:8)
    at writeOrBuffer (node:internal/streams/writable:570:12)
    at _write (node:internal/streams/writable:499:10)
    at Writable.write (node:internal/streams/writable:508:10)
    at Console.log (/usr/local/google/home/agektmr/Development/webauthndemo/node_modules/firebase-tools/node_modules/winston/lib/winston/transports/console.js:79:23)
    at Console._write (/usr/local/google/home/agektmr/Development/webauthndemo/node_modules/firebase-tools/node_modules/winston-transport/index.js:103:17)
    at doWrite (/usr/local/google/home/agektmr/Development/webauthndemo/node_modules/firebase-tools/node_modules/winston-transport/node_modules/readable-stream/lib/_stream_writable.js:428:64)
[error] 
[error] Error: An unexpected error has occurred.
[debug] [2026-06-04T03:43:53.729Z] Error: write EIO
    at afterWriteDispatched (node:internal/stream_base_commons:159:15)
    at writeGeneric (node:internal/stream_base_commons:150:3)
    at Socket._writeGeneric (node:net:1025:11)
    at Socket._write (node:net:1037:8)
    at writeOrBuffer (node:internal/streams/writable:570:12)
    at _write (node:internal/streams/writable:499:10)
    at Writable.write (node:internal/streams/writable:508:10)
    at Console.log (/usr/local/google/home/agektmr/Development/webauthndemo/node_modules/firebase-tools/node_modules/winston/lib/winston/transports/console.js:79:23)
    at Console._write (/usr/local/google/home/agektmr/Development/webauthndemo/node_modules/firebase-tools/node_modules/winston-transport/index.js:103:17)
    at doWrite (/usr/local/google/home/agektmr/Development/webauthndemo/node_modules/firebase-tools/node_modules/winston-transport/node_modules/readable-stream/lib/_stream_writable.js:428:64)
[error] 
[error] Error: An unexpected error has occurred.
[debug] [2026-06-04T03:43:53.729Z] Error: write EIO
    at afterWriteDispatched (node:internal/stream_base_commons:159:15)
    at writeGeneric (node:internal/stream_base_commons:150:3)
    at Socket._writeGeneric (node:net:1025:11)
    at Socket._write (node:net:1037:8)
    at writeOrBuffer (node:internal/streams/writable:570:12)
    at _write (node:internal/streams/writable:499:10)
    at Writable.write (node:internal/streams/writable:508:10)
    at Console.log (/usr/local/google/home/agektmr/Development/webauthndemo/node_modules/firebase-tools/node_modules/winston/lib/winston/transports/console.js:79:23)
    at Console._write (/usr/local/google/home/agektmr/Development/webauthndemo/node_modules/firebase-tools/node_modules/winston-transport/index.js:103:17)
    at doWrite (/usr/local/google/home/agektmr/Development/webauthndemo/node_modules/firebase-tools/node_modules/winston-transport/node_modules/readable-stream/lib/_stream_writable.js:428:64)
[error] 
[error] Error: An unexpected error has occurred.
[debug] [2026-06-04T03:43:53.729Z] Error: write EIO
    at afterWriteDispatched (node:internal/stream_base_commons:159:15)
    at writeGeneric (node:internal/stream_base_commons:150:3)
    at Socket._writeGeneric (node:net:1025:11)
    at Socket._write (node:net:1037:8)
    at writeOrBuffer (node:internal/streams/writable:570:12)
    at _write (node:internal/streams/writable:499:10)
    at Writable.write (node:internal/streams/writable:508:10)
    at Console.log (/usr/local/google/home/agektmr/Development/webauthndemo/node_modules/firebase-tools/node_modules/winston/lib/winston/transports/console.js:79:23)
    at Console._write (/usr/local/google/home/agektmr/Development/webauthndemo/node_modules/firebase-tools/node_modules/winston-transport/index.js:103:17)
    at doWrite (/usr/local/google/home/agektmr/Development/webauthndemo/node_modules/firebase-tools/node_modules/winston-transport/node_modules/readable-stream/lib/_stream_writable.js:428:64)
[error] 
[error] Error: An unexpected error has occurred.
[debug] [2026-06-04T03:43:53.731Z] Error: write EIO
    at afterWriteDispatched (node:internal/stream_base_commons:159:15)
    at writeGeneric (node:internal/stream_base_commons:150:3)
    at Socket._writeGeneric (node:net:1025:11)
    at Socket._write (node:net:1037:8)
    at writeOrBuffer (node:internal/streams/writable:570:12)
    at _write (node:internal/streams/writable:499:10)
    at Writable.write (node:internal/streams/writable:508:10)
    at Console.log (/usr/local/google/home/agektmr/Development/webauthndemo/node_modules/firebase-tools/node_modules/winston/lib/winston/transports/console.js:79:23)
    at Console._write (/usr/local/google/home/agektmr/Development/webauthndemo/node_modules/firebase-tools/node_modules/winston-transport/index.js:103:17)
    at doWrite (/usr/local/google/home/agektmr/Development/webauthndemo/node_modules/firebase-tools/node_modules/winston-transport/node_modules/readable-stream/lib/_stream_writable.js:428:64)
[error] 
[error] Error: An unexpected error has occurred.
[debug] [2026-06-04T03:43:53.732Z] Error: write EIO
    at afterWriteDispatched (node:internal/stream_base_commons:159:15)
    at writeGeneric (node:internal/stream_base_commons:150:3)
    at Socket._writeGeneric (node:net:1025:11)
    at Socket._write (node:net:1037:8)
    at writeOrBuffer (node:internal/streams/writable:570:12)
    at _write (node:internal/streams/writable:499:10)
    at Writable.write (node:internal/streams/writable:508:10)
    at Console.log (/usr/local/google/home/agektmr/Development/webauthndemo/node_modules/firebase-tools/node_modules/winston/lib/winston/transports/console.js:79:23)
    at Console._write (/usr/local/google/home/agektmr/Development/webauthndemo/node_modules/firebase-tools/node_modules/winston-transport/index.js:103:17)
    at doWrite (/usr/local/google/home/agektmr/Development/webauthndemo/node_modules/firebase-tools/node_modules/winston-transport/node_modules/readable-stream/lib/_stream_writable.js:428:64)
[error] 
[error] Error: An unexpected error has occurred.
[debug] [2026-06-04T03:43:53.732Z] Error: write EIO
    at afterWriteDispatched (node:internal/stream_base_commons:159:15)
    at writeGeneric (node:internal/stream_base_commons:150:3)
    at Socket._writeGeneric (node:net:1025:11)
    at Socket._write (node:net:1037:8)
    at writeOrBuffer (node:internal/streams/writable:570:12)
    at _write (node:internal/streams/writable:499:10)
    at Writable.write (node:internal/streams/writable:508:10)
    at Console.log (/usr/local/google/home/agektmr/Development/webauthndemo/node_modules/firebase-tools/node_modules/winston/lib/winston/transports/console.js:79:23)
    at Console._write (/usr/local/google/home/agektmr/Development/webauthndemo/node_modules/firebase-tools/node_modules/winston-transport/index.js:103:17)
    at doWrite (/usr/local/google/home/agektmr/Development/webauthndemo/node_modules/firebase-tools/node_modules/winston-transport/node_modules/readable-stream/lib/_stream_writable.js:428:64)
[error] 
[error] Error: An unexpected error has occurred.
[debug] [2026-06-04T03:43:53.733Z] Error: write EIO
    at afterWriteDispatched (node:internal/stream_base_commons:159:15)
    at writeGeneric (node:internal/stream_base_commons:150:3)
    at Socket._writeGeneric (node:net:1025:11)
    at Socket._write (node:net:1037:8)
    at writeOrBuffer (node:internal/streams/writable:570:12)
    at _write (node:internal/streams/writable:499:10)
    at Writable.write (node:internal/streams/writable:508:10)
    at Console.log (/usr/local/google/home/agektmr/Development/webauthndemo/node_modules/firebase-tools/node_modules/winston/lib/winston/transports/console.js:79:23)
    at Console._write (/usr/local/google/home/agektmr/Development/webauthndemo/node_modules/firebase-tools/node_modules/winston-transport/index.js:103:17)
    at doWrite (/usr/local/google/home/agektmr/Development/webauthndemo/node_modules/firebase-tools/node_modules/winston-transport/node_modules/readable-stream/lib/_stream_writable.js:428:64)
[error] 
[error] Error: An unexpected error has occurred.
[debug] [2026-06-04T03:43:53.733Z] Error: write EIO
    at afterWriteDispatched (node:internal/stream_base_commons:159:15)
    at writeGeneric (node:internal/stream_base_commons:150:3)
    at Socket._writeGeneric (node:net:1025:11)
    at Socket._write (node:net:1037:8)
    at writeOrBuffer (node:internal/streams/writable:570:12)
    at _write (node:internal/streams/writable:499:10)
    at Writable.write (node:internal/streams/writable:508:10)
    at Console.log (/usr/local/google/home/agektmr/Development/webauthndemo/node_modules/firebase-tools/node_modules/winston/lib/winston/transports/console.js:79:23)
    at Console._write (/usr/local/google/home/agektmr/Development/webauthndemo/node_modules/firebase-tools/node_modules/winston-transport/index.js:103:17)
    at doWrite (/usr/local/google/home/agektmr/Development/webauthndemo/node_modules/firebase-tools/node_modules/winston-transport/node_modules/readable-stream/lib/_stream_writable.js:428:64)
[error] 
[error] Error: An unexpected error has occurred.
[debug] [2026-06-04T03:43:53.733Z] Error: write EIO
    at afterWriteDispatched (node:internal/stream_base_commons:159:15)
    at writeGeneric (node:internal/stream_base_commons:150:3)
    at Socket._writeGeneric (node:net:1025:11)
    at Socket._write (node:net:1037:8)
    at writeOrBuffer (node:internal/streams/writable:570:12)
    at _write (node:internal/streams/writable:499:10)
    at Writable.write (node:internal/streams/writable:508:10)
    at Console.log (/usr/local/google/home/agektmr/Development/webauthndemo/node_modules/firebase-tools/node_modules/winston/lib/winston/transports/console.js:79:23)
    at Console._write (/usr/local/google/home/agektmr/Development/webauthndemo/node_modules/firebase-tools/node_modules/winston-transport/index.js:103:17)
    at doWrite (/usr/local/google/home/agektmr/Development/webauthndemo/node_modules/firebase-tools/node_modules/winston-transport/node_modules/readable-stream/lib/_stream_writable.js:428:64)
[error] 
[error] Error: An unexpected error has occurred.
[debug] [2026-06-04T03:43:53.734Z] Error: write EIO
    at afterWriteDispatched (node:internal/stream_base_commons:159:15)
    at writeGeneric (node:internal/stream_base_commons:150:3)
    at Socket._writeGeneric (node:net:1025:11)
    at Socket._write (node:net:1037:8)
    at writeOrBuffer (node:internal/streams/writable:570:12)
    at _write (node:internal/streams/writable:499:10)
    at Writable.write (node:internal/streams/writable:508:10)
    at Console.log (/usr/local/google/home/agektmr/Development/webauthndemo/node_modules/firebase-tools/node_modules/winston/lib/winston/transports/console.js:79:23)
    at Console._write (/usr/local/google/home/agektmr/Development/webauthndemo/node_modules/firebase-tools/node_modules/winston-transport/index.js:103:17)
    at doWrite (/usr/local/google/home/agektmr/Development/webauthndemo/node_modules/firebase-tools/node_modules/winston-transport/node_modules/readable-stream/lib/_stream_writable.js:428:64)
[error] 
[error] Error: An unexpected error has occurred.
[debug] [2026-06-04T03:43:53.734Z] Error: write EIO
    at afterWriteDispatched (node:internal/stream_base_commons:159:15)
    at writeGeneric (node:internal/stream_base_commons:150:3)
    at Socket._writeGeneric (node:net:1025:11)
    at Socket._write (node:net:1037:8)
    at writeOrBuffer (node:internal/streams/writable:570:12)
    at _write (node:internal/streams/writable:499:10)
    at Writable.write (node:internal/streams/writable:508:10)
    at Console.log (/usr/local/google/home/agektmr/Development/webauthndemo/node_modules/firebase-tools/node_modules/winston/lib/winston/transports/console.js:79:23)
    at Console._write (/usr/local/google/home/agektmr/Development/webauthndemo/node_modules/firebase-tools/node_modules/winston-transport/index.js:103:17)
    at doWrite (/usr/local/google/home/agektmr/Development/webauthndemo/node_modules/firebase-tools/node_modules/winston-transport/node_modules/readable-stream/lib/_stream_writable.js:428:64)
[error] 
[error] Error: An unexpected error has occurred.
[debug] [2026-06-04T03:43:53.734Z] Error: write EIO
    at afterWriteDispatched (node:internal/stream_base_commons:159:15)
    at writeGeneric (node:internal/stream_base_commons:150:3)
    at Socket._writeGeneric (node:net:1025:11)
    at Socket._write (node:net:1037:8)
    at writeOrBuffer (node:internal/streams/writable:570:12)
    at _write (node:internal/streams/writable:499:10)
    at Writable.write (node:internal/streams/writable:508:10)
    at Console.log (/usr/local/google/home/agektmr/Development/webauthndemo/node_modules/firebase-tools/node_modules/winston/lib/winston/transports/console.js:79:23)
    at Console._write (/usr/local/google/home/agektmr/Development/webauthndemo/node_modules/firebase-tools/node_modules/winston-transport/index.js:103:17)
    at doWrite (/usr/local/google/home/agektmr/Development/webauthndemo/node_modules/firebase-tools/node_modules/winston-transport/node_modules/readable-stream/lib/_stream_writable.js:428:64)
[error] 
[error] Error: An unexpected error has occurred.
[debug] [2026-06-04T03:43:53.735Z] Error: write EIO
    at afterWriteDispatched (node:internal/stream_base_commons:159:15)
    at writeGeneric (node:internal/stream_base_commons:150:3)
    at Socket._writeGeneric (node:net:1025:11)
    at Socket._write (node:net:1037:8)
    at writeOrBuffer (node:internal/streams/writable:570:12)
    at _write (node:internal/streams/writable:499:10)
    at Writable.write (node:internal/streams/writable:508:10)
    at Console.log (/usr/local/google/home/agektmr/Development/webauthndemo/node_modules/firebase-tools/node_modules/winston/lib/winston/transports/console.js:79:23)
    at Console._write (/usr/local/google/home/agektmr/Development/webauthndemo/node_modules/firebase-tools/node_modules/winston-transport/index.js:103:17)
    at doWrite (/usr/local/google/home/agektmr/Development/webauthndemo/node_modules/firebase-tools/node_modules/winston-transport/node_modules/readable-stream/lib/_stream_writable.js:428:64)
[error] 
[error] Error: An unexpected error has occurred.
[debug] [2026-06-04T03:43:53.735Z] Error: write EIO
    at afterWriteDispatched (node:internal/stream_base_commons:159:15)
    at writeGeneric (node:internal/stream_base_commons:150:3)
    at Socket._writeGeneric (node:net:1025:11)
    at Socket._write (node:net:1037:8)
    at writeOrBuffer (node:internal/streams/writable:570:12)
    at _write (node:internal/streams/writable:499:10)
    at Writable.write (node:internal/streams/writable:508:10)
    at Console.log (/usr/local/google/home/agektmr/Development/webauthndemo/node_modules/firebase-tools/node_modules/winston/lib/winston/transports/console.js:79:23)
    at Console._write (/usr/local/google/home/agektmr/Development/webauthndemo/node_modules/firebase-tools/node_modules/winston-transport/index.js:103:17)
    at doWrite (/usr/local/google/home/agektmr/Development/webauthndemo/node_modules/firebase-tools/node_modules/winston-transport/node_modules/readable-stream/lib/_stream_writable.js:428:64)
[error] 
[error] Error: An unexpected error has occurred.
[debug] [2026-06-04T03:43:53.735Z] Error: write EIO
    at afterWriteDispatched (node:internal/stream_base_commons:159:15)
    at writeGeneric (node:internal/stream_base_commons:150:3)
    at Socket._writeGeneric (node:net:1025:11)
    at Socket._write (node:net:1037:8)
    at writeOrBuffer (node:internal/streams/writable:570:12)
    at _write (node:internal/streams/writable:499:10)
    at Writable.write (node:internal/streams/writable:508:10)
    at Console.log (/usr/local/google/home/agektmr/Development/webauthndemo/node_modules/firebase-tools/node_modules/winston/lib/winston/transports/console.js:79:23)
    at Console._write (/usr/local/google/home/agektmr/Development/webauthndemo/node_modules/firebase-tools/node_modules/winston-transport/index.js:103:17)
    at doWrite (/usr/local/google/home/agektmr/Development/webauthndemo/node_modules/firebase-tools/node_modules/winston-transport/node_modules/readable-stream/lib/_stream_writable.js:428:64)
[error] 
[error] Error: An unexpected error has occurred.
[debug] [2026-06-04T03:43:53.735Z] Error: write EIO
    at afterWriteDispatched (node:internal/stream_base_commons:159:15)
    at writeGeneric (node:internal/stream_base_commons:150:3)
    at Socket._writeGeneric (node:net:1025:11)
    at Socket._write (node:net:1037:8)
    at writeOrBuffer (node:internal/streams/writable:570:12)
    at _write (node:internal/streams/writable:499:10)
    at Writable.write (node:internal/streams/writable:508:10)
    at Console.log (/usr/local/google/home/agektmr/Development/webauthndemo/node_modules/firebase-tools/node_modules/winston/lib/winston/transports/console.js:79:23)
    at Console._write (/usr/local/google/home/agektmr/Development/webauthndemo/node_modules/firebase-tools/node_modules/winston-transport/index.js:103:17)
    at doWrite (/usr/local/google/home/agektmr/Development/webauthndemo/node_modules/firebase-tools/node_modules/winston-transport/node_modules/readable-stream/lib/_stream_writable.js:428:64)
[error] 
[error] Error: An unexpected error has occurred.
[debug] [2026-06-04T03:43:53.735Z] Error: write EIO
    at afterWriteDispatched (node:internal/stream_base_commons:159:15)
    at writeGeneric (node:internal/stream_base_commons:150:3)
    at Socket._writeGeneric (node:net:1025:11)
    at Socket._write (node:net:1037:8)
    at writeOrBuffer (node:internal/streams/writable:570:12)
    at _write (node:internal/streams/writable:499:10)
    at Writable.write (node:internal/streams/writable:508:10)
    at Console.log (/usr/local/google/home/agektmr/Development/webauthndemo/node_modules/firebase-tools/node_modules/winston/lib/winston/transports/console.js:79:23)
    at Console._write (/usr/local/google/home/agektmr/Development/webauthndemo/node_modules/firebase-tools/node_modules/winston-transport/index.js:103:17)
    at doWrite (/usr/local/google/home/agektmr/Development/webauthndemo/node_modules/firebase-tools/node_modules/winston-transport/node_modules/readable-stream/lib/_stream_writable.js:428:64)
[error] 
[error] Error: An unexpected error has occurred.
[debug] [2026-06-04T03:43:53.736Z] Error: write EIO
    at afterWriteDispatched (node:internal/stream_base_commons:159:15)
    at writeGeneric (node:internal/stream_base_commons:150:3)
    at Socket._writeGeneric (node:net:1025:11)
    at Socket._write (node:net:1037:8)
    at writeOrBuffer (node:internal/streams/writable:570:12)
    at _write (node:internal/streams/writable:499:10)
    at Writable.write (node:internal/streams/writable:508:10)
    at Console.log (/usr/local/google/home/agektmr/Development/webauthndemo/node_modules/firebase-tools/node_modules/winston/lib/winston/transports/console.js:79:23)
    at Console._write (/usr/local/google/home/agektmr/Development/webauthndemo/node_modules/firebase-tools/node_modules/winston-transport/index.js:103:17)
    at doWrite (/usr/local/google/home/agektmr/Development/webauthndemo/node_modules/firebase-tools/node_modules/winston-transport/node_modules/readable-stream/lib/_stream_writable.js:428:64)
[error] 
[error] Error: An unexpected error has occurred.
[debug] [2026-06-04T03:43:53.736Z] Error: write EIO
    at afterWriteDispatched (node:internal/stream_base_commons:159:15)
    at writeGeneric (node:internal/stream_base_commons:150:3)
    at Socket._writeGeneric (node:net:1025:11)
    at Socket._write (node:net:1037:8)
    at writeOrBuffer (node:internal/streams/writable:570:12)
    at _write (node:internal/streams/writable:499:10)
    at Writable.write (node:internal/streams/writable:508:10)
    at Console.log (/usr/local/google/home/agektmr/Development/webauthndemo/node_modules/firebase-tools/node_modules/winston/lib/winston/transports/console.js:79:23)
    at Console._write (/usr/local/google/home/agektmr/Development/webauthndemo/node_modules/firebase-tools/node_modules/winston-transport/index.js:103:17)
    at doWrite (/usr/local/google/home/agektmr/Development/webauthndemo/node_modules/firebase-tools/node_modules/winston-transport/node_modules/readable-stream/lib/_stream_writable.js:428:64)
[error] 
[error] Error: An unexpected error has occurred.
[debug] [2026-06-04T03:43:53.737Z] Error: write EIO
    at afterWriteDispatched (node:internal/stream_base_commons:159:15)
    at writeGeneric (node:internal/stream_base_commons:150:3)
    at Socket._writeGeneric (node:net:1025:11)
    at Socket._write (node:net:1037:8)
    at writeOrBuffer (node:internal/streams/writable:570:12)
    at _write (node:internal/streams/writable:499:10)
    at Writable.write (node:internal/streams/writable:508:10)
    at Console.log (/usr/local/google/home/agektmr/Development/webauthndemo/node_modules/firebase-tools/node_modules/winston/lib/winston/transports/console.js:79:23)
    at Console._write (/usr/local/google/home/agektmr/Development/webauthndemo/node_modules/firebase-tools/node_modules/winston-transport/index.js:103:17)
    at doWrite (/usr/local/google/home/agektmr/Development/webauthndemo/node_modules/firebase-tools/node_modules/winston-transport/node_modules/readable-stream/lib/_stream_writable.js:428:64)
[error] 
[error] Error: An unexpected error has occurred.
[debug] [2026-06-04T03:43:53.737Z] Error: write EIO
    at afterWriteDispatched (node:internal/stream_base_commons:159:15)
    at writeGeneric (node:internal/stream_base_commons:150:3)
    at Socket._writeGeneric (node:net:1025:11)
    at Socket._write (node:net:1037:8)
    at writeOrBuffer (node:internal/streams/writable:570:12)
    at _write (node:internal/streams/writable:499:10)
    at Writable.write (node:internal/streams/writable:508:10)
    at Console.log (/usr/local/google/home/agektmr/Development/webauthndemo/node_modules/firebase-tools/node_modules/winston/lib/winston/transports/console.js:79:23)
    at Console._write (/usr/local/google/home/agektmr/Development/webauthndemo/node_modules/firebase-tools/node_modules/winston-transport/index.js:103:17)
    at doWrite (/usr/local/google/home/agektmr/Development/webauthndemo/node_modules/firebase-tools/node_modules/winston-transport/node_modules/readable-stream/lib/_stream_writable.js:428:64)
[error] 
[error] Error: An unexpected error has occurred.
[debug] [2026-06-04T03:43:53.737Z] Error: write EIO
    at afterWriteDispatched (node:internal/stream_base_commons:159:15)
    at writeGeneric (node:internal/stream_base_commons:150:3)
    at Socket._writeGeneric (node:net:1025:11)
    at Socket._write (node:net:1037:8)
    at writeOrBuffer (node:internal/streams/writable:570:12)
    at _write (node:internal/streams/writable:499:10)
    at Writable.write (node:internal/streams/writable:508:10)
    at Console.log (/usr/local/google/home/agektmr/Development/webauthndemo/node_modules/firebase-tools/node_modules/winston/lib/winston/transports/console.js:79:23)
    at Console._write (/usr/local/google/home/agektmr/Development/webauthndemo/node_modules/firebase-tools/node_modules/winston-transport/index.js:103:17)
    at doWrite (/usr/local/google/home/agektmr/Development/webauthndemo/node_modules/firebase-tools/node_modules/winston-transport/node_modules/readable-stream/lib/_stream_writable.js:428:64)
[error] 
[error] Error: An unexpected error has occurred.
[debug] [2026-06-04T03:43:53.738Z] Error: write EIO
    at afterWriteDispatched (node:internal/stream_base_commons:159:15)
    at writeGeneric (node:internal/stream_base_commons:150:3)
    at Socket._writeGeneric (node:net:1025:11)
    at Socket._write (node:net:1037:8)
    at writeOrBuffer (node:internal/streams/writable:570:12)
    at _write (node:internal/streams/writable:499:10)
    at Writable.write (node:internal/streams/writable:508:10)
    at Console.log (/usr/local/google/home/agektmr/Development/webauthndemo/node_modules/firebase-tools/node_modules/winston/lib/winston/transports/console.js:79:23)
    at Console._write (/usr/local/google/home/agektmr/Development/webauthndemo/node_modules/firebase-tools/node_modules/winston-transport/index.js:103:17)
    at doWrite (/usr/local/google/home/agektmr/Development/webauthndemo/node_modules/firebase-tools/node_modules/winston-transport/node_modules/readable-stream/lib/_stream_writable.js:428:64)
[error] 
[error] Error: An unexpected error has occurred.
[debug] [2026-06-04T03:43:53.738Z] Error: write EIO
    at afterWriteDispatched (node:internal/stream_base_commons:159:15)
    at writeGeneric (node:internal/stream_base_commons:150:3)
    at Socket._writeGeneric (node:net:1025:11)
    at Socket._write (node:net:1037:8)
    at writeOrBuffer (node:internal/streams/writable:570:12)
    at _write (node:internal/streams/writable:499:10)
    at Writable.write (node:internal/streams/writable:508:10)
    at Console.log (/usr/local/google/home/agektmr/Development/webauthndemo/node_modules/firebase-tools/node_modules/winston/lib/winston/transports/console.js:79:23)
    at Console._write (/usr/local/google/home/agektmr/Development/webauthndemo/node_modules/firebase-tools/node_modules/winston-transport/index.js:103:17)
    at doWrite (/usr/local/google/home/agektmr/Development/webauthndemo/node_modules/firebase-tools/node_modules/winston-transport/node_modules/readable-stream/lib/_stream_writable.js:428:64)
[error] 
[error] Error: An unexpected error has occurred.
[debug] [2026-06-04T03:43:53.738Z] Error: write EIO
    at afterWriteDispatched (node:internal/stream_base_commons:159:15)
    at writeGeneric (node:internal/stream_base_commons:150:3)
    at Socket._writeGeneric (node:net:1025:11)
    at Socket._write (node:net:1037:8)
    at writeOrBuffer (node:internal/streams/writable:570:12)
    at _write (node:internal/streams/writable:499:10)
    at Writable.write (node:internal/streams/writable:508:10)
    at Console.log (/usr/local/google/home/agektmr/Development/webauthndemo/node_modules/firebase-tools/node_modules/winston/lib/winston/transports/console.js:79:23)
    at Console._write (/usr/local/google/home/agektmr/Development/webauthndemo/node_modules/firebase-tools/node_modules/winston-transport/index.js:103:17)
    at doWrite (/usr/local/google/home/agektmr/Development/webauthndemo/node_modules/firebase-tools/node_modules/winston-transport/node_modules/readable-stream/lib/_stream_writable.js:428:64)
[error] 
[error] Error: An unexpected error has occurred.
[debug] [2026-06-04T03:43:53.739Z] Error: write EIO
    at afterWriteDispatched (node:internal/stream_base_commons:159:15)
    at writeGeneric (node:internal/stream_base_commons:150:3)
    at Socket._writeGeneric (node:net:1025:11)
    at Socket._write (node:net:1037:8)
    at writeOrBuffer (node:internal/streams/writable:570:12)
    at _write (node:internal/streams/writable:499:10)
    at Writable.write (node:internal/streams/writable:508:10)
    at Console.log (/usr/local/google/home/agektmr/Development/webauthndemo/node_modules/firebase-tools/node_modules/winston/lib/winston/transports/console.js:79:23)
    at Console._write (/usr/local/google/home/agektmr/Development/webauthndemo/node_modules/firebase-tools/node_modules/winston-transport/index.js:103:17)
    at doWrite (/usr/local/google/home/agektmr/Development/webauthndemo/node_modules/firebase-tools/node_modules/winston-transport/node_modules/readable-stream/lib/_stream_writable.js:428:64)
[error] 
[error] Error: An unexpected error has occurred.
[debug] [2026-06-04T03:43:53.739Z] Error: write EIO
    at afterWriteDispatched (node:internal/stream_base_commons:159:15)
    at writeGeneric (node:internal/stream_base_commons:150:3)
    at Socket._writeGeneric (node:net:1025:11)
    at Socket._write (node:net:1037:8)
    at writeOrBuffer (node:internal/streams/writable:570:12)
    at _write (node:internal/streams/writable:499:10)
    at Writable.write (node:internal/streams/writable:508:10)
    at Console.log (/usr/local/google/home/agektmr/Development/webauthndemo/node_modules/firebase-tools/node_modules/winston/lib/winston/transports/console.js:79:23)
    at Console._write (/usr/local/google/home/agektmr/Development/webauthndemo/node_modules/firebase-tools/node_modules/winston-transport/index.js:103:17)
    at doWrite (/usr/local/google/home/agektmr/Development/webauthndemo/node_modules/firebase-tools/node_modules/winston-transport/node_modules/readable-stream/lib/_stream_writable.js:428:64)
[error] 
[error] Error: An unexpected error has occurred.
[debug] [2026-06-04T03:43:53.739Z] Error: write EIO
    at afterWriteDispatched (node:internal/stream_base_commons:159:15)
    at writeGeneric (node:internal/stream_base_commons:150:3)
    at Socket._writeGeneric (node:net:1025:11)
    at Socket._write (node:net:1037:8)
    at writeOrBuffer (node:internal/streams/writable:570:12)
    at _write (node:internal/streams/writable:499:10)
    at Writable.write (node:internal/streams/writable:508:10)
    at Console.log (/usr/local/google/home/agektmr/Development/webauthndemo/node_modules/firebase-tools/node_modules/winston/lib/winston/transports/console.js:79:23)
    at Console._write (/usr/local/google/home/agektmr/Development/webauthndemo/node_modules/firebase-tools/node_modules/winston-transport/index.js:103:17)
    at doWrite (/usr/local/google/home/agektmr/Development/webauthndemo/node_modules/firebase-tools/node_modules/winston-transport/node_modules/readable-stream/lib/_stream_writable.js:428:64)
[error] 
[error] Error: An unexpected error has occurred.
[debug] [2026-06-04T03:43:53.739Z] Error: write EIO
    at afterWriteDispatched (node:internal/stream_base_commons:159:15)
    at writeGeneric (node:internal/stream_base_commons:150:3)
    at Socket._writeGeneric (node:net:1025:11)
    at Socket._write (node:net:1037:8)
    at writeOrBuffer (node:internal/streams/writable:570:12)
    at _write (node:internal/streams/writable:499:10)
    at Writable.write (node:internal/streams/writable:508:10)
    at Console.log (/usr/local/google/home/agektmr/Development/webauthndemo/node_modules/firebase-tools/node_modules/winston/lib/winston/transports/console.js:79:23)
    at Console._write (/usr/local/google/home/agektmr/Development/webauthndemo/node_modules/firebase-tools/node_modules/winston-transport/index.js:103:17)
    at doWrite (/usr/local/google/home/agektmr/Development/webauthndemo/node_modules/firebase-tools/node_modules/winston-transport/node_modules/readable-stream/lib/_stream_writable.js:428:64)
[error] 
[error] Error: An unexpected error has occurred.
[debug] [2026-06-04T03:43:53.740Z] Error: write EIO
    at afterWriteDispatched (node:internal/stream_base_commons:159:15)
    at writeGeneric (node:internal/stream_base_commons:150:3)
    at Socket._writeGeneric (node:net:1025:11)
    at Socket._write (node:net:1037:8)
    at writeOrBuffer (node:internal/streams/writable:570:12)
    at _write (node:internal/streams/writable:499:10)
    at Writable.write (node:internal/streams/writable:508:10)
    at Console.log (/usr/local/google/home/agektmr/Development/webauthndemo/node_modules/firebase-tools/node_modules/winston/lib/winston/transports/console.js:79:23)
    at Console._write (/usr/local/google/home/agektmr/Development/webauthndemo/node_modules/firebase-tools/node_modules/winston-transport/index.js:103:17)
    at doWrite (/usr/local/google/home/agektmr/Development/webauthndemo/node_modules/firebase-tools/node_modules/winston-transport/node_modules/readable-stream/lib/_stream_writable.js:428:64)
[error] 
[error] Error: An unexpected error has occurred.
[debug] [2026-06-04T03:43:53.740Z] Error: write EIO
    at afterWriteDispatched (node:internal/stream_base_commons:159:15)
    at writeGeneric (node:internal/stream_base_commons:150:3)
    at Socket._writeGeneric (node:net:1025:11)
    at Socket._write (node:net:1037:8)
    at writeOrBuffer (node:internal/streams/writable:570:12)
    at _write (node:internal/streams/writable:499:10)
    at Writable.write (node:internal/streams/writable:508:10)
    at Console.log (/usr/local/google/home/agektmr/Development/webauthndemo/node_modules/firebase-tools/node_modules/winston/lib/winston/transports/console.js:79:23)
    at Console._write (/usr/local/google/home/agektmr/Development/webauthndemo/node_modules/firebase-tools/node_modules/winston-transport/index.js:103:17)
    at doWrite (/usr/local/google/home/agektmr/Development/webauthndemo/node_modules/firebase-tools/node_modules/winston-transport/node_modules/readable-stream/lib/_stream_writable.js:428:64)
[error] 
[error] Error: An unexpected error has occurred.
[debug] [2026-06-04T03:43:53.740Z] Error: write EIO
    at afterWriteDispatched (node:internal/stream_base_commons:159:15)
    at writeGeneric (node:internal/stream_base_commons:150:3)
    at Socket._writeGeneric (node:net:1025:11)
    at Socket._write (node:net:1037:8)
    at writeOrBuffer (node:internal/streams/writable:570:12)
    at _write (node:internal/streams/writable:499:10)
    at Writable.write (node:internal/streams/writable:508:10)
    at Console.log (/usr/local/google/home/agektmr/Development/webauthndemo/node_modules/firebase-tools/node_modules/winston/lib/winston/transports/console.js:79:23)
    at Console._write (/usr/local/google/home/agektmr/Development/webauthndemo/node_modules/firebase-tools/node_modules/winston-transport/index.js:103:17)
    at doWrite (/usr/local/google/home/agektmr/Development/webauthndemo/node_modules/firebase-tools/node_modules/winston-transport/node_modules/readable-stream/lib/_stream_writable.js:428:64)
[error] 
[error] Error: An unexpected error has occurred.
[debug] [2026-06-04T03:43:53.740Z] Error: write EIO
    at afterWriteDispatched (node:internal/stream_base_commons:159:15)
    at writeGeneric (node:internal/stream_base_commons:150:3)
    at Socket._writeGeneric (node:net:1025:11)
    at Socket._write (node:net:1037:8)
    at writeOrBuffer (node:internal/streams/writable:570:12)
    at _write (node:internal/streams/writable:499:10)
    at Writable.write (node:internal/streams/writable:508:10)
    at Console.log (/usr/local/google/home/agektmr/Development/webauthndemo/node_modules/firebase-tools/node_modules/winston/lib/winston/transports/console.js:79:23)
    at Console._write (/usr/local/google/home/agektmr/Development/webauthndemo/node_modules/firebase-tools/node_modules/winston-transport/index.js:103:17)
    at doWrite (/usr/local/google/home/agektmr/Development/webauthndemo/node_modules/firebase-tools/node_modules/winston-transport/node_modules/readable-stream/lib/_stream_writable.js:428:64)
[error] 
[error] Error: An unexpected error has occurred.
[debug] [2026-06-04T03:43:53.741Z] Error: write EIO
    at afterWriteDispatched (node:internal/stream_base_commons:159:15)
    at writeGeneric (node:internal/stream_base_commons:150:3)
    at Socket._writeGeneric (node:net:1025:11)
    at Socket._write (node:net:1037:8)
    at writeOrBuffer (node:internal/streams/writable:570:12)
    at _write (node:internal/streams/writable:499:10)
    at Writable.write (node:internal/streams/writable:508:10)
    at Console.log (/usr/local/google/home/agektmr/Development/webauthndemo/node_modules/firebase-tools/node_modules/winston/lib/winston/transports/console.js:79:23)
    at Console._write (/usr/local/google/home/agektmr/Development/webauthndemo/node_modules/firebase-tools/node_modules/winston-transport/index.js:103:17)
    at doWrite (/usr/local/google/home/agektmr/Development/webauthndemo/node_modules/firebase-tools/node_modules/winston-transport/node_modules/readable-stream/lib/_stream_writable.js:428:64)
[error] 
[error] Error: An unexpected error has occurred.
[debug] [2026-06-04T03:43:53.741Z] Error: write EIO
    at afterWriteDispatched (node:internal/stream_base_commons:159:15)
    at writeGeneric (node:internal/stream_base_commons:150:3)
    at Socket._writeGeneric (node:net:1025:11)
    at Socket._write (node:net:1037:8)
    at writeOrBuffer (node:internal/streams/writable:570:12)
    at _write (node:internal/streams/writable:499:10)
    at Writable.write (node:internal/streams/writable:508:10)
    at Console.log (/usr/local/google/home/agektmr/Development/webauthndemo/node_modules/firebase-tools/node_modules/winston/lib/winston/transports/console.js:79:23)
    at Console._write (/usr/local/google/home/agektmr/Development/webauthndemo/node_modules/firebase-tools/node_modules/winston-transport/index.js:103:17)
    at doWrite (/usr/local/google/home/agektmr/Development/webauthndemo/node_modules/firebase-tools/node_modules/winston-transport/node_modules/readable-stream/lib/_stream_writable.js:428:64)
[error] 
[error] Error: An unexpected error has occurred.
[debug] [2026-06-04T03:43:53.741Z] Error: write EIO
    at afterWriteDispatched (node:internal/stream_base_commons:159:15)
    at writeGeneric (node:internal/stream_base_commons:150:3)
    at Socket._writeGeneric (node:net:1025:11)
    at Socket._write (node:net:1037:8)
    at writeOrBuffer (node:internal/streams/writable:570:12)
    at _write (node:internal/streams/writable:499:10)
    at Writable.write (node:internal/streams/writable:508:10)
    at Console.log (/usr/local/google/home/agektmr/Development/webauthndemo/node_modules/firebase-tools/node_modules/winston/lib/winston/transports/console.js:79:23)
    at Console._write (/usr/local/google/home/agektmr/Development/webauthndemo/node_modules/firebase-tools/node_modules/winston-transport/index.js:103:17)
    at doWrite (/usr/local/google/home/agektmr/Development/webauthndemo/node_modules/firebase-tools/node_modules/winston-transport/node_modules/readable-stream/lib/_stream_writable.js:428:64)
[error] 
[error] Error: An unexpected error has occurred.
[debug] [2026-06-04T03:43:53.742Z] Error: write EIO
    at afterWriteDispatched (node:internal/stream_base_commons:159:15)
    at writeGeneric (node:internal/stream_base_commons:150:3)
    at Socket._writeGeneric (node:net:1025:11)
    at Socket._write (node:net:1037:8)
    at writeOrBuffer (node:internal/streams/writable:570:12)
    at _write (node:internal/streams/writable:499:10)
    at Writable.write (node:internal/streams/writable:508:10)
    at Console.log (/usr/local/google/home/agektmr/Development/webauthndemo/node_modules/firebase-tools/node_modules/winston/lib/winston/transports/console.js:79:23)
    at Console._write (/usr/local/google/home/agektmr/Development/webauthndemo/node_modules/firebase-tools/node_modules/winston-transport/index.js:103:17)
    at doWrite (/usr/local/google/home/agektmr/Development/webauthndemo/node_modules/firebase-tools/node_modules/winston-transport/node_modules/readable-stream/lib/_stream_writable.js:428:64)
[error] 
[error] Error: An unexpected error has occurred.
[debug] [2026-06-04T03:43:53.742Z] Error: write EIO
    at afterWriteDispatched (node:internal/stream_base_commons:159:15)
    at writeGeneric (node:internal/stream_base_commons:150:3)
    at Socket._writeGeneric (node:net:1025:11)
    at Socket._write (node:net:1037:8)
    at writeOrBuffer (node:internal/streams/writable:570:12)
    at _write (node:internal/streams/writable:499:10)
    at Writable.write (node:internal/streams/writable:508:10)
    at Console.log (/usr/local/google/home/agektmr/Development/webauthndemo/node_modules/firebase-tools/node_modules/winston/lib/winston/transports/console.js:79:23)
    at Console._write (/usr/local/google/home/agektmr/Development/webauthndemo/node_modules/firebase-tools/node_modules/winston-transport/index.js:103:17)
    at doWrite (/usr/local/google/home/agektmr/Development/webauthndemo/node_modules/firebase-tools/node_modules/winston-transport/node_modules/readable-stream/lib/_stream_writable.js:428:64)
[error] 
[error] Error: An unexpected error has occurred.
[debug] [2026-06-04T03:43:53.742Z] Error: write EIO
    at afterWriteDispatched (node:internal/stream_base_commons:159:15)
    at writeGeneric (node:internal/stream_base_commons:150:3)
    at Socket._writeGeneric (node:net:1025:11)
    at Socket._write (node:net:1037:8)
    at writeOrBuffer (node:internal/streams/writable:570:12)
    at _write (node:internal/streams/writable:499:10)
    at Writable.write (node:internal/streams/writable:508:10)
    at Console.log (/usr/local/google/home/agektmr/Development/webauthndemo/node_modules/firebase-tools/node_modules/winston/lib/winston/transports/console.js:79:23)
    at Console._write (/usr/local/google/home/agektmr/Development/webauthndemo/node_modules/firebase-tools/node_modules/winston-transport/index.js:103:17)
    at doWrite (/usr/local/google/home/agektmr/Development/webauthndemo/node_modules/firebase-tools/node_modules/winston-transport/node_modules/readable-stream/lib/_stream_writable.js:428:64)
[error] 
[error] Error: An unexpected error has occurred.
[debug] [2026-06-04T03:43:53.742Z] Error: write EIO
    at afterWriteDispatched (node:internal/stream_base_commons:159:15)
    at writeGeneric (node:internal/stream_base_commons:150:3)
    at Socket._writeGeneric (node:net:1025:11)
    at Socket._write (node:net:1037:8)
    at writeOrBuffer (node:internal/streams/writable:570:12)
    at _write (node:internal/streams/writable:499:10)
    at Writable.write (node:internal/streams/writable:508:10)
    at Console.log (/usr/local/google/home/agektmr/Development/webauthndemo/node_modules/firebase-tools/node_modules/winston/lib/winston/transports/console.js:79:23)
    at Console._write (/usr/local/google/home/agektmr/Development/webauthndemo/node_modules/firebase-tools/node_modules/winston-transport/index.js:103:17)
    at doWrite (/usr/local/google/home/agektmr/Development/webauthndemo/node_modules/firebase-tools/node_modules/winston-transport/node_modules/readable-stream/lib/_stream_writable.js:428:64)
[error] 
[error] Error: An unexpected error has occurred.
[debug] [2026-06-04T03:43:53.743Z] Error: write EIO
    at afterWriteDispatched (node:internal/stream_base_commons:159:15)
    at writeGeneric (node:internal/stream_base_commons:150:3)
    at Socket._writeGeneric (node:net:1025:11)
    at Socket._write (node:net:1037:8)
    at writeOrBuffer (node:internal/streams/writable:570:12)
    at _write (node:internal/streams/writable:499:10)
    at Writable.write (node:internal/streams/writable:508:10)
    at Console.log (/usr/local/google/home/agektmr/Development/webauthndemo/node_modules/firebase-tools/node_modules/winston/lib/winston/transports/console.js:79:23)
    at Console._write (/usr/local/google/home/agektmr/Development/webauthndemo/node_modules/firebase-tools/node_modules/winston-transport/index.js:103:17)
    at doWrite (/usr/local/google/home/agektmr/Development/webauthndemo/node_modules/firebase-tools/node_modules/winston-transport/node_modules/readable-stream/lib/_stream_writable.js:428:64)
[error] 
[error] Error: An unexpected error has occurred.
[debug] [2026-06-04T03:43:53.743Z] Error: write EIO
    at afterWriteDispatched (node:internal/stream_base_commons:159:15)
    at writeGeneric (node:internal/stream_base_commons:150:3)
    at Socket._writeGeneric (node:net:1025:11)
    at Socket._write (node:net:1037:8)
    at writeOrBuffer (node:internal/streams/writable:570:12)
    at _write (node:internal/streams/writable:499:10)
    at Writable.write (node:internal/streams/writable:508:10)
    at Console.log (/usr/local/google/home/agektmr/Development/webauthndemo/node_modules/firebase-tools/node_modules/winston/lib/winston/transports/console.js:79:23)
    at Console._write (/usr/local/google/home/agektmr/Development/webauthndemo/node_modules/firebase-tools/node_modules/winston-transport/index.js:103:17)
    at doWrite (/usr/local/google/home/agektmr/Development/webauthndemo/node_modules/firebase-tools/node_modules/winston-transport/node_modules/readable-stream/lib/_stream_writable.js:428:64)
[error] 
[error] Error: An unexpected error has occurred.
[debug] [2026-06-04T03:43:53.743Z] Error: write EIO
    at afterWriteDispatched (node:internal/stream_base_commons:159:15)
    at writeGeneric (node:internal/stream_base_commons:150:3)
    at Socket._writeGeneric (node:net:1025:11)
    at Socket._write (node:net:1037:8)
    at writeOrBuffer (node:internal/streams/writable:570:12)
    at _write (node:internal/streams/writable:499:10)
    at Writable.write (node:internal/streams/writable:508:10)
    at Console.log (/usr/local/google/home/agektmr/Development/webauthndemo/node_modules/firebase-tools/node_modules/winston/lib/winston/transports/console.js:79:23)
    at Console._write (/usr/local/google/home/agektmr/Development/webauthndemo/node_modules/firebase-tools/node_modules/winston-transport/index.js:103:17)
    at doWrite (/usr/local/google/home/agektmr/Development/webauthndemo/node_modules/firebase-tools/node_modules/winston-transport/node_modules/readable-stream/lib/_stream_writable.js:428:64)
[error] 
[error] Error: An unexpected error has occurred.
[debug] [2026-06-04T03:43:53.743Z] Error: write EIO
    at afterWriteDispatched (node:internal/stream_base_commons:159:15)
    at writeGeneric (node:internal/stream_base_commons:150:3)
    at Socket._writeGeneric (node:net:1025:11)
    at Socket._write (node:net:1037:8)
    at writeOrBuffer (node:internal/streams/writable:570:12)
    at _write (node:internal/streams/writable:499:10)
    at Writable.write (node:internal/streams/writable:508:10)
    at Console.log (/usr/local/google/home/agektmr/Development/webauthndemo/node_modules/firebase-tools/node_modules/winston/lib/winston/transports/console.js:79:23)
    at Console._write (/usr/local/google/home/agektmr/Development/webauthndemo/node_modules/firebase-tools/node_modules/winston-transport/index.js:103:17)
    at doWrite (/usr/local/google/home/agektmr/Development/webauthndemo/node_modules/firebase-tools/node_modules/winston-transport/node_modules/readable-stream/lib/_stream_writable.js:428:64)
[error] 
[error] Error: An unexpected error has occurred.
[debug] [2026-06-04T03:43:53.743Z] Error: write EIO
    at afterWriteDispatched (node:internal/stream_base_commons:159:15)
    at writeGeneric (node:internal/stream_base_commons:150:3)
    at Socket._writeGeneric (node:net:1025:11)
    at Socket._write (node:net:1037:8)
    at writeOrBuffer (node:internal/streams/writable:570:12)
    at _write (node:internal/streams/writable:499:10)
    at Writable.write (node:internal/streams/writable:508:10)
    at Console.log (/usr/local/google/home/agektmr/Development/webauthndemo/node_modules/firebase-tools/node_modules/winston/lib/winston/transports/console.js:79:23)
    at Console._write (/usr/local/google/home/agektmr/Development/webauthndemo/node_modules/firebase-tools/node_modules/winston-transport/index.js:103:17)
    at doWrite (/usr/local/google/home/agektmr/Development/webauthndemo/node_modules/firebase-tools/node_modules/winston-transport/node_modules/readable-stream/lib/_stream_writable.js:428:64)
[error] 
[error] Error: An unexpected error has occurred.
[debug] [2026-06-04T03:43:53.744Z] Error: write EIO
    at afterWriteDispatched (node:internal/stream_base_commons:159:15)
    at writeGeneric (node:internal/stream_base_commons:150:3)
    at Socket._writeGeneric (node:net:1025:11)
    at Socket._write (node:net:1037:8)
    at writeOrBuffer (node:internal/streams/writable:570:12)
    at _write (node:internal/streams/writable:499:10)
    at Writable.write (node:internal/streams/writable:508:10)
    at Console.log (/usr/local/google/home/agektmr/Development/webauthndemo/node_modules/firebase-tools/node_modules/winston/lib/winston/transports/console.js:79:23)
    at Console._write (/usr/local/google/home/agektmr/Development/webauthndemo/node_modules/firebase-tools/node_modules/winston-transport/index.js:103:17)
    at doWrite (/usr/local/google/home/agektmr/Development/webauthndemo/node_modules/firebase-tools/node_modules/winston-transport/node_modules/readable-stream/lib/_stream_writable.js:428:64)
[error] 
[error] Error: An unexpected error has occurred.
[debug] [2026-06-04T03:43:53.744Z] Error: write EIO
    at afterWriteDispatched (node:internal/stream_base_commons:159:15)
    at writeGeneric (node:internal/stream_base_commons:150:3)
    at Socket._writeGeneric (node:net:1025:11)
    at Socket._write (node:net:1037:8)
    at writeOrBuffer (node:internal/streams/writable:570:12)
    at _write (node:internal/streams/writable:499:10)
    at Writable.write (node:internal/streams/writable:508:10)
    at Console.log (/usr/local/google/home/agektmr/Development/webauthndemo/node_modules/firebase-tools/node_modules/winston/lib/winston/transports/console.js:79:23)
    at Console._write (/usr/local/google/home/agektmr/Development/webauthndemo/node_modules/firebase-tools/node_modules/winston-transport/index.js:103:17)
    at doWrite (/usr/local/google/home/agektmr/Development/webauthndemo/node_modules/firebase-tools/node_modules/winston-transport/node_modules/readable-stream/lib/_stream_writable.js:428:64)
[error] 
[error] Error: An unexpected error has occurred.
[debug] [2026-06-04T03:43:53.744Z] Error: write EIO
    at afterWriteDispatched (node:internal/stream_base_commons:159:15)
    at writeGeneric (node:internal/stream_base_commons:150:3)
    at Socket._writeGeneric (node:net:1025:11)
    at Socket._write (node:net:1037:8)
    at writeOrBuffer (node:internal/streams/writable:570:12)
    at _write (node:internal/streams/writable:499:10)
    at Writable.write (node:internal/streams/writable:508:10)
    at Console.log (/usr/local/google/home/agektmr/Development/webauthndemo/node_modules/firebase-tools/node_modules/winston/lib/winston/transports/console.js:79:23)
    at Console._write (/usr/local/google/home/agektmr/Development/webauthndemo/node_modules/firebase-tools/node_modules/winston-transport/index.js:103:17)
    at doWrite (/usr/local/google/home/agektmr/Development/webauthndemo/node_modules/firebase-tools/node_modules/winston-transport/node_modules/readable-stream/lib/_stream_writable.js:428:64)
[error] 
[error] Error: An unexpected error has occurred.
[debug] [2026-06-04T03:43:53.744Z] Error: write EIO
    at afterWriteDispatched (node:internal/stream_base_commons:159:15)
    at writeGeneric (node:internal/stream_base_commons:150:3)
    at Socket._writeGeneric (node:net:1025:11)
    at Socket._write (node:net:1037:8)
    at writeOrBuffer (node:internal/streams/writable:570:12)
    at _write (node:internal/streams/writable:499:10)
    at Writable.write (node:internal/streams/writable:508:10)
    at Console.log (/usr/local/google/home/agektmr/Development/webauthndemo/node_modules/firebase-tools/node_modules/winston/lib/winston/transports/console.js:79:23)
    at Console._write (/usr/local/google/home/agektmr/Development/webauthndemo/node_modules/firebase-tools/node_modules/winston-transport/index.js:103:17)
    at doWrite (/usr/local/google/home/agektmr/Development/webauthndemo/node_modules/firebase-tools/node_modules/winston-transport/node_modules/readable-stream/lib/_stream_writable.js:428:64)
[error] 
[error] Error: An unexpected error has occurred.
[debug] [2026-06-04T03:43:53.745Z] Error: write EIO
    at afterWriteDispatched (node:internal/stream_base_commons:159:15)
    at writeGeneric (node:internal/stream_base_commons:150:3)
    at Socket._writeGeneric (node:net:1025:11)
    at Socket._write (node:net:1037:8)
    at writeOrBuffer (node:internal/streams/writable:570:12)
    at _write (node:internal/streams/writable:499:10)
    at Writable.write (node:internal/streams/writable:508:10)
    at Console.log (/usr/local/google/home/agektmr/Development/webauthndemo/node_modules/firebase-tools/node_modules/winston/lib/winston/transports/console.js:79:23)
    at Console._write (/usr/local/google/home/agektmr/Development/webauthndemo/node_modules/firebase-tools/node_modules/winston-transport/index.js:103:17)
    at doWrite (/usr/local/google/home/agektmr/Development/webauthndemo/node_modules/firebase-tools/node_modules/winston-transport/node_modules/readable-stream/lib/_stream_writable.js:428:64)
[error] 
[error] Error: An unexpected error has occurred.
[debug] [2026-06-04T03:43:53.745Z] Error: write EIO
    at afterWriteDispatched (node:internal/stream_base_commons:159:15)
    at writeGeneric (node:internal/stream_base_commons:150:3)
    at Socket._writeGeneric (node:net:1025:11)
    at Socket._write (node:net:1037:8)
    at writeOrBuffer (node:internal/streams/writable:570:12)
    at _write (node:internal/streams/writable:499:10)
    at Writable.write (node:internal/streams/writable:508:10)
    at Console.log (/usr/local/google/home/agektmr/Development/webauthndemo/node_modules/firebase-tools/node_modules/winston/lib/winston/transports/console.js:79:23)
    at Console._write (/usr/local/google/home/agektmr/Development/webauthndemo/node_modules/firebase-tools/node_modules/winston-transport/index.js:103:17)
    at doWrite (/usr/local/google/home/agektmr/Development/webauthndemo/node_modules/firebase-tools/node_modules/winston-transport/node_modules/readable-stream/lib/_stream_writable.js:428:64)
[error] 
[error] Error: An unexpected error has occurred.
[debug] [2026-06-04T03:43:53.745Z] Error: write EIO
    at afterWriteDispatched (node:internal/stream_base_commons:159:15)
    at writeGeneric (node:internal/stream_base_commons:150:3)
    at Socket._writeGeneric (node:net:1025:11)
    at Socket._write (node:net:1037:8)
    at writeOrBuffer (node:internal/streams/writable:570:12)
    at _write (node:internal/streams/writable:499:10)
    at Writable.write (node:internal/streams/writable:508:10)
    at Console.log (/usr/local/google/home/agektmr/Development/webauthndemo/node_modules/firebase-tools/node_modules/winston/lib/winston/transports/console.js:79:23)
    at Console._write (/usr/local/google/home/agektmr/Development/webauthndemo/node_modules/firebase-tools/node_modules/winston-transport/index.js:103:17)
    at doWrite (/usr/local/google/home/agektmr/Development/webauthndemo/node_modules/firebase-tools/node_modules/winston-transport/node_modules/readable-stream/lib/_stream_writable.js:428:64)
[error] 
[error] Error: An unexpected error has occurred.
[debug] [2026-06-04T03:43:53.745Z] Error: write EIO
    at afterWriteDispatched (node:internal/stream_base_commons:159:15)
    at writeGeneric (node:internal/stream_base_commons:150:3)
    at Socket._writeGeneric (node:net:1025:11)
    at Socket._write (node:net:1037:8)
    at writeOrBuffer (node:internal/streams/writable:570:12)
    at _write (node:internal/streams/writable:499:10)
    at Writable.write (node:internal/streams/writable:508:10)
    at Console.log (/usr/local/google/home/agektmr/Development/webauthndemo/node_modules/firebase-tools/node_modules/winston/lib/winston/transports/console.js:79:23)
    at Console._write (/usr/local/google/home/agektmr/Development/webauthndemo/node_modules/firebase-tools/node_modules/winston-transport/index.js:103:17)
    at doWrite (/usr/local/google/home/agektmr/Development/webauthndemo/node_modules/firebase-tools/node_modules/winston-transport/node_modules/readable-stream/lib/_stream_writable.js:428:64)
[error] 
[error] Error: An unexpected error has occurred.
[debug] [2026-06-04T03:43:53.745Z] Error: write EIO
    at afterWriteDispatched (node:internal/stream_base_commons:159:15)
    at writeGeneric (node:internal/stream_base_commons:150:3)
    at Socket._writeGeneric (node:net:1025:11)
    at Socket._write (node:net:1037:8)
    at writeOrBuffer (node:internal/streams/writable:570:12)
    at _write (node:internal/streams/writable:499:10)
    at Writable.write (node:internal/streams/writable:508:10)
    at Console.log (/usr/local/google/home/agektmr/Development/webauthndemo/node_modules/firebase-tools/node_modules/winston/lib/winston/transports/console.js:79:23)
    at Console._write (/usr/local/google/home/agektmr/Development/webauthndemo/node_modules/firebase-tools/node_modules/winston-transport/index.js:103:17)
    at doWrite (/usr/local/google/home/agektmr/Development/webauthndemo/node_modules/firebase-tools/node_modules/winston-transport/node_modules/readable-stream/lib/_stream_writable.js:428:64)
[error] 
[error] Error: An unexpected error has occurred.
[debug] [2026-06-04T03:43:53.746Z] Error: write EIO
    at afterWriteDispatched (node:internal/stream_base_commons:159:15)
    at writeGeneric (node:internal/stream_base_commons:150:3)
    at Socket._writeGeneric (node:net:1025:11)
    at Socket._write (node:net:1037:8)
    at writeOrBuffer (node:internal/streams/writable:570:12)
    at _write (node:internal/streams/writable:499:10)
    at Writable.write (node:internal/streams/writable:508:10)
    at Console.log (/usr/local/google/home/agektmr/Development/webauthndemo/node_modules/firebase-tools/node_modules/winston/lib/winston/transports/console.js:79:23)
    at Console._write (/usr/local/google/home/agektmr/Development/webauthndemo/node_modules/firebase-tools/node_modules/winston-transport/index.js:103:17)
    at doWrite (/usr/local/google/home/agektmr/Development/webauthndemo/node_modules/firebase-tools/node_modules/winston-transport/node_modules/readable-stream/lib/_stream_writable.js:428:64)
[error] 
[error] Error: An unexpected error has occurred.
[debug] [2026-06-04T03:43:53.747Z] Error: write EIO
    at afterWriteDispatched (node:internal/stream_base_commons:159:15)
    at writeGeneric (node:internal/stream_base_commons:150:3)
    at Socket._writeGeneric (node:net:1025:11)
    at Socket._write (node:net:1037:8)
    at writeOrBuffer (node:internal/streams/writable:570:12)
    at _write (node:internal/streams/writable:499:10)
    at Writable.write (node:internal/streams/writable:508:10)
    at Console.log (/usr/local/google/home/agektmr/Development/webauthndemo/node_modules/firebase-tools/node_modules/winston/lib/winston/transports/console.js:79:23)
    at Console._write (/usr/local/google/home/agektmr/Development/webauthndemo/node_modules/firebase-tools/node_modules/winston-transport/index.js:103:17)
    at doWrite (/usr/local/google/home/agektmr/Development/webauthndemo/node_modules/firebase-tools/node_modules/winston-transport/node_modules/readable-stream/lib/_stream_writable.js:428:64)
[error] 
[error] Error: An unexpected error has occurred.
[debug] [2026-06-04T03:43:53.747Z] Error: write EIO
    at afterWriteDispatched (node:internal/stream_base_commons:159:15)
    at writeGeneric (node:internal/stream_base_commons:150:3)
    at Socket._writeGeneric (node:net:1025:11)
    at Socket._write (node:net:1037:8)
    at writeOrBuffer (node:internal/streams/writable:570:12)
    at _write (node:internal/streams/writable:499:10)
    at Writable.write (node:internal/streams/writable:508:10)
    at Console.log (/usr/local/google/home/agektmr/Development/webauthndemo/node_modules/firebase-tools/node_modules/winston/lib/winston/transports/console.js:79:23)
    at Console._write (/usr/local/google/home/agektmr/Development/webauthndemo/node_modules/firebase-tools/node_modules/winston-transport/index.js:103:17)
    at doWrite (/usr/local/google/home/agektmr/Development/webauthndemo/node_modules/firebase-tools/node_modules/winston-transport/node_modules/readable-stream/lib/_stream_writable.js:428:64)
[error] 
[error] Error: An unexpected error has occurred.
[debug] [2026-06-04T03:43:53.748Z] Error: write EIO
    at afterWriteDispatched (node:internal/stream_base_commons:159:15)
    at writeGeneric (node:internal/stream_base_commons:150:3)
    at Socket._writeGeneric (node:net:1025:11)
    at Socket._write (node:net:1037:8)
    at writeOrBuffer (node:internal/streams/writable:570:12)
    at _write (node:internal/streams/writable:499:10)
    at Writable.write (node:internal/streams/writable:508:10)
    at Console.log (/usr/local/google/home/agektmr/Development/webauthndemo/node_modules/firebase-tools/node_modules/winston/lib/winston/transports/console.js:79:23)
    at Console._write (/usr/local/google/home/agektmr/Development/webauthndemo/node_modules/firebase-tools/node_modules/winston-transport/index.js:103:17)
    at doWrite (/usr/local/google/home/agektmr/Development/webauthndemo/node_modules/firebase-tools/node_modules/winston-transport/node_modules/readable-stream/lib/_stream_writable.js:428:64)
[error] 
[error] Error: An unexpected error has occurred.
[debug] [2026-06-04T03:43:53.748Z] Error: write EIO
    at afterWriteDispatched (node:internal/stream_base_commons:159:15)
    at writeGeneric (node:internal/stream_base_commons:150:3)
    at Socket._writeGeneric (node:net:1025:11)
    at Socket._write (node:net:1037:8)
    at writeOrBuffer (node:internal/streams/writable:570:12)
    at _write (node:internal/streams/writable:499:10)
    at Writable.write (node:internal/streams/writable:508:10)
    at Console.log (/usr/local/google/home/agektmr/Development/webauthndemo/node_modules/firebase-tools/node_modules/winston/lib/winston/transports/console.js:79:23)
    at Console._write (/usr/local/google/home/agektmr/Development/webauthndemo/node_modules/firebase-tools/node_modules/winston-transport/index.js:103:17)
    at doWrite (/usr/local/google/home/agektmr/Development/webauthndemo/node_modules/firebase-tools/node_modules/winston-transport/node_modules/readable-stream/lib/_stream_writable.js:428:64)
[error] 
[error] Error: An unexpected error has occurred.
[debug] [2026-06-04T03:43:53.748Z] Error: write EIO
    at afterWriteDispatched (node:internal/stream_base_commons:159:15)
    at writeGeneric (node:internal/stream_base_commons:150:3)
    at Socket._writeGeneric (node:net:1025:11)
    at Socket._write (node:net:1037:8)
    at writeOrBuffer (node:internal/streams/writable:570:12)
    at _write (node:internal/streams/writable:499:10)
    at Writable.write (node:internal/streams/writable:508:10)
    at Console.log (/usr/local/google/home/agektmr/Development/webauthndemo/node_modules/firebase-tools/node_modules/winston/lib/winston/transports/console.js:79:23)
    at Console._write (/usr/local/google/home/agektmr/Development/webauthndemo/node_modules/firebase-tools/node_modules/winston-transport/index.js:103:17)
    at doWrite (/usr/local/google/home/agektmr/Development/webauthndemo/node_modules/firebase-tools/node_modules/winston-transport/node_modules/readable-stream/lib/_stream_writable.js:428:64)
[error] 
[error] Error: An unexpected error has occurred.
[debug] [2026-06-04T03:43:53.748Z] Error: write EIO
    at afterWriteDispatched (node:internal/stream_base_commons:159:15)
    at writeGeneric (node:internal/stream_base_commons:150:3)
    at Socket._writeGeneric (node:net:1025:11)
    at Socket._write (node:net:1037:8)
    at writeOrBuffer (node:internal/streams/writable:570:12)
    at _write (node:internal/streams/writable:499:10)
    at Writable.write (node:internal/streams/writable:508:10)
    at Console.log (/usr/local/google/home/agektmr/Development/webauthndemo/node_modules/firebase-tools/node_modules/winston/lib/winston/transports/console.js:79:23)
    at Console._write (/usr/local/google/home/agektmr/Development/webauthndemo/node_modules/firebase-tools/node_modules/winston-transport/index.js:103:17)
    at doWrite (/usr/local/google/home/agektmr/Development/webauthndemo/node_modules/firebase-tools/node_modules/winston-transport/node_modules/readable-stream/lib/_stream_writable.js:428:64)
[error] 
[error] Error: An unexpected error has occurred.
[debug] [2026-06-04T03:43:53.748Z] Error: write EIO
    at afterWriteDispatched (node:internal/stream_base_commons:159:15)
    at writeGeneric (node:internal/stream_base_commons:150:3)
    at Socket._writeGeneric (node:net:1025:11)
    at Socket._write (node:net:1037:8)
    at writeOrBuffer (node:internal/streams/writable:570:12)
    at _write (node:internal/streams/writable:499:10)
    at Writable.write (node:internal/streams/writable:508:10)
    at Console.log (/usr/local/google/home/agektmr/Development/webauthndemo/node_modules/firebase-tools/node_modules/winston/lib/winston/transports/console.js:79:23)
    at Console._write (/usr/local/google/home/agektmr/Development/webauthndemo/node_modules/firebase-tools/node_modules/winston-transport/index.js:103:17)
    at doWrite (/usr/local/google/home/agektmr/Development/webauthndemo/node_modules/firebase-tools/node_modules/winston-transport/node_modules/readable-stream/lib/_stream_writable.js:428:64)
[error] 
[error] Error: An unexpected error has occurred.
[debug] [2026-06-04T03:43:53.749Z] Error: write EIO
    at afterWriteDispatched (node:internal/stream_base_commons:159:15)
    at writeGeneric (node:internal/stream_base_commons:150:3)
    at Socket._writeGeneric (node:net:1025:11)
    at Socket._write (node:net:1037:8)
    at writeOrBuffer (node:internal/streams/writable:570:12)
    at _write (node:internal/streams/writable:499:10)
    at Writable.write (node:internal/streams/writable:508:10)
    at Console.log (/usr/local/google/home/agektmr/Development/webauthndemo/node_modules/firebase-tools/node_modules/winston/lib/winston/transports/console.js:79:23)
    at Console._write (/usr/local/google/home/agektmr/Development/webauthndemo/node_modules/firebase-tools/node_modules/winston-transport/index.js:103:17)
    at doWrite (/usr/local/google/home/agektmr/Development/webauthndemo/node_modules/firebase-tools/node_modules/winston-transport/node_modules/readable-stream/lib/_stream_writable.js:428:64)
[error] 
[error] Error: An unexpected error has occurred.
[debug] [2026-06-04T03:43:53.749Z] Error: write EIO
    at afterWriteDispatched (node:internal/stream_base_commons:159:15)
    at writeGeneric (node:internal/stream_base_commons:150:3)
    at Socket._writeGeneric (node:net:1025:11)
    at Socket._write (node:net:1037:8)
    at writeOrBuffer (node:internal/streams/writable:570:12)
    at _write (node:internal/streams/writable:499:10)
    at Writable.write (node:internal/streams/writable:508:10)
    at Console.log (/usr/local/google/home/agektmr/Development/webauthndemo/node_modules/firebase-tools/node_modules/winston/lib/winston/transports/console.js:79:23)
    at Console._write (/usr/local/google/home/agektmr/Development/webauthndemo/node_modules/firebase-tools/node_modules/winston-transport/index.js:103:17)
    at doWrite (/usr/local/google/home/agektmr/Development/webauthndemo/node_modules/firebase-tools/node_modules/winston-transport/node_modules/readable-stream/lib/_stream_writable.js:428:64)
[error] 
[error] Error: An unexpected error has occurred.
[debug] [2026-06-04T03:43:53.749Z] Error: write EIO
    at afterWriteDispatched (node:internal/stream_base_commons:159:15)
    at writeGeneric (node:internal/stream_base_commons:150:3)
    at Socket._writeGeneric (node:net:1025:11)
    at Socket._write (node:net:1037:8)
    at writeOrBuffer (node:internal/streams/writable:570:12)
    at _write (node:internal/streams/writable:499:10)
    at Writable.write (node:internal/streams/writable:508:10)
    at Console.log (/usr/local/google/home/agektmr/Development/webauthndemo/node_modules/firebase-tools/node_modules/winston/lib/winston/transports/console.js:79:23)
    at Console._write (/usr/local/google/home/agektmr/Development/webauthndemo/node_modules/firebase-tools/node_modules/winston-transport/index.js:103:17)
    at doWrite (/usr/local/google/home/agektmr/Development/webauthndemo/node_modules/firebase-tools/node_modules/winston-transport/node_modules/readable-stream/lib/_stream_writable.js:428:64)
[error] 
[error] Error: An unexpected error has occurred.
[debug] [2026-06-04T03:43:53.749Z] Error: write EIO
    at afterWriteDispatched (node:internal/stream_base_commons:159:15)
    at writeGeneric (node:internal/stream_base_commons:150:3)
    at Socket._writeGeneric (node:net:1025:11)
    at Socket._write (node:net:1037:8)
    at writeOrBuffer (node:internal/streams/writable:570:12)
    at _write (node:internal/streams/writable:499:10)
    at Writable.write (node:internal/streams/writable:508:10)
    at Console.log (/usr/local/google/home/agektmr/Development/webauthndemo/node_modules/firebase-tools/node_modules/winston/lib/winston/transports/console.js:79:23)
    at Console._write (/usr/local/google/home/agektmr/Development/webauthndemo/node_modules/firebase-tools/node_modules/winston-transport/index.js:103:17)
    at doWrite (/usr/local/google/home/agektmr/Development/webauthndemo/node_modules/firebase-tools/node_modules/winston-transport/node_modules/readable-stream/lib/_stream_writable.js:428:64)
[error] 
[error] Error: An unexpected error has occurred.
[debug] [2026-06-04T03:43:53.750Z] Error: write EIO
    at afterWriteDispatched (node:internal/stream_base_commons:159:15)
    at writeGeneric (node:internal/stream_base_commons:150:3)
    at Socket._writeGeneric (node:net:1025:11)
    at Socket._write (node:net:1037:8)
    at writeOrBuffer (node:internal/streams/writable:570:12)
    at _write (node:internal/streams/writable:499:10)
    at Writable.write (node:internal/streams/writable:508:10)
    at Console.log (/usr/local/google/home/agektmr/Development/webauthndemo/node_modules/firebase-tools/node_modules/winston/lib/winston/transports/console.js:79:23)
    at Console._write (/usr/local/google/home/agektmr/Development/webauthndemo/node_modules/firebase-tools/node_modules/winston-transport/index.js:103:17)
    at doWrite (/usr/local/google/home/agektmr/Development/webauthndemo/node_modules/firebase-tools/node_modules/winston-transport/node_modules/readable-stream/lib/_stream_writable.js:428:64)
[error] 
[error] Error: An unexpected error has occurred.
[debug] [2026-06-04T03:43:53.750Z] Error: write EIO
    at afterWriteDispatched (node:internal/stream_base_commons:159:15)
    at writeGeneric (node:internal/stream_base_commons:150:3)
    at Socket._writeGeneric (node:net:1025:11)
    at Socket._write (node:net:1037:8)
    at writeOrBuffer (node:internal/streams/writable:570:12)
    at _write (node:internal/streams/writable:499:10)
    at Writable.write (node:internal/streams/writable:508:10)
    at Console.log (/usr/local/google/home/agektmr/Development/webauthndemo/node_modules/firebase-tools/node_modules/winston/lib/winston/transports/console.js:79:23)
    at Console._write (/usr/local/google/home/agektmr/Development/webauthndemo/node_modules/firebase-tools/node_modules/winston-transport/index.js:103:17)
    at doWrite (/usr/local/google/home/agektmr/Development/webauthndemo/node_modules/firebase-tools/node_modules/winston-transport/node_modules/readable-stream/lib/_stream_writable.js:428:64)
[error] 
[error] Error: An unexpected error has occurred.
[debug] [2026-06-04T03:43:53.750Z] Error: write EIO
    at afterWriteDispatched (node:internal/stream_base_commons:159:15)
    at writeGeneric (node:internal/stream_base_commons:150:3)
    at Socket._writeGeneric (node:net:1025:11)
    at Socket._write (node:net:1037:8)
    at writeOrBuffer (node:internal/streams/writable:570:12)
    at _write (node:internal/streams/writable:499:10)
    at Writable.write (node:internal/streams/writable:508:10)
    at Console.log (/usr/local/google/home/agektmr/Development/webauthndemo/node_modules/firebase-tools/node_modules/winston/lib/winston/transports/console.js:79:23)
    at Console._write (/usr/local/google/home/agektmr/Development/webauthndemo/node_modules/firebase-tools/node_modules/winston-transport/index.js:103:17)
    at doWrite (/usr/local/google/home/agektmr/Development/webauthndemo/node_modules/firebase-tools/node_modules/winston-transport/node_modules/readable-stream/lib/_stream_writable.js:428:64)
[error] 
[error] Error: An unexpected error has occurred.
[debug] [2026-06-04T03:43:53.750Z] Error: write EIO
    at afterWriteDispatched (node:internal/stream_base_commons:159:15)
    at writeGeneric (node:internal/stream_base_commons:150:3)
    at Socket._writeGeneric (node:net:1025:11)
    at Socket._write (node:net:1037:8)
    at writeOrBuffer (node:internal/streams/writable:570:12)
    at _write (node:internal/streams/writable:499:10)
    at Writable.write (node:internal/streams/writable:508:10)
    at Console.log (/usr/local/google/home/agektmr/Development/webauthndemo/node_modules/firebase-tools/node_modules/winston/lib/winston/transports/console.js:79:23)
    at Console._write (/usr/local/google/home/agektmr/Development/webauthndemo/node_modules/firebase-tools/node_modules/winston-transport/index.js:103:17)
    at doWrite (/usr/local/google/home/agektmr/Development/webauthndemo/node_modules/firebase-tools/node_modules/winston-transport/node_modules/readable-stream/lib/_stream_writable.js:428:64)
[error] 
[error] Error: An unexpected error has occurred.
[debug] [2026-06-04T03:43:53.751Z] Error: write EIO
    at afterWriteDispatched (node:internal/stream_base_commons:159:15)
    at writeGeneric (node:internal/stream_base_commons:150:3)
    at Socket._writeGeneric (node:net:1025:11)
    at Socket._write (node:net:1037:8)
    at writeOrBuffer (node:internal/streams/writable:570:12)
    at _write (node:internal/streams/writable:499:10)
    at Writable.write (node:internal/streams/writable:508:10)
    at Console.log (/usr/local/google/home/agektmr/Development/webauthndemo/node_modules/firebase-tools/node_modules/winston/lib/winston/transports/console.js:79:23)
    at Console._write (/usr/local/google/home/agektmr/Development/webauthndemo/node_modules/firebase-tools/node_modules/winston-transport/index.js:103:17)
    at doWrite (/usr/local/google/home/agektmr/Development/webauthndemo/node_modules/firebase-tools/node_modules/winston-transport/node_modules/readable-stream/lib/_stream_writable.js:428:64)
[error] 
[error] Error: An unexpected error has occurred.
[debug] [2026-06-04T03:43:53.751Z] Error: write EIO
    at afterWriteDispatched (node:internal/stream_base_commons:159:15)
    at writeGeneric (node:internal/stream_base_commons:150:3)
    at Socket._writeGeneric (node:net:1025:11)
    at Socket._write (node:net:1037:8)
    at writeOrBuffer (node:internal/streams/writable:570:12)
    at _write (node:internal/streams/writable:499:10)
    at Writable.write (node:internal/streams/writable:508:10)
    at Console.log (/usr/local/google/home/agektmr/Development/webauthndemo/node_modules/firebase-tools/node_modules/winston/lib/winston/transports/console.js:79:23)
    at Console._write (/usr/local/google/home/agektmr/Development/webauthndemo/node_modules/firebase-tools/node_modules/winston-transport/index.js:103:17)
    at doWrite (/usr/local/google/home/agektmr/Development/webauthndemo/node_modules/firebase-tools/node_modules/winston-transport/node_modules/readable-stream/lib/_stream_writable.js:428:64)
[error] 
[error] Error: An unexpected error has occurred.
[debug] [2026-06-04T03:43:53.751Z] Error: write EIO
    at afterWriteDispatched (node:internal/stream_base_commons:159:15)
    at writeGeneric (node:internal/stream_base_commons:150:3)
    at Socket._writeGeneric (node:net:1025:11)
    at Socket._write (node:net:1037:8)
    at writeOrBuffer (node:internal/streams/writable:570:12)
    at _write (node:internal/streams/writable:499:10)
    at Writable.write (node:internal/streams/writable:508:10)
    at Console.log (/usr/local/google/home/agektmr/Development/webauthndemo/node_modules/firebase-tools/node_modules/winston/lib/winston/transports/console.js:79:23)
    at Console._write (/usr/local/google/home/agektmr/Development/webauthndemo/node_modules/firebase-tools/node_modules/winston-transport/index.js:103:17)
    at doWrite (/usr/local/google/home/agektmr/Development/webauthndemo/node_modules/firebase-tools/node_modules/winston-transport/node_modules/readable-stream/lib/_stream_writable.js:428:64)
[error] 
[error] Error: An unexpected error has occurred.
[debug] [2026-06-04T03:43:53.751Z] Error: write EIO
    at afterWriteDispatched (node:internal/stream_base_commons:159:15)
    at writeGeneric (node:internal/stream_base_commons:150:3)
    at Socket._writeGeneric (node:net:1025:11)
    at Socket._write (node:net:1037:8)
    at writeOrBuffer (node:internal/streams/writable:570:12)
    at _write (node:internal/streams/writable:499:10)
    at Writable.write (node:internal/streams/writable:508:10)
    at Console.log (/usr/local/google/home/agektmr/Development/webauthndemo/node_modules/firebase-tools/node_modules/winston/lib/winston/transports/console.js:79:23)
    at Console._write (/usr/local/google/home/agektmr/Development/webauthndemo/node_modules/firebase-tools/node_modules/winston-transport/index.js:103:17)
    at doWrite (/usr/local/google/home/agektmr/Development/webauthndemo/node_modules/firebase-tools/node_modules/winston-transport/node_modules/readable-stream/lib/_stream_writable.js:428:64)
[error] 
[error] Error: An unexpected error has occurred.
[debug] [2026-06-04T03:43:53.752Z] Error: write EIO
    at afterWriteDispatched (node:internal/stream_base_commons:159:15)
    at writeGeneric (node:internal/stream_base_commons:150:3)
    at Socket._writeGeneric (node:net:1025:11)
    at Socket._write (node:net:1037:8)
    at writeOrBuffer (node:internal/streams/writable:570:12)
    at _write (node:internal/streams/writable:499:10)
    at Writable.write (node:internal/streams/writable:508:10)
    at Console.log (/usr/local/google/home/agektmr/Development/webauthndemo/node_modules/firebase-tools/node_modules/winston/lib/winston/transports/console.js:79:23)
    at Console._write (/usr/local/google/home/agektmr/Development/webauthndemo/node_modules/firebase-tools/node_modules/winston-transport/index.js:103:17)
    at doWrite (/usr/local/google/home/agektmr/Development/webauthndemo/node_modules/firebase-tools/node_modules/winston-transport/node_modules/readable-stream/lib/_stream_writable.js:428:64)
[error] 
[error] Error: An unexpected error has occurred.
[debug] [2026-06-04T03:43:53.752Z] Error: write EIO
    at afterWriteDispatched (node:internal/stream_base_commons:159:15)
    at writeGeneric (node:internal/stream_base_commons:150:3)
    at Socket._writeGeneric (node:net:1025:11)
    at Socket._write (node:net:1037:8)
    at writeOrBuffer (node:internal/streams/writable:570:12)
    at _write (node:internal/streams/writable:499:10)
    at Writable.write (node:internal/streams/writable:508:10)
    at Console.log (/usr/local/google/home/agektmr/Development/webauthndemo/node_modules/firebase-tools/node_modules/winston/lib/winston/transports/console.js:79:23)
    at Console._write (/usr/local/google/home/agektmr/Development/webauthndemo/node_modules/firebase-tools/node_modules/winston-transport/index.js:103:17)
    at doWrite (/usr/local/google/home/agektmr/Development/webauthndemo/node_modules/firebase-tools/node_modules/winston-transport/node_modules/readable-stream/lib/_stream_writable.js:428:64)
[error] 
[error] Error: An unexpected error has occurred.
[debug] [2026-06-04T03:43:53.753Z] Error: write EIO
    at afterWriteDispatched (node:internal/stream_base_commons:159:15)
    at writeGeneric (node:internal/stream_base_commons:150:3)
    at Socket._writeGeneric (node:net:1025:11)
    at Socket._write (node:net:1037:8)
    at writeOrBuffer (node:internal/streams/writable:570:12)
    at _write (node:internal/streams/writable:499:10)
    at Writable.write (node:internal/streams/writable:508:10)
    at Console.log (/usr/local/google/home/agektmr/Development/webauthndemo/node_modules/firebase-tools/node_modules/winston/lib/winston/transports/console.js:79:23)
    at Console._write (/usr/local/google/home/agektmr/Development/webauthndemo/node_modules/firebase-tools/node_modules/winston-transport/index.js:103:17)
    at doWrite (/usr/local/google/home/agektmr/Development/webauthndemo/node_modules/firebase-tools/node_modules/winston-transport/node_modules/readable-stream/lib/_stream_writable.js:428:64)
[error] 
[error] Error: An unexpected error has occurred.
[debug] [2026-06-04T03:43:53.753Z] Error: write EIO
    at afterWriteDispatched (node:internal/stream_base_commons:159:15)
    at writeGeneric (node:internal/stream_base_commons:150:3)
    at Socket._writeGeneric (node:net:1025:11)
    at Socket._write (node:net:1037:8)
    at writeOrBuffer (node:internal/streams/writable:570:12)
    at _write (node:internal/streams/writable:499:10)
    at Writable.write (node:internal/streams/writable:508:10)
    at Console.log (/usr/local/google/home/agektmr/Development/webauthndemo/node_modules/firebase-tools/node_modules/winston/lib/winston/transports/console.js:79:23)
    at Console._write (/usr/local/google/home/agektmr/Development/webauthndemo/node_modules/firebase-tools/node_modules/winston-transport/index.js:103:17)
    at doWrite (/usr/local/google/home/agektmr/Development/webauthndemo/node_modules/firebase-tools/node_modules/winston-transport/node_modules/readable-stream/lib/_stream_writable.js:428:64)
[error] 
[error] Error: An unexpected error has occurred.
[debug] [2026-06-04T03:43:53.753Z] Error: write EIO
    at afterWriteDispatched (node:internal/stream_base_commons:159:15)
    at writeGeneric (node:internal/stream_base_commons:150:3)
    at Socket._writeGeneric (node:net:1025:11)
    at Socket._write (node:net:1037:8)
    at writeOrBuffer (node:internal/streams/writable:570:12)
    at _write (node:internal/streams/writable:499:10)
    at Writable.write (node:internal/streams/writable:508:10)
    at Console.log (/usr/local/google/home/agektmr/Development/webauthndemo/node_modules/firebase-tools/node_modules/winston/lib/winston/transports/console.js:79:23)
    at Console._write (/usr/local/google/home/agektmr/Development/webauthndemo/node_modules/firebase-tools/node_modules/winston-transport/index.js:103:17)
    at doWrite (/usr/local/google/home/agektmr/Development/webauthndemo/node_modules/firebase-tools/node_modules/winston-transport/node_modules/readable-stream/lib/_stream_writable.js:428:64)
[error] 
[error] Error: An unexpected error has occurred.
[debug] [2026-06-04T03:43:53.754Z] Error: write EIO
    at afterWriteDispatched (node:internal/stream_base_commons:159:15)
    at writeGeneric (node:internal/stream_base_commons:150:3)
    at Socket._writeGeneric (node:net:1025:11)
    at Socket._write (node:net:1037:8)
    at writeOrBuffer (node:internal/streams/writable:570:12)
    at _write (node:internal/streams/writable:499:10)
    at Writable.write (node:internal/streams/writable:508:10)
    at Console.log (/usr/local/google/home/agektmr/Development/webauthndemo/node_modules/firebase-tools/node_modules/winston/lib/winston/transports/console.js:79:23)
    at Console._write (/usr/local/google/home/agektmr/Development/webauthndemo/node_modules/firebase-tools/node_modules/winston-transport/index.js:103:17)
    at doWrite (/usr/local/google/home/agektmr/Development/webauthndemo/node_modules/firebase-tools/node_modules/winston-transport/node_modules/readable-stream/lib/_stream_writable.js:428:64)
[error] 
[error] Error: An unexpected error has occurred.
[debug] [2026-06-04T03:43:53.754Z] Error: write EIO
    at afterWriteDispatched (node:internal/stream_base_commons:159:15)
    at writeGeneric (node:internal/stream_base_commons:150:3)
    at Socket._writeGeneric (node:net:1025:11)
    at Socket._write (node:net:1037:8)
    at writeOrBuffer (node:internal/streams/writable:570:12)
    at _write (node:internal/streams/writable:499:10)
    at Writable.write (node:internal/streams/writable:508:10)
    at Console.log (/usr/local/google/home/agektmr/Development/webauthndemo/node_modules/firebase-tools/node_modules/winston/lib/winston/transports/console.js:79:23)
    at Console._write (/usr/local/google/home/agektmr/Development/webauthndemo/node_modules/firebase-tools/node_modules/winston-transport/index.js:103:17)
    at doWrite (/usr/local/google/home/agektmr/Development/webauthndemo/node_modules/firebase-tools/node_modules/winston-transport/node_modules/readable-stream/lib/_stream_writable.js:428:64)
[error] 
[error] Error: An unexpected error has occurred.
[debug] [2026-06-04T03:43:53.754Z] Error: write EIO
    at afterWriteDispatched (node:internal/stream_base_commons:159:15)
    at writeGeneric (node:internal/stream_base_commons:150:3)
    at Socket._writeGeneric (node:net:1025:11)
    at Socket._write (node:net:1037:8)
    at writeOrBuffer (node:internal/streams/writable:570:12)
    at _write (node:internal/streams/writable:499:10)
    at Writable.write (node:internal/streams/writable:508:10)
    at Console.log (/usr/local/google/home/agektmr/Development/webauthndemo/node_modules/firebase-tools/node_modules/winston/lib/winston/transports/console.js:79:23)
    at Console._write (/usr/local/google/home/agektmr/Development/webauthndemo/node_modules/firebase-tools/node_modules/winston-transport/index.js:103:17)
    at doWrite (/usr/local/google/home/agektmr/Development/webauthndemo/node_modules/firebase-tools/node_modules/winston-transport/node_modules/readable-stream/lib/_stream_writable.js:428:64)
[error] 
[error] Error: An unexpected error has occurred.
[debug] [2026-06-04T03:43:53.754Z] Error: write EIO
    at afterWriteDispatched (node:internal/stream_base_commons:159:15)
    at writeGeneric (node:internal/stream_base_commons:150:3)
    at Socket._writeGeneric (node:net:1025:11)
    at Socket._write (node:net:1037:8)
    at writeOrBuffer (node:internal/streams/writable:570:12)
    at _write (node:internal/streams/writable:499:10)
    at Writable.write (node:internal/streams/writable:508:10)
    at Console.log (/usr/local/google/home/agektmr/Development/webauthndemo/node_modules/firebase-tools/node_modules/winston/lib/winston/transports/console.js:79:23)
    at Console._write (/usr/local/google/home/agektmr/Development/webauthndemo/node_modules/firebase-tools/node_modules/winston-transport/index.js:103:17)
    at doWrite (/usr/local/google/home/agektmr/Development/webauthndemo/node_modules/firebase-tools/node_modules/winston-transport/node_modules/readable-stream/lib/_stream_writable.js:428:64)
[error] 
[error] Error: An unexpected error has occurred.
[debug] [2026-06-04T03:43:53.755Z] Error: write EIO
    at afterWriteDispatched (node:internal/stream_base_commons:159:15)
    at writeGeneric (node:internal/stream_base_commons:150:3)
    at Socket._writeGeneric (node:net:1025:11)
    at Socket._write (node:net:1037:8)
    at writeOrBuffer (node:internal/streams/writable:570:12)
    at _write (node:internal/streams/writable:499:10)
    at Writable.write (node:internal/streams/writable:508:10)
    at Console.log (/usr/local/google/home/agektmr/Development/webauthndemo/node_modules/firebase-tools/node_modules/winston/lib/winston/transports/console.js:79:23)
    at Console._write (/usr/local/google/home/agektmr/Development/webauthndemo/node_modules/firebase-tools/node_modules/winston-transport/index.js:103:17)
    at doWrite (/usr/local/google/home/agektmr/Development/webauthndemo/node_modules/firebase-tools/node_modules/winston-transport/node_modules/readable-stream/lib/_stream_writable.js:428:64)
[error] 
[error] Error: An unexpected error has occurred.
[debug] [2026-06-04T03:43:53.756Z] Error: write EIO
    at afterWriteDispatched (node:internal/stream_base_commons:159:15)
    at writeGeneric (node:internal/stream_base_commons:150:3)
    at Socket._writeGeneric (node:net:1025:11)
    at Socket._write (node:net:1037:8)
    at writeOrBuffer (node:internal/streams/writable:570:12)
    at _write (node:internal/streams/writable:499:10)
    at Writable.write (node:internal/streams/writable:508:10)
    at Console.log (/usr/local/google/home/agektmr/Development/webauthndemo/node_modules/firebase-tools/node_modules/winston/lib/winston/transports/console.js:79:23)
    at Console._write (/usr/local/google/home/agektmr/Development/webauthndemo/node_modules/firebase-tools/node_modules/winston-transport/index.js:103:17)
    at doWrite (/usr/local/google/home/agektmr/Development/webauthndemo/node_modules/firebase-tools/node_modules/winston-transport/node_modules/readable-stream/lib/_stream_writable.js:428:64)
[error] 
[error] Error: An unexpected error has occurred.
[debug] [2026-06-04T03:43:53.757Z] Error: write EIO
    at afterWriteDispatched (node:internal/stream_base_commons:159:15)
    at writeGeneric (node:internal/stream_base_commons:150:3)
    at Socket._writeGeneric (node:net:1025:11)
    at Socket._write (node:net:1037:8)
    at writeOrBuffer (node:internal/streams/writable:570:12)
    at _write (node:internal/streams/writable:499:10)
    at Writable.write (node:internal/streams/writable:508:10)
    at Console.log (/usr/local/google/home/agektmr/Development/webauthndemo/node_modules/firebase-tools/node_modules/winston/lib/winston/transports/console.js:79:23)
    at Console._write (/usr/local/google/home/agektmr/Development/webauthndemo/node_modules/firebase-tools/node_modules/winston-transport/index.js:103:17)
    at doWrite (/usr/local/google/home/agektmr/Development/webauthndemo/node_modules/firebase-tools/node_modules/winston-transport/node_modules/readable-stream/lib/_stream_writable.js:428:64)
[error] 
[error] Error: An unexpected error has occurred.
[debug] [2026-06-04T03:43:53.757Z] Error: write EIO
    at afterWriteDispatched (node:internal/stream_base_commons:159:15)
    at writeGeneric (node:internal/stream_base_commons:150:3)
    at Socket._writeGeneric (node:net:1025:11)
    at Socket._write (node:net:1037:8)
    at writeOrBuffer (node:internal/streams/writable:570:12)
    at _write (node:internal/streams/writable:499:10)
    at Writable.write (node:internal/streams/writable:508:10)
    at Console.log (/usr/local/google/home/agektmr/Development/webauthndemo/node_modules/firebase-tools/node_modules/winston/lib/winston/transports/console.js:79:23)
    at Console._write (/usr/local/google/home/agektmr/Development/webauthndemo/node_modules/firebase-tools/node_modules/winston-transport/index.js:103:17)
    at doWrite (/usr/local/google/home/agektmr/Development/webauthndemo/node_modules/firebase-tools/node_modules/winston-transport/node_modules/readable-stream/lib/_stream_writable.js:428:64)
[error] 
[error] Error: An unexpected error has occurred.
[debug] [2026-06-04T03:43:53.758Z] Error: write EIO
    at afterWriteDispatched (node:internal/stream_base_commons:159:15)
    at writeGeneric (node:internal/stream_base_commons:150:3)
    at Socket._writeGeneric (node:net:1025:11)
    at Socket._write (node:net:1037:8)
    at writeOrBuffer (node:internal/streams/writable:570:12)
    at _write (node:internal/streams/writable:499:10)
    at Writable.write (node:internal/streams/writable:508:10)
    at Console.log (/usr/local/google/home/agektmr/Development/webauthndemo/node_modules/firebase-tools/node_modules/winston/lib/winston/transports/console.js:79:23)
    at Console._write (/usr/local/google/home/agektmr/Development/webauthndemo/node_modules/firebase-tools/node_modules/winston-transport/index.js:103:17)
    at doWrite (/usr/local/google/home/agektmr/Development/webauthndemo/node_modules/firebase-tools/node_modules/winston-transport/node_modules/readable-stream/lib/_stream_writable.js:428:64)
[error] 
[error] Error: An unexpected error has occurred.
[debug] [2026-06-04T03:43:53.758Z] Error: write EIO
    at afterWriteDispatched (node:internal/stream_base_commons:159:15)
    at writeGeneric (node:internal/stream_base_commons:150:3)
    at Socket._writeGeneric (node:net:1025:11)
    at Socket._write (node:net:1037:8)
    at writeOrBuffer (node:internal/streams/writable:570:12)
    at _write (node:internal/streams/writable:499:10)
    at Writable.write (node:internal/streams/writable:508:10)
    at Console.log (/usr/local/google/home/agektmr/Development/webauthndemo/node_modules/firebase-tools/node_modules/winston/lib/winston/transports/console.js:79:23)
    at Console._write (/usr/local/google/home/agektmr/Development/webauthndemo/node_modules/firebase-tools/node_modules/winston-transport/index.js:103:17)
    at doWrite (/usr/local/google/home/agektmr/Development/webauthndemo/node_modules/firebase-tools/node_modules/winston-transport/node_modules/readable-stream/lib/_stream_writable.js:428:64)
[error] 
[error] Error: An unexpected error has occurred.
[debug] [2026-06-04T03:43:53.758Z] Error: write EIO
    at afterWriteDispatched (node:internal/stream_base_commons:159:15)
    at writeGeneric (node:internal/stream_base_commons:150:3)
    at Socket._writeGeneric (node:net:1025:11)
    at Socket._write (node:net:1037:8)
    at writeOrBuffer (node:internal/streams/writable:570:12)
    at _write (node:internal/streams/writable:499:10)
    at Writable.write (node:internal/streams/writable:508:10)
    at Console.log (/usr/local/google/home/agektmr/Development/webauthndemo/node_modules/firebase-tools/node_modules/winston/lib/winston/transports/console.js:79:23)
    at Console._write (/usr/local/google/home/agektmr/Development/webauthndemo/node_modules/firebase-tools/node_modules/winston-transport/index.js:103:17)
    at doWrite (/usr/local/google/home/agektmr/Development/webauthndemo/node_modules/firebase-tools/node_modules/winston-transport/node_modules/readable-stream/lib/_stream_writable.js:428:64)
[error] 
[error] Error: An unexpected error has occurred.
[debug] [2026-06-04T03:43:53.758Z] Error: write EIO
    at afterWriteDispatched (node:internal/stream_base_commons:159:15)
    at writeGeneric (node:internal/stream_base_commons:150:3)
    at Socket._writeGeneric (node:net:1025:11)
    at Socket._write (node:net:1037:8)
    at writeOrBuffer (node:internal/streams/writable:570:12)
    at _write (node:internal/streams/writable:499:10)
    at Writable.write (node:internal/streams/writable:508:10)
    at Console.log (/usr/local/google/home/agektmr/Development/webauthndemo/node_modules/firebase-tools/node_modules/winston/lib/winston/transports/console.js:79:23)
    at Console._write (/usr/local/google/home/agektmr/Development/webauthndemo/node_modules/firebase-tools/node_modules/winston-transport/index.js:103:17)
    at doWrite (/usr/local/google/home/agektmr/Development/webauthndemo/node_modules/firebase-tools/node_modules/winston-transport/node_modules/readable-stream/lib/_stream_writable.js:428:64)
[error] 
[error] Error: An unexpected error has occurred.
[debug] [2026-06-04T03:43:53.759Z] Error: write EIO
    at afterWriteDispatched (node:internal/stream_base_commons:159:15)
    at writeGeneric (node:internal/stream_base_commons:150:3)
    at Socket._writeGeneric (node:net:1025:11)
    at Socket._write (node:net:1037:8)
    at writeOrBuffer (node:internal/streams/writable:570:12)
    at _write (node:internal/streams/writable:499:10)
    at Writable.write (node:internal/streams/writable:508:10)
    at Console.log (/usr/local/google/home/agektmr/Development/webauthndemo/node_modules/firebase-tools/node_modules/winston/lib/winston/transports/console.js:79:23)
    at Console._write (/usr/local/google/home/agektmr/Development/webauthndemo/node_modules/firebase-tools/node_modules/winston-transport/index.js:103:17)
    at doWrite (/usr/local/google/home/agektmr/Development/webauthndemo/node_modules/firebase-tools/node_modules/winston-transport/node_modules/readable-stream/lib/_stream_writable.js:428:64)
[error] 
[error] Error: An unexpected error has occurred.
[debug] [2026-06-04T03:43:53.759Z] Error: write EIO
    at afterWriteDispatched (node:internal/stream_base_commons:159:15)
    at writeGeneric (node:internal/stream_base_commons:150:3)
    at Socket._writeGeneric (node:net:1025:11)
    at Socket._write (node:net:1037:8)
    at writeOrBuffer (node:internal/streams/writable:570:12)
    at _write (node:internal/streams/writable:499:10)
    at Writable.write (node:internal/streams/writable:508:10)
    at Console.log (/usr/local/google/home/agektmr/Development/webauthndemo/node_modules/firebase-tools/node_modules/winston/lib/winston/transports/console.js:79:23)
    at Console._write (/usr/local/google/home/agektmr/Development/webauthndemo/node_modules/firebase-tools/node_modules/winston-transport/index.js:103:17)
    at doWrite (/usr/local/google/home/agektmr/Development/webauthndemo/node_modules/firebase-tools/node_modules/winston-transport/node_modules/readable-stream/lib/_stream_writable.js:428:64)
[error] 
[error] Error: An unexpected error has occurred.
[debug] [2026-06-04T03:43:53.759Z] Error: write EIO
    at afterWriteDispatched (node:internal/stream_base_commons:159:15)
    at writeGeneric (node:internal/stream_base_commons:150:3)
    at Socket._writeGeneric (node:net:1025:11)
    at Socket._write (node:net:1037:8)
    at writeOrBuffer (node:internal/streams/writable:570:12)
    at _write (node:internal/streams/writable:499:10)
    at Writable.write (node:internal/streams/writable:508:10)
    at Console.log (/usr/local/google/home/agektmr/Development/webauthndemo/node_modules/firebase-tools/node_modules/winston/lib/winston/transports/console.js:79:23)
    at Console._write (/usr/local/google/home/agektmr/Development/webauthndemo/node_modules/firebase-tools/node_modules/winston-transport/index.js:103:17)
    at doWrite (/usr/local/google/home/agektmr/Development/webauthndemo/node_modules/firebase-tools/node_modules/winston-transport/node_modules/readable-stream/lib/_stream_writable.js:428:64)
[error] 
[error] Error: An unexpected error has occurred.
[debug] [2026-06-04T03:43:53.760Z] Error: write EIO
    at afterWriteDispatched (node:internal/stream_base_commons:159:15)
    at writeGeneric (node:internal/stream_base_commons:150:3)
    at Socket._writeGeneric (node:net:1025:11)
    at Socket._write (node:net:1037:8)
    at writeOrBuffer (node:internal/streams/writable:570:12)
    at _write (node:internal/streams/writable:499:10)
    at Writable.write (node:internal/streams/writable:508:10)
    at Console.log (/usr/local/google/home/agektmr/Development/webauthndemo/node_modules/firebase-tools/node_modules/winston/lib/winston/transports/console.js:79:23)
    at Console._write (/usr/local/google/home/agektmr/Development/webauthndemo/node_modules/firebase-tools/node_modules/winston-transport/index.js:103:17)
    at doWrite (/usr/local/google/home/agektmr/Development/webauthndemo/node_modules/firebase-tools/node_modules/winston-transport/node_modules/readable-stream/lib/_stream_writable.js:428:64)
[error] 
[error] Error: An unexpected error has occurred.
[debug] [2026-06-04T03:43:53.760Z] Error: write EIO
    at afterWriteDispatched (node:internal/stream_base_commons:159:15)
    at writeGeneric (node:internal/stream_base_commons:150:3)
    at Socket._writeGeneric (node:net:1025:11)
    at Socket._write (node:net:1037:8)
    at writeOrBuffer (node:internal/streams/writable:570:12)
    at _write (node:internal/streams/writable:499:10)
    at Writable.write (node:internal/streams/writable:508:10)
    at Console.log (/usr/local/google/home/agektmr/Development/webauthndemo/node_modules/firebase-tools/node_modules/winston/lib/winston/transports/console.js:79:23)
    at Console._write (/usr/local/google/home/agektmr/Development/webauthndemo/node_modules/firebase-tools/node_modules/winston-transport/index.js:103:17)
    at doWrite (/usr/local/google/home/agektmr/Development/webauthndemo/node_modules/firebase-tools/node_modules/winston-transport/node_modules/readable-stream/lib/_stream_writable.js:428:64)
[error] 
[error] Error: An unexpected error has occurred.
[debug] [2026-06-04T03:43:53.760Z] Error: write EIO
    at afterWriteDispatched (node:internal/stream_base_commons:159:15)
    at writeGeneric (node:internal/stream_base_commons:150:3)
    at Socket._writeGeneric (node:net:1025:11)
    at Socket._write (node:net:1037:8)
    at writeOrBuffer (node:internal/streams/writable:570:12)
    at _write (node:internal/streams/writable:499:10)
    at Writable.write (node:internal/streams/writable:508:10)
    at Console.log (/usr/local/google/home/agektmr/Development/webauthndemo/node_modules/firebase-tools/node_modules/winston/lib/winston/transports/console.js:79:23)
    at Console._write (/usr/local/google/home/agektmr/Development/webauthndemo/node_modules/firebase-tools/node_modules/winston-transport/index.js:103:17)
    at doWrite (/usr/local/google/home/agektmr/Development/webauthndemo/node_modules/firebase-tools/node_modules/winston-transport/node_modules/readable-stream/lib/_stream_writable.js:428:64)
[error] 
[error] Error: An unexpected error has occurred.
[debug] [2026-06-04T03:43:53.761Z] Error: write EIO
    at afterWriteDispatched (node:internal/stream_base_commons:159:15)
    at writeGeneric (node:internal/stream_base_commons:150:3)
    at Socket._writeGeneric (node:net:1025:11)
    at Socket._write (node:net:1037:8)
    at writeOrBuffer (node:internal/streams/writable:570:12)
    at _write (node:internal/streams/writable:499:10)
    at Writable.write (node:internal/streams/writable:508:10)
    at Console.log (/usr/local/google/home/agektmr/Development/webauthndemo/node_modules/firebase-tools/node_modules/winston/lib/winston/transports/console.js:79:23)
    at Console._write (/usr/local/google/home/agektmr/Development/webauthndemo/node_modules/firebase-tools/node_modules/winston-transport/index.js:103:17)
    at doWrite (/usr/local/google/home/agektmr/Development/webauthndemo/node_modules/firebase-tools/node_modules/winston-transport/node_modules/readable-stream/lib/_stream_writable.js:428:64)
[error] 
[error] Error: An unexpected error has occurred.
[debug] [2026-06-04T03:43:53.761Z] Error: write EIO
    at afterWriteDispatched (node:internal/stream_base_commons:159:15)
    at writeGeneric (node:internal/stream_base_commons:150:3)
    at Socket._writeGeneric (node:net:1025:11)
    at Socket._write (node:net:1037:8)
    at writeOrBuffer (node:internal/streams/writable:570:12)
    at _write (node:internal/streams/writable:499:10)
    at Writable.write (node:internal/streams/writable:508:10)
    at Console.log (/usr/local/google/home/agektmr/Development/webauthndemo/node_modules/firebase-tools/node_modules/winston/lib/winston/transports/console.js:79:23)
    at Console._write (/usr/local/google/home/agektmr/Development/webauthndemo/node_modules/firebase-tools/node_modules/winston-transport/index.js:103:17)
    at doWrite (/usr/local/google/home/agektmr/Development/webauthndemo/node_modules/firebase-tools/node_modules/winston-transport/node_modules/readable-stream/lib/_stream_writable.js:428:64)
[error] 
[error] Error: An unexpected error has occurred.
[debug] [2026-06-04T03:43:53.761Z] Error: write EIO
    at afterWriteDispatched (node:internal/stream_base_commons:159:15)
    at writeGeneric (node:internal/stream_base_commons:150:3)
    at Socket._writeGeneric (node:net:1025:11)
    at Socket._write (node:net:1037:8)
    at writeOrBuffer (node:internal/streams/writable:570:12)
    at _write (node:internal/streams/writable:499:10)
    at Writable.write (node:internal/streams/writable:508:10)
    at Console.log (/usr/local/google/home/agektmr/Development/webauthndemo/node_modules/firebase-tools/node_modules/winston/lib/winston/transports/console.js:79:23)
    at Console._write (/usr/local/google/home/agektmr/Development/webauthndemo/node_modules/firebase-tools/node_modules/winston-transport/index.js:103:17)
    at doWrite (/usr/local/google/home/agektmr/Development/webauthndemo/node_modules/firebase-tools/node_modules/winston-transport/node_modules/readable-stream/lib/_stream_writable.js:428:64)
[error] 
[error] Error: An unexpected error has occurred.
